rank	sample	Weighted UniFrac error	Unweighted UniFrac error	L1 norm error	Completeness (recall)	Purity (precision)	F1 score	True positives	False positives	False negatives	Taxon counts	Jaccard index	Shannon diversity	Shannon equitability	Bray-Curtis distance
superkingdom	CAMI_HIGH_S002	8.398653674821642	13340.723756132227	0.010360984060984046	1.0	0.5	0.6666666666666666	2.0	2.0	0.0	4.0	0.5	0.0779537690970584	0.05623175804746474	0.005180492030492023
phylum	CAMI_HIGH_S002	8.398653674821642	13340.723756132227	0.2020764592053537	0.9166666666666666	0.55	0.6874999999999999	11.0	9.0	1.0	20.0	0.5238095238095238	1.1529146856294343	0.3848523767651882	0.10103822960267686
class	CAMI_HIGH_S002	8.398653674821642	13340.723756132227	0.33783428191624393	1.0	0.5384615384615384	0.7000000000000001	21.0	18.0	0.0	39.0	0.5384615384615384	1.9748206584102335	0.5390439275115035	0.168917140958122
order	CAMI_HIGH_S002	8.398653674821642	13340.723756132227	0.8731265133569248	1.0	0.40816326530612246	0.5797101449275363	40.0	58.0	0.0	98.0	0.40816326530612246	2.976619557254121	0.6492127961869868	0.4365632566784625
family	CAMI_HIGH_S002	8.398653674821642	13340.723756132227	0.6471657411767506	0.8977272727272727	0.42245989304812837	0.5745454545454545	79.0	108.0	9.0	187.0	0.4030612244897959	3.7465689157454	0.7162093525785312	0.32358287058837526
genus	CAMI_HIGH_S002	8.398653674821642	13340.723756132227	1.0296977497559385	0.5824742268041238	0.23940677966101695	0.3393393393393393	113.0	359.0	81.0	472.0	0.20433996383363473	4.653762942770415	0.7558516853258063	0.5148488748779689
species	CAMI_HIGH_S002	8.398653674821642	13340.723756132227	1.9675576776164083	0.06584362139917696	0.010936431989063569	0.018757327080890975	16.0	1447.0	227.0	1463.0	0.009467455621301775	6.1147909419101945	0.8389936732986502	0.9837788388081881
strain	CAMI_HIGH_S002	8.398653674821642	13340.723756132227	na	0.0	0.0	na	0.0	0.0	1074.0	0.0	0.0	na	na	na
