rank	sample	Weighted UniFrac error	Unweighted UniFrac error	L1 norm error	Completeness (recall)	Purity (precision)	F1 score	True positives	False positives	False negatives	Taxon counts	Jaccard index	Shannon diversity	Shannon equitability	Bray-Curtis distance
superkingdom	CAMI_HIGH_S002	7.62869671030576	7933.448376922168	0.007019015939015951	1.0	0.5	0.6666666666666666	2.0	2.0	0.0	4.0	0.5	0.038197926099279814	0.027553979277837048	0.0035095079695079755
phylum	CAMI_HIGH_S002	7.62869671030576	7933.448376922168	0.05968386500241762	0.9166666666666666	0.7333333333333333	0.8148148148148148	11.0	4.0	1.0	15.0	0.6875	1.2270310690915092	0.4531049936194286	0.02984193250120881
class	CAMI_HIGH_S002	7.62869671030576	7933.448376922168	0.13931803550553487	0.9523809523809523	0.7692307692307693	0.8510638297872339	20.0	6.0	1.0	26.0	0.7407407407407407	2.1331294458782706	0.6547164643481187	0.06965901775276742
order	CAMI_HIGH_S002	7.62869671030576	7933.448376922168	0.6425388693441043	0.925	0.6607142857142857	0.7708333333333333	37.0	19.0	3.0	56.0	0.6271186440677966	3.0047871910747106	0.7464657555240711	0.32126943467205216
family	CAMI_HIGH_S002	7.62869671030576	7933.448376922168	0.2688588503957736	0.9204545454545454	0.7363636363636363	0.8181818181818181	81.0	29.0	7.0	110.0	0.6923076923076923	3.7479321875104117	0.797350886685084	0.1344294251978868
genus	CAMI_HIGH_S002	7.62869671030576	7933.448376922168	0.4125679185544194	0.8969072164948454	0.7372881355932204	0.8093023255813954	174.0	62.0	20.0	236.0	0.6796875	4.482031986333315	0.8203092895741703	0.2062839592772098
species	CAMI_HIGH_S002	7.62869671030576	7933.448376922168	1.787645432931462	0.6255144032921811	0.2363919129082426	0.3431151241534989	152.0	491.0	91.0	643.0	0.20708446866485014	5.706055698101409	0.8824509721709287	0.8938227164657321
strain	CAMI_HIGH_S002	7.62869671030576	7933.448376922168	na	0.0	0.0	na	0.0	0.0	1074.0	0.0	0.0	na	na	na
