rank	sample	Weighted UniFrac error	Unweighted UniFrac error	L1 norm error	Completeness (recall)	Purity (precision)	F1 score	True positives	False positives	False negatives	Taxon counts	Jaccard index	Shannon diversity	Shannon equitability	Bray-Curtis distance
superkingdom	CAMI_HIGH_S002	8.646580254726667	8563.013329028005	0.028469184475374703	1.0	0.5	0.6666666666666666	2.0	2.0	0.0	4.0	0.5	0.1015363008766814	0.07324295887249899	0.014234592237687351
phylum	CAMI_HIGH_S002	8.646580254726667	8563.013329028005	0.10770895361257202	0.8333333333333334	0.9090909090909091	0.8695652173913043	10.0	1.0	2.0	11.0	0.7692307692307693	1.1752617875768958	0.4901222338227274	0.05385447680628601
class	CAMI_HIGH_S002	8.646580254726667	8563.013329028005	0.2049291806312765	0.9047619047619048	0.7916666666666666	0.8444444444444444	19.0	5.0	2.0	24.0	0.7307692307692307	2.104937249963524	0.6623353040351325	0.10246459031563825
order	CAMI_HIGH_S002	8.646580254726667	8563.013329028005	0.7323991424393291	0.9	0.6792452830188679	0.7741935483870968	36.0	17.0	4.0	53.0	0.631578947368421	2.9333058178141305	0.73881363931998	0.3661995712196647
family	CAMI_HIGH_S002	8.646580254726667	8563.013329028005	0.35482377452385555	0.8977272727272727	0.8229166666666666	0.8586956521739129	79.0	17.0	9.0	96.0	0.7523809523809524	3.6560081541971066	0.8009923872660076	0.17741188726192775
genus	CAMI_HIGH_S002	8.646580254726667	8563.013329028005	0.49778619745214525	0.8556701030927835	0.8383838383838383	0.8469387755102041	166.0	32.0	28.0	198.0	0.7345132743362832	4.398312453988543	0.8317114904484864	0.2488930987260725
species	CAMI_HIGH_S002	8.646580254726667	8563.013329028005	1.7658272412259288	0.6378600823045267	0.1952141057934509	0.29893924783027964	155.0	639.0	88.0	794.0	0.17573696145124718	6.155116446616064	0.9218270944701386	0.8829136206129649
strain	CAMI_HIGH_S002	8.646580254726667	8563.013329028005	1.9328062015813927	0.05493482309124767	0.0743073047858942	0.06316916488222697	59.0	735.0	1015.0	794.0	0.0326147042564953	6.155116446616074	0.9218270944701402	0.9664031007906975
