rank	sample	Weighted UniFrac error	Unweighted UniFrac error	L1 norm error	Completeness (recall)	Purity (precision)	F1 score	True positives	False positives	False negatives	Taxon counts	Jaccard index	Shannon diversity	Shannon equitability	Bray-Curtis distance
superkingdom	CAMI_HIGH_S005	7.603642785871928	8043.335277566713	0.013359761566243744	1.0	0.6666666666666666	0.8	2.0	1.0	0.0	3.0	0.6666666666666666	0.05612268067609456	0.05108506545483326	0.006679880783121872
phylum	CAMI_HIGH_S005	7.603642785871928	8043.335277566713	0.0572983919393729	0.9166666666666666	0.7333333333333333	0.8148148148148148	11.0	4.0	1.0	15.0	0.6875	1.2457387766731445	0.4600131770696545	0.028649195969686438
class	CAMI_HIGH_S005	7.603642785871928	8043.335277566713	0.12710874337542832	0.9523809523809523	0.8	0.8695652173913043	20.0	5.0	1.0	25.0	0.7692307692307693	2.0768491293763542	0.645209458945622	0.06355437168771416
order	CAMI_HIGH_S005	7.603642785871928	8043.335277566713	0.6469593736233403	0.95	0.6551724137931034	0.7755102040816326	38.0	20.0	2.0	58.0	0.6333333333333333	3.032694856517551	0.7468876791622393	0.3234796868116702
family	CAMI_HIGH_S005	7.603642785871928	8043.335277566713	0.2602929825933742	0.9318181818181818	0.7321428571428571	0.82	82.0	30.0	6.0	112.0	0.6949152542372882	3.7134946627362035	0.787007640359349	0.13014649129668704
genus	CAMI_HIGH_S005	7.603642785871928	8043.335277566713	0.3930381962249575	0.9020618556701031	0.7352941176470589	0.8101851851851853	175.0	63.0	19.0	238.0	0.6809338521400778	4.475794779507608	0.8179044945714815	0.19651909811247853
species	CAMI_HIGH_S005	7.603642785871928	8043.335277566713	1.7875449654563962	0.6255144032921811	0.2275449101796407	0.3336992316136114	152.0	516.0	91.0	668.0	0.2002635046113307	5.851505541266534	0.8996381133717255	0.8937724827281978
strain	CAMI_HIGH_S005	7.603642785871928	8043.335277566713	na	0.0	0.0	na	0.0	0.0	1074.0	0.0	0.0	na	na	na
