rank	sample	Weighted UniFrac error	Unweighted UniFrac error	L1 norm error	Completeness (recall)	Purity (precision)	F1 score	True positives	False positives	False negatives	Taxon counts	Jaccard index	Shannon diversity	Shannon equitability	Bray-Curtis distance
superkingdom	CAMI_MED_S002	8.010185522104294	2115.299151349575	0.6620553721244846	0.6666666666666666	1.0	0.8	2.0	0.0	1.0	2.0	0.6666666666666666	0.11692701060584171	0.16869001834701908	0.3310276860622423
phylum	CAMI_MED_S002	8.010185522104294	2115.299151349575	0.2327706586899088	1.0	1.0	1.0	6.0	0.0	0.0	6.0	1.0	1.315336117812139	0.7341030648376181	0.1163853293449544
class	CAMI_MED_S002	8.010185522104294	2115.299151349575	0.27392300543981374	1.0	0.9375	0.967741935483871	15.0	1.0	0.0	16.0	0.9375	1.9780778979445581	0.7134407934641698	0.1369615027199069
order	CAMI_MED_S002	8.010185522104294	2115.299151349575	0.7912844612645471	0.8275862068965517	0.8275862068965517	0.8275862068965517	24.0	5.0	5.0	29.0	0.7058823529411765	2.751657654089062	0.8171713425309931	0.3956422306322733
family	CAMI_MED_S002	8.010185522104294	2115.299151349575	0.34519502584629697	0.7735849056603774	0.9534883720930233	0.8541666666666667	41.0	2.0	12.0	43.0	0.7454545454545455	3.045965611550568	0.8098387530196315	0.17259751292314846
genus	CAMI_MED_S002	8.010185522104294	2115.299151349575	0.44340563551961965	0.7464788732394366	0.7910447761194029	0.7681159420289855	53.0	14.0	18.0	67.0	0.6235294117647059	3.3960500834173626	0.8076809390906838	0.2217028177598098
species	CAMI_MED_S002	8.010185522104294	2115.299151349575	1.5679446763399583	0.5	0.4186046511627907	0.45569620253164556	36.0	50.0	36.0	86.0	0.29508196721311475	3.4446864108432838	0.7733313506426776	0.7839723381699786
strain	CAMI_MED_S002	8.010185522104294	2115.299151349575	na	0.0	0.0	na	0.0	0.0	232.0	0.0	0.0	na	na	na
