rank	sample	Weighted UniFrac error	Unweighted UniFrac error	L1 norm error	Completeness (recall)	Purity (precision)	F1 score	True positives	False positives	False negatives	Taxon counts	Jaccard index	Shannon diversity	Shannon equitability	Bray-Curtis distance
superkingdom	CAMI_MED_S002	8.914008821457108	2187.5497783341834	0.645715870228302	0.6666666666666666	0.6666666666666666	0.6666666666666666	2.0	1.0	1.0	3.0	0.5	0.19092150127038926	0.17378423966279385	0.322857935114151
phylum	CAMI_MED_S002	8.914008821457108	2187.5497783341834	0.1070824125540709	1.0	0.75	0.8571428571428571	6.0	2.0	0.0	8.0	0.75	1.37621417123869	0.6618191200157243	0.05354120627703545
class	CAMI_MED_S002	8.914008821457108	2187.5497783341834	0.3184934721009198	0.8666666666666667	0.9285714285714286	0.896551724137931	13.0	1.0	2.0	14.0	0.8125	1.8784557130077895	0.7117904154365774	0.15924673605045986
order	CAMI_MED_S002	8.914008821457108	2187.5497783341834	0.9552028060142044	0.8275862068965517	0.6666666666666666	0.7384615384615385	24.0	12.0	5.0	36.0	0.5853658536585366	2.788877566977164	0.7782511031401715	0.4776014030071019
family	CAMI_MED_S002	8.914008821457108	2187.5497783341834	0.5972743883740792	0.7547169811320755	0.7142857142857143	0.7339449541284405	40.0	16.0	13.0	56.0	0.5797101449275363	3.1528406882899347	0.7832460193593995	0.29863719418703943
genus	CAMI_MED_S002	8.914008821457108	2187.5497783341834	0.7320403710956601	0.5915492957746479	0.4666666666666667	0.5217391304347827	42.0	48.0	29.0	90.0	0.35294117647058826	3.396890190392589	0.754896415461784	0.36602018554783006
species	CAMI_MED_S002	8.914008821457108	2187.5497783341834	1.7470069389184872	0.2638888888888889	0.2289156626506024	0.2451612903225806	19.0	64.0	53.0	83.0	0.13970588235294118	3.3276254233275147	0.7530539611354742	0.8735034694592428
strain	CAMI_MED_S002	8.914008821457108	2187.5497783341834	na	0.0	0.0	na	0.0	0.0	232.0	0.0	0.0	na	na	na
