rank	sample	Weighted UniFrac error	Unweighted UniFrac error	L1 norm error	Completeness (recall)	Purity (precision)	F1 score	True positives	False positives	False negatives	Taxon counts	Jaccard index	Shannon diversity	Shannon equitability	Bray-Curtis distance
superkingdom	CAMI_MED_S002	8.967396737465215	2316.774191363783	0.6635099310557799	0.6666666666666666	1.0	0.8	2.0	0.0	1.0	2.0	0.6666666666666666	0.11425179001965118	0.16483049087403792	0.33175496552788997
phylum	CAMI_MED_S002	8.967396737465215	2316.774191363783	0.23150069194557163	1.0	1.0	1.0	6.0	0.0	0.0	6.0	1.0	1.3151535759589528	0.7340011862895645	0.11575034597278579
class	CAMI_MED_S002	8.967396737465215	2316.774191363783	0.27125201955277684	1.0	0.9375	0.967741935483871	15.0	1.0	0.0	16.0	0.9375	1.967586246908295	0.7096567302339812	0.1356260097763884
order	CAMI_MED_S002	8.967396737465215	2316.774191363783	0.786406966923388	0.8275862068965517	0.8275862068965517	0.8275862068965517	24.0	5.0	5.0	29.0	0.7058823529411765	2.7397663693689824	0.8136399377122703	0.39320348346169387
family	CAMI_MED_S002	8.967396737465215	2316.774191363783	0.3454184939662042	0.7735849056603774	0.9534883720930233	0.8541666666666667	41.0	2.0	12.0	43.0	0.7454545454545455	3.0286785190670833	0.805242589042247	0.172709246983102
genus	CAMI_MED_S002	8.967396737465215	2316.774191363783	0.43188211452387926	0.704225352112676	0.819672131147541	0.7575757575757576	50.0	11.0	21.0	61.0	0.6097560975609756	3.3181161414060596	0.8071559116235074	0.2159410572619396
species	CAMI_MED_S002	8.967396737465215	2316.774191363783	1.5466607148550844	0.5	0.4931506849315068	0.496551724137931	36.0	37.0	36.0	73.0	0.3302752293577982	3.4620782580470855	0.8069248306704468	0.7733303574275421
strain	CAMI_MED_S002	8.967396737465215	2316.774191363783	1.901653213225706	0.04741379310344827	0.1506849315068493	0.0721311475409836	11.0	62.0	221.0	73.0	0.03741496598639456	3.4620782580470846	0.8069248306704466	0.9508266066128529
