Purity (precision)	Completeness (recall)	F1 score	Jaccard index	L1 norm error	Weighted UniFrac error	Method
Metalign	0.7349595567055389	0.8530737985679113	0.7674643174297434	0.6569706649897867	0.5731017392945756	8.810482615358927	Metalign
Bracken+Kraken2	0.34402712704254296	0.79305188505225	0.465907112090729	0.3357283831979602	0.7974632490940112	8.959081634449495	Bracken+Kraken2
CLARK	0.5778240860886454	0.6264196925806308	0.5757590223391387	0.4474334399617609	0.8040375100824205	9.015409806485344	CLARK
GOTTCHA	0.7391557835479445	0.44618910320965494	0.5446971868548456	0.4158988337629802	1.2900551560334572	11.528175241966402	GOTTCHA
MEGAN+DIAMOND	0.852191179989503	0.780898267560262	0.8070870046847665	0.7046693224192714	0.6123423225470418	10.243573876302934	MEGAN+DIAMOND
MetaPhlAn2	0.8640896670981938	0.5253286009410542	0.6363000781812295	0.5181745402010508	1.0633319269255685	10.148380803152609	MetaPhlAn2
mOTUs2	0.8326379000315403	0.8181404421704558	0.8198988799715081	0.7207963663795445	0.5505667984404085	8.18469567594386	mOTUs2
