Purity (precision)	Completeness (recall)	F1 score	Jaccard index	L1 norm error	Weighted UniFrac error	Method
Metalign	0.7610736864112387	0.6650648703451468	0.6897904529098369	0.5493454509770845	0.5853233533618912	8.923942241389994	Metalign
Bracken+Kraken2	0.5664029105433733	0.5888137435401436	0.5575849454148516	0.42317938258084087	0.7942543414338715	8.976922693601244	Bracken+Kraken2
CLARK	0.7963911766145557	0.45660389656832295	0.559299339638496	0.4361753688730828	0.8148554860324227	9.149108653609641	CLARK
GOTTCHA	0.7885973786667212	0.36154941638618476	0.47186995407861515	0.3510242283541492	1.2931229376302376	11.557159641693548	GOTTCHA
MEGAN+DIAMOND	0.857582687944583	0.697673215620172	0.7612414177076249	0.6379184163116036	0.6149005048046421	10.26076367679694	MEGAN+DIAMOND
MetaPhlAn2	0.8755269510295468	0.4645752879898424	0.5829480536307454	0.4603340836865574	1.0657648583553312	10.16704084889452	MetaPhlAn2
mOTUs2	0.8545296054173657	0.7216597083894657	0.7764335906638291	0.656042288160104	0.5551833458667306	8.228740636765444	mOTUs2
