Purity (precision)	Completeness (recall)	F1 score	Jaccard index	L1 norm error	Weighted UniFrac error	Method
Metalign	0.681622761329961	0.8784835456423787	0.7407817593397514	0.6345461429143929	0.5731368049995226	8.810561919165558	Metalign
Bracken+Kraken2	0.21099175849516763	0.816652907771713	0.3163878233061308	0.21021196843909745	0.7996522964568188	8.934372174868283	Bracken+Kraken2
CLARK	0.17760488468084637	0.8203521251825024	0.2693542148582411	0.177115401826604	0.8072355507558652	9.018480943132415	CLARK
GOTTCHA	0.7391557835479445	0.44618910320965494	0.5446971868548456	0.4158988337629802	1.2900551560334572	11.528175241966405	GOTTCHA
MEGAN+DIAMOND	0.8477268942752173	0.780898267560262	0.8036856441405488	0.7002050367049857	0.6123423225799604	10.24402366167408	MEGAN+DIAMOND
MetaBinG2	0.7312113481756338	0.22927950484201148	0.3219545306486455	0.22306231442327165	1.1377787638281132	11.742663678584728	MetaBinG2
MetaPhlAn2	0.8610246760890442	0.5496800573646283	0.6564736455570783	0.5400349231261921	1.0631608301694147	10.14713628354161	MetaPhlAn2
mOTUs2	0.825757484255497	0.825637567389846	0.8201128664985274	0.7220666109803126	0.5505361469770739	8.184031377512499	mOTUs2
