Purity (precision)	Completeness (recall)	F1 score	Jaccard index	L1 norm error	Weighted UniFrac error	Method
Metalign	0.7867994350805143	0.8792211620926244	0.824814631487196	0.703467230191368	0.40305421282697773	8.81056191916556	Metalign
Bracken_custom	0.2817997133889389	0.964515437392796	0.428172311814695	0.2780704677183394	0.3572131513792125	7.789776918126823	Bracken_custom
Bracken_original	0.17920290702501923	0.9434364279588336	0.296386044141065	0.17762353447639712	0.7492399900683697	8.934372174868246	Bracken_original
