Purity (precision)	Completeness (recall)	F1 score	Jaccard index	L1 norm error	Weighted UniFrac error	Method
Metalign	0.8414604879556656	0.8716632718696398	0.851316889590381	0.7421324694195631	0.4029868665951204	8.810482615358932	Metalign
Bracken_custom	0.6798414839475383	0.920307139794168	0.7724259694287572	0.6399283395568622	0.35508219158811555	7.789630821128787	Bracken_custom
Bracken_original	0.3462308367925162	0.8899951758147513	0.4856065933830036	0.33175236804513214	0.7457458698388593	8.95908163444948	Bracken_original
