Purity (precision)	Completeness (recall)	F1 score	Jaccard index	L1 norm error	Weighted UniFrac error	Method
Metalign	0.1217308998083557	0.6638318572195384	0.20492279506271904	0.11465617296644176	1.7002558915498371	8.81056191916556	Metalign
Bracken_custom	0.04871549887049878	0.6970108695652173	0.09033755938403244	0.04746592531077795	1.7171402003366907	7.789776918126823	Bracken_custom
Bracken_original	0.003994306296544616	0.13580806047593488	0.00766712453886293	0.0038505979076428045	1.9212352589137163	8.934372174868246	Bracken_original
