Purity (precision)	Completeness (recall)	F1 score	Jaccard index	L1 norm error	Weighted UniFrac error	Method
Metalign	0.24080039624158653	0.6414860663803901	0.3434174915170104	0.20910242457429107	1.7003600238422565	8.810482615358932	Metalign
Bracken_custom	0.21931548293361433	0.6568874127750939	0.3267877903422463	0.19635723497690943	1.7170893563512968	7.789630821128787	Bracken_custom
Bracken_original	0.013259897781671404	0.13233583825371267	0.02359408504998227	0.011978057562993144	1.9210025888003137	8.95908163444948	Bracken_original
