Purity (precision)	Completeness (recall)	F1 score	Jaccard index	L1 norm error	Weighted UniFrac error	Method
Metalign	0.7349595567055389	0.8530737985679113	0.7674643174297434	0.6569706649897867	0.5731017392945758	8.810482615358932	Metalign
Bracken_custom	0.6092680480192214	0.8945851086186796	0.7122261933497265	0.5801648166844801	0.5442803681550173	7.789630821128787	Bracken_custom
Bracken_original	0.34402712704254296	0.79305188505225	0.465907112090729	0.3357283831979602	0.7974632490940115	8.95908163444948	Bracken_original
