Purity (precision)	Completeness (recall)	F1 score	Jaccard index	L1 norm error	Weighted UniFrac error	Method
Metalign	0.7289229192443949	0.8416920218593661	0.7791299855047557	0.6395967913921745	0.5361927302736008	8.81056191916556	Metalign
Bracken_custom	0.22614114423758486	0.9695894438797735	0.35722124752624335	0.2238357809870456	0.5042812277000206	7.789776918126823	Bracken_custom
Bracken_original	0.07566763707030658	0.6548751270509656	0.13304164875137425	0.0722160737956379	1.0999436640728377	8.934372174868246	Bracken_original
