Purity (precision)	Completeness (recall)	F1 score	Jaccard index	L1 norm error	Weighted UniFrac error	Method
Metalign	0.681622761329961	0.8784835456423787	0.7407817593397514	0.6345461429143929	0.5731368049995226	8.81056191916556	Metalign
Bracken_custom	0.2684184968973821	0.9460707230260879	0.39938366407884096	0.26729426877880474	0.5458326174957774	7.789776918126823	Bracken_custom
Bracken_original	0.21099175849516763	0.816652907771713	0.3163878233061308	0.21021196843909745	0.7996522964568171	8.934372174868246	Bracken_original
