Purity (precision)	Completeness (recall)	F1 score	Jaccard index	L1 norm error	Weighted UniFrac error	Method
Metalign	0.7867994350805143	0.8792211620926244	0.824814631487196	0.703467230191368	0.4030542128269778	8.810561919165558	Metalign
Bracken+Kraken2	0.17920290702501923	0.9434364279588336	0.296386044141065	0.17762353447639712	0.7492399900683696	8.934372174868283	Bracken+Kraken2
CLARK	0.13843159367649457	0.9505387006861064	0.23859810610527163	0.13770053707690683	0.7706407945769091	9.018480943132415	CLARK
GOTTCHA	0.809878365681937	0.4255065394511149	0.5574876243534969	0.388500548245614	1.596244723645693	11.528175241966405	GOTTCHA
MEGAN+DIAMOND	0.8786438714095274	0.8120309819897085	0.8411368934254847	0.7270560948844064	0.42704549270010667	10.24402366167408	MEGAN+DIAMOND
MetaBinG2	0.8490079365079365	0.12654105917667238	0.20004229992159478	0.11943616880414633	1.493656165905282	11.742663678584728	MetaBinG2
MetaPhlAn2	0.9758883135831465	0.5936427958833619	0.7338552953540946	0.5841657445238906	1.2409505869702284	10.14713628354161	MetaPhlAn2
mOTUs2	0.8678549214166085	0.8659010506003431	0.8659599088714345	0.7651781500965631	0.41323617872647295	8.184031377512499	mOTUs2
