Purity (precision)	Completeness (recall)	F1 score	Jaccard index	L1 norm error	Weighted UniFrac error	Method
Metalign	0.8414604879556656	0.8716632718696398	0.851316889590381	0.7421324694195631	0.40298686659512034	8.810482615358925	Metalign
Bracken+Kraken2	0.3462308367925162	0.8899951758147513	0.4856065933830036	0.33175236804513214	0.7457458698388593	8.95908163444949	Bracken+Kraken2
CLARK	0.5829791842449156	0.6995068610634647	0.6150548830291438	0.45231681034482757	0.7651454066891855	9.01540980648534	CLARK
GOTTCHA	0.809878365681937	0.4255065394511149	0.5574876243534969	0.388500548245614	1.596244723645693	11.528175241966405	GOTTCHA
MEGAN+DIAMOND	0.8786438714095274	0.8120309819897085	0.8411368934254847	0.7270560948844064	0.42704549270010667	10.243573876302932	MEGAN+DIAMOND
MetaBinG2	0.8490079365079365	0.12654105917667238	0.20004229992159478	0.11943616880414633	1.4936561659052818	11.742663678584726	MetaBinG2
MetaPhlAn2	0.9800451334379906	0.5350021440823327	0.6896056794091034	0.5289720708962282	1.2413097841658893	10.148380803152607	MetaPhlAn2
mOTUs2	0.8717832715312888	0.8489091981132075	0.8582783959348883	0.7527267310064341	0.4133265213275388	8.184695675943864	mOTUs2
