Purity (precision)	Completeness (recall)	F1 score	Jaccard index	L1 norm error	Weighted UniFrac error	Method
Metalign	0.8414604879556656	0.8716632718696398	0.851316889590381	0.7421324694195631	0.4029868665951204	8.810482615358927	Metalign
Bracken+Kraken2	0.3462308367925162	0.8899951758147513	0.4856065933830036	0.33175236804513214	0.7457458698388593	8.959081634449495	Bracken+Kraken2
CLARK	0.5829791842449156	0.6995068610634647	0.6150548830291438	0.45231681034482757	0.7651454066891855	9.015409806485344	CLARK
GOTTCHA	0.809878365681937	0.4255065394511149	0.5574876243534969	0.388500548245614	1.5962447236456931	11.528175241966402	GOTTCHA
MEGAN+DIAMOND	0.8786438714095274	0.8120309819897085	0.8411368934254847	0.7270560948844064	0.42704549270010667	10.243573876302934	MEGAN+DIAMOND
MetaPhlAn2	0.9800451334379906	0.5350021440823327	0.6896056794091034	0.5289720708962282	1.2413097841658896	10.148380803152609	MetaPhlAn2
mOTUs2	0.8717832715312888	0.8489091981132075	0.8582783959348883	0.7527267310064341	0.4133265213275388	8.18469567594386	mOTUs2
