Purity (precision)	Completeness (recall)	F1 score	Jaccard index	L1 norm error	Weighted UniFrac error	Method
Metalign	0.7289229192443949	0.8416920218593661	0.7791299855047557	0.6395967913921745	0.5361927302736009	8.810561919165558	Metalign
Bracken+Kraken2	0.07566763707030658	0.6548751270509656	0.13304164875137425	0.0722160737956379	1.0999436640728388	8.934372174868283	Bracken+Kraken2
CLARK	0.062137599712446506	0.6581066766107423	0.11149613841170576	0.05968725930165615	1.1065211245204918	9.018480943132415	CLARK
GOTTCHA	0.5927148489506844	0.23435870612616655	0.3345102374805862	0.20098012023656475	1.7296604222096759	11.528175241966405	GOTTCHA
MEGAN+DIAMOND	0.8771155065987284	0.7181069076124978	0.7870001394680733	0.6503437328202952	0.5450434002535456	10.24402366167408	MEGAN+DIAMOND
MetaBinG2	0.619462481962482	0.050232156764391404	0.0875160414133935	0.04607573831748586	1.704201511504933	11.742663678584728	MetaBinG2
MetaPhlAn2	0.731730584411453	0.33096364032366643	0.4533436675112822	0.29384114553591434	1.4536626569045632	10.14713628354161	MetaPhlAn2
mOTUs2	0.8157633890321836	0.8080928165054054	0.8112959582390462	0.6852544522848296	0.4693546721536755	8.184031377512499	mOTUs2
