Purity (precision)	Completeness (recall)	F1 score	Jaccard index	L1 norm error	Weighted UniFrac error	Method
Metalign	0.8166943059957378	0.8368822353049883	0.8250191883242182	0.7040409434017099	0.5358961973020226	8.810482615358927	Metalign
Bracken+Kraken2	0.1872046621849469	0.6072854653695368	0.275933635801199	0.1638168135506877	1.090120297154711	8.959081634449495	Bracken+Kraken2
CLARK	0.37792107359068405	0.5272351069868131	0.41905215653310873	0.2694836994758874	1.0892601826392834	9.015409806485344	CLARK
GOTTCHA	0.5927148489506844	0.23435870612616655	0.3345102374805862	0.20098012023656475	1.7296604222096763	11.528175241966402	GOTTCHA
MEGAN+DIAMOND	0.8771155065987284	0.7181069076124978	0.7870001394680733	0.6503437328202952	0.5450434002535457	10.243573876302934	MEGAN+DIAMOND
MetaPhlAn2	0.746331299730037	0.29093351109468435	0.41662546805110234	0.26371370692112567	1.4542609104116009	10.148380803152609	MetaPhlAn2
mOTUs2	0.8416441921037843	0.7912585635650831	0.815483188569468	0.6911343775039192	0.469403659223006	8.18469567594386	mOTUs2
