Purity (precision)	Completeness (recall)	F1 score	Jaccard index	L1 norm error	Weighted UniFrac error	Method
Metalign	0.8404765913314185	0.5855275750095701	0.6861540936142255	0.5240706146801292	0.566427506485957	8.923942241389994	Metalign
Bracken+Kraken2	0.49407445842233855	0.4257915110154837	0.43429230972472366	0.28241008205822915	1.069416315618991	8.976922693601244	Bracken+Kraken2
CLARK	0.7576386686613787	0.23697232598967752	0.3524997365115812	0.21572650477061503	1.1246371809622338	9.149108653609641	CLARK
GOTTCHA	0.6818253250825567	0.132635433029291	0.21921007750495633	0.12388742391243876	1.7377486969713207	11.557159641693548	GOTTCHA
MEGAN+DIAMOND	0.8781885978676109	0.6729840146785115	0.7601335073531019	0.6140338142560624	0.5507361637507842	10.26076367679694	MEGAN+DIAMOND
MetaPhlAn2	0.790525756749161	0.22934101799173673	0.3517299394196586	0.21430382916206836	1.4615249714941965	10.16704084889452	MetaPhlAn2
mOTUs2	0.8716585221961203	0.641863953166044	0.7384586383351436	0.5863817668978812	0.4864373240159082	8.228740636765444	mOTUs2
