Purity (precision)	Completeness (recall)	F1 score	Jaccard index	L1 norm error	Weighted UniFrac error	Method
Metalign	0.8166943059957378	0.8368822353049883	0.8250191883242182	0.7040409434017099	0.5358961973020225	8.810482615358925	Metalign
Bracken+Kraken2	0.1872046621849469	0.6072854653695368	0.275933635801199	0.1638168135506877	1.0901202971547113	8.95908163444949	Bracken+Kraken2
CLARK	0.37792107359068405	0.5272351069868131	0.41905215653310873	0.2694836994758874	1.0892601826392836	9.01540980648534	CLARK
GOTTCHA	0.5927148489506844	0.23435870612616655	0.3345102374805862	0.20098012023656475	1.729660422209676	11.528175241966405	GOTTCHA
MEGAN+DIAMOND	0.8771155065987284	0.7181069076124978	0.7870001394680733	0.6503437328202952	0.5450434002535456	10.243573876302932	MEGAN+DIAMOND
MetaBinG2	0.619462481962482	0.050232156764391404	0.0875160414133935	0.04607573831748586	1.7042015115049325	11.742663678584726	MetaBinG2
MetaPhlAn2	0.746331299730037	0.29093351109468435	0.41662546805110234	0.26371370692112567	1.4542609104116009	10.148380803152607	MetaPhlAn2
mOTUs2	0.8416441921037843	0.7912585635650831	0.815483188569468	0.6911343775039192	0.4694036592230061	8.184695675943864	mOTUs2
