Purity (precision)	Completeness (recall)	F1 score	Jaccard index	L1 norm error	Weighted UniFrac error	Method
Metalign	0.8103630551547218	0.6228070175438597	0.6072495902824641	0.4688268804194394	1.6718731352010419	11.341320077939798	Metalign
Bracken+Kraken2	0.7491438502765363	0.6052631578947367	0.5299064662036864	0.3968252709178299	1.6266204368151318	10.035647408611597	Bracken+Kraken2
CLARK	0.7457482789272912	0.5614035087719298	0.4485862027737924	0.3445109344004731	1.6636780596122354	10.606784124854295	CLARK
GOTTCHA	0.9699754901960785	0.6140350877192983	0.7125411203128594	0.593421052631579	1.2075122582869502	7.762655068316314	GOTTCHA
MEGAN+DIAMOND	0.9109477124183006	0.5614035087719298	0.6423377189506222	0.5081624515835041	1.6566865802016844	11.893141562668434	MEGAN+DIAMOND
MetaPhlAn2	0.9476522187822497	0.6228070175438597	0.6806509085456454	0.5812523733576365	1.610193616080459	10.282528054720002	MetaPhlAn2
mOTUs2	0.9233405483405482	0.4561403508771929	0.5730053996183028	0.4268796992481203	1.4823320997025935	10.146598754148842	mOTUs2
