Purity (precision)	Completeness (recall)	F1 score	Jaccard index	L1 norm error	Weighted UniFrac error	Method
Metalign	0.8610055230669267	0.631578947368421	0.6447746204591628	0.5196663187588778	1.655883419520076	11.341320077939798	Metalign
Bracken+Kraken2	0.8237037037037037	0.6491228070175438	0.5963756613756613	0.48530331457160725	1.620551578514022	10.035647408611597	Bracken+Kraken2
CLARK	0.8201146679407549	0.6140350877192983	0.5198349737264832	0.43642817899110814	1.6608861075271004	10.606784124854295	CLARK
GOTTCHA	1.0	0.6403508771929826	0.7405834483551875	0.6403508771929826	1.2028122581929412	7.762655068316314	GOTTCHA
MEGAN+DIAMOND	0.9814814814814815	0.6403508771929824	0.7200268450268451	0.625438596491228	1.611180160734645	11.893141562668434	MEGAN+DIAMOND
MetaPhlAn2	0.9595238095238096	0.6491228070175438	0.6993343693343693	0.6125541125541126	1.6078717670362768	10.282528054720002	MetaPhlAn2
mOTUs2	0.9761904761904763	0.49122807017543857	0.6150712191034771	0.47982456140350876	1.4799366032359504	10.146598754148842	mOTUs2
