Purity (precision)	Completeness (recall)	F1 score	Jaccard index	L1 norm error	Weighted UniFrac error	Method
Metalign	0.8302256358117887	0.6406056349665372	0.640233684593169	0.5120705569545355	1.3344071489341796	11.341320077939798	Metalign
Bracken+Kraken2	0.836932938232121	0.6642328014508466	0.6416900229671841	0.5203494160748531	1.2911108445467805	10.035647408611597	Bracken+Kraken2
CLARK	0.8226471052479972	0.6436187037690797	0.5792025643309588	0.4768045119230952	1.3727500096367333	10.606784124854295	CLARK
GOTTCHA	0.9683178069207482	0.5999795943404966	0.7101319191103702	0.5842439515371846	0.9622893760067596	7.762655068316314	GOTTCHA
MEGAN+DIAMOND	0.9552109330607687	0.6350967328410938	0.7180090937035201	0.6067552132949321	1.2746559935690693	11.893141562668434	MEGAN+DIAMOND
MetaPhlAn2	0.9758627247570192	0.6296531371719342	0.7176571003084131	0.611281436318213	1.301762809481305	10.282528054720002	MetaPhlAn2
mOTUs2	0.9731653267367553	0.5399099647219948	0.6580416687229125	0.5267311844379513	1.2869944167711378	10.146598754148842	mOTUs2
