Purity (precision)	Completeness (recall)	F1 score	Jaccard index	L1 norm error	Weighted UniFrac error	Method
Metalign	0.5409240481740482	0.5227272727272727	0.291649966494687	0.18481013568128848	1.770671393048378	11.341320077939798	Metalign
Bracken+Kraken2	0.7656073446327682	0.6287878787878788	0.518283462249899	0.40937660109380763	1.7256807972581765	10.035647408611597	Bracken+Kraken2
CLARK	0.8075418321897195	0.5909090909090909	0.4762589700770503	0.4029186775665649	1.7717728468805574	10.606784124854295	CLARK
GOTTCHA	1.0	0.5984848484848485	0.7000012904890953	0.5984848484848485	1.6840292969156438	7.762655068316314	GOTTCHA
MEGAN+DIAMOND	0.8683757868540477	0.5909090909090909	0.620041834172269	0.5227597040640519	1.84355972805753	11.893141562668434	MEGAN+DIAMOND
MetaPhlAn2	0.9633929595229905	0.5151515151515151	0.6062145142473879	0.49354962670180064	1.714675383273887	10.282528054720002	MetaPhlAn2
mOTUs2	1.0	0.34848484848484845	0.4987803663878933	0.34848484848484845	1.816329265548844	10.146598754148842	mOTUs2
