Purity (precision)	Completeness (recall)	F1 score	Jaccard index	L1 norm error	Weighted UniFrac error	Method
Metalign	0.8119330960328287	0.8243506493506493	0.7913568653475141	0.7437039266719835	0.4015280748332457	4.82098830678187	Metalign
Bracken+Kraken2	0.6096131411782602	0.8265151515151515	0.6198547919180885	0.5390446274661151	0.4019861775427591	3.8180443718205055	Bracken+Kraken2
CLARK	0.6701585705977053	0.7707972582972582	0.6227909287324427	0.5489457423025484	0.5247223764803404	4.674458758810967	CLARK
GOTTCHA	0.8450396825396825	0.6941558441558442	0.7467113504707489	0.6537825600325601	0.6750669972157085	5.916092532013953	GOTTCHA
MEGAN+DIAMOND	0.8342319173201527	0.8505050505050504	0.8058522298626235	0.7333458732473511	0.5284479694585108	8.730046440507405	MEGAN+DIAMOND
MetaPhlAn2	0.8361678004535147	0.7048701298701299	0.7545182330896617	0.6655000889244588	0.58696801046052	5.397903677591781	MetaPhlAn2
mOTUs2	0.8896825396825396	0.6897727272727273	0.7565397565397566	0.682636345136345	0.6093756885172358	5.275779314230472	mOTUs2
