Purity (precision)	Completeness (recall)	F1 score	Jaccard index	L1 norm error	Weighted UniFrac error	Method
Metalign	0.847008547008547	0.875	0.8084656084656084	0.722008547008547	0.299116837967844	4.82098830678187	Metalign
Bracken+Kraken2	0.5842712842712843	0.875	0.55162658185914	0.4592712842712843	0.30308844428175596	3.8180443718205055	Bracken+Kraken2
CLARK	0.6291014437081853	0.7708333333333334	0.5215877804113098	0.40780514741188906	0.5298297809377015	4.674458758810967	CLARK
GOTTCHA	0.8277777777777778	0.7083333333333334	0.7465034965034966	0.6296296296296297	0.8247653839349516	5.916092532013953	GOTTCHA
MEGAN+DIAMOND	0.7745217745217744	0.8333333333333334	0.7357949240302181	0.6078551078551078	0.45091610235362944	8.730046440507405	MEGAN+DIAMOND
MetaPhlAn2	0.8392857142857143	0.6875	0.7499999999999999	0.611111111111111	0.647453855140926	5.397903677591781	MetaPhlAn2
mOTUs2	0.8666666666666667	0.4791666666666667	0.6122766122766122	0.4421296296296296	0.8616325797857959	5.275779314230472	mOTUs2
