Purity (precision)	Completeness (recall)	F1 score	Jaccard index	L1 norm error	Weighted UniFrac error	Method
Metalign	0.10904319774132583	0.21212121212121213	0.13368655154369438	0.0731056788820764	1.696246751676808	4.820988306781869	Metalign
Bracken+Kraken2	0.13376490312965725	0.22727272727272727	0.14297224283481155	0.08145197381130886	1.6055932276119353	3.8180443718205006	Bracken+Kraken2
CLARK	0.13943653401484726	0.196969696969697	0.1348957514667701	0.07520599520800775	1.7181650648362607	4.674458758810965	CLARK
GOTTCHA	0.3180555555555556	0.2424242424242424	0.2669172932330826	0.1551816239316239	1.6049701103041247	5.916092532013952	GOTTCHA
MEGAN+DIAMOND	0.36017740429505135	0.5757575757575758	0.38622196516933355	0.2553639846743295	1.4322795383034592	8.730046440507406	MEGAN+DIAMOND
MetaBinG2	0.9166666666666666	0.6060606060606061	0.725024366471735	0.5707070707070707	0.7484160812494518	4.236019845068678	MetaBinG2
MetaPhlAn2	0.3194444444444444	0.2424242424242424	0.2722222222222222	0.1589635854341737	1.5602445849152045	5.397903677591781	MetaPhlAn2
mOTUs2	0.3611111111111111	0.09090909090909093	0.1446886446886447	0.07799145299145299	1.8333333500000053	5.27577931423047	mOTUs2
