Purity (precision)	Completeness (recall)	F1 score	Jaccard index	L1 norm error	Weighted UniFrac error	Method
Metalign	0.847008547008547	0.875	0.8084656084656084	0.722008547008547	0.28835817361056515	4.820988306781869	Metalign
Bracken+Kraken2	0.6538165341356831	0.875	0.6151107140136167	0.5288165341356831	0.2928901618537375	3.8180443718205006	Bracken+Kraken2
CLARK	0.6954629629629631	0.7916666666666666	0.5933174010705656	0.49175925925925923	0.49202541746286504	4.674458758810965	CLARK
GOTTCHA	1.0	0.8333333333333334	0.8857808857808859	0.8333333333333334	0.49143191726825824	5.916092532013952	GOTTCHA
MEGAN+DIAMOND	0.836405723905724	0.8541666666666666	0.7982126476321523	0.6952020202020202	0.37546800339733116	8.730046440507406	MEGAN+DIAMOND
MetaBinG2	0.9047619047619047	0.7083333333333334	0.7873015873015873	0.6527777777777778	0.471824056581892	4.236019845068678	MetaBinG2
MetaPhlAn2	0.9166666666666666	0.8125	0.85	0.7476851851851851	0.40649977943659477	5.397903677591781	MetaPhlAn2
mOTUs2	1.0	0.5833333333333334	0.7319347319347319	0.5833333333333334	0.7369194494830568	5.27577931423047	mOTUs2
