Purity (precision)	Completeness (recall)	F1 score	Jaccard index	L1 norm error	Weighted UniFrac error	Method
Metalign	0.24080039624158653	0.6414860663803901	0.3434174915170104	0.20910242457429107	1.700360023842256	8.810482615358925	Metalign
Bracken+Kraken2	0.013259897781671404	0.13233583825371267	0.02359408504998227	0.011978057562993144	1.9210025888003122	8.95908163444949	Bracken+Kraken2
CLARK	0.0531116664876953	0.12526279298622295	0.07236572110823868	0.0381358043893006	1.919648350205534	9.01540980648534	CLARK
GOTTCHA	0.15092273237993856	0.07224850152084451	0.09763323899760303	0.05521653133385958	1.94185959658357	11.528175241966405	GOTTCHA
MEGAN+DIAMOND	0.5869379653557075	0.39903996689926646	0.4660156131248152	0.3095449153630864	1.7433119468472982	10.243573876302932	MEGAN+DIAMOND
MetaBinG2	0.12634830447330447	0.013215132402934334	0.021831121428888798	0.011142746374417537	1.974876758117669	11.742663678584726	MetaBinG2
MetaPhlAn2	0.33544568096377303	0.10169808999821078	0.15104347811102337	0.09004195597095373	1.9176204608803746	10.148380803152607	MetaPhlAn2
mOTUs2	0.4716854914670594	0.5287283056002863	0.4975791367159536	0.33288332794133046	1.7805729158040213	8.184695675943864	mOTUs2
