Purity (precision)	Completeness (recall)	F1 score	Jaccard index	L1 norm error	Weighted UniFrac error	Method
Metalign	0.1217308998083557	0.6638318572195384	0.20492279506271904	0.11465617296644176	1.7002558915498371	8.81056191916556	Metalign
Bracken+Kraken2	0.003994306296544616	0.13580806047593488	0.00766712453886293	0.0038505979076428045	1.9212352589137414	8.934372174868248	Bracken+Kraken2
CLARK	0.0035397718663311363	0.15136876006441222	0.006844982698409311	0.0034356642153633974	1.9197887781302416	9.018480943132431	CLARK
GOTTCHA	0.15092273237993856	0.07224850152084451	0.09763323899760303	0.05521653133385958	1.9418595965835705	11.528175241966407	GOTTCHA
MEGAN+DIAMOND	0.5869379653557075	0.39903996689926646	0.4660156131248152	0.3095449153630864	1.7433119468472982	10.244023661674078	MEGAN+DIAMOND
MetaPhlAn2	0.33205383462871013	0.11590848094471284	0.1655950019579957	0.10045185753782505	1.9174939631353967	10.147136283541608	MetaPhlAn2
mOTUs2	0.4511715959721898	0.5344510422258006	0.48812661944808783	0.3241741345109606	1.7805332142941834	8.184031377512497	mOTUs2
