Purity (precision)	Completeness (recall)	F1 score	Jaccard index	L1 norm error	Weighted UniFrac error	Method
Metalign	0.359685390353369	0.37470086330291646	0.36618431913475036	0.23780024041360606	1.7382026966137345	8.923942241389994	Metalign
Bracken+Kraken2	0.08632863071369326	0.09523450080515299	0.08722291915236624	0.046990644555142194	1.9226362103174182	8.976922693601244	Bracken+Kraken2
CLARK	0.1863372788139646	0.06960938897835033	0.0959817417473221	0.05251065941097484	1.9291076869279804	9.149108653609641	CLARK
GOTTCHA	0.21899119514251095	0.057523707282161385	0.09047111512699646	0.05160079630702339	1.9423110438232398	11.557159641693548	GOTTCHA
MEGAN+DIAMOND	0.5918724113225112	0.39852556360708535	0.4678067791746254	0.31171641320270144	1.7434189158613576	10.26076367679694	MEGAN+DIAMOND
MetaPhlAn2	0.3684057971014493	0.08607308999821077	0.13552052736399	0.079010886994964	1.9184490632369666	10.16704084889452	MetaPhlAn2
mOTUs2	0.563871626925707	0.44391606280193235	0.4903437280233808	0.32848852434080034	1.7847763252812028	8.228740636765444	mOTUs2
