Purity (precision)	Completeness (recall)	F1 score	Jaccard index	L1 norm error	Weighted UniFrac error	Method
Metalign	0.24080039624158653	0.6414860663803901	0.3434174915170104	0.20910242457429107	1.700360023842256	8.810482615358927	Metalign
Bracken+Kraken2	0.013259897781671404	0.13233583825371267	0.02359408504998227	0.011978057562993144	1.9210025888003124	8.959081634449495	Bracken+Kraken2
CLARK	0.0531116664876953	0.12526279298622295	0.07236572110823868	0.0381358043893006	1.9196483502055341	9.015409806485344	CLARK
GOTTCHA	0.15092273237993856	0.07224850152084451	0.09763323899760303	0.05521653133385958	1.9418595965835703	11.528175241966402	GOTTCHA
MEGAN+DIAMOND	0.5869379653557075	0.39903996689926646	0.4660156131248152	0.3095449153630864	1.7433119468472986	10.243573876302934	MEGAN+DIAMOND
MetaPhlAn2	0.33544568096377303	0.10169808999821078	0.15104347811102337	0.09004195597095373	1.9176204608803746	10.148380803152609	MetaPhlAn2
mOTUs2	0.4716854914670594	0.5287283056002863	0.4975791367159536	0.33288332794133046	1.7805729158040213	8.18469567594386	mOTUs2
