tool	sample	Weighted UniFrac error	Unweighted UniFrac error	L1 norm error	Completeness (recall)	Purity (precision)	F1 score	True positives	False positives	False negatives	Taxon counts	Jaccard index	Shannon diversity	Shannon equitability	Bray-Curtis distance
Metalign	CAMI_MED_S001	9.78354291409404	2273.120276957428	0.2098426695833849	0.6666666666666666	0.9090909090909091	0.7692307692307692	10.0	1.0	5.0	11.0	0.625	1.521428586424836	0.63448500177796	0.10492133479169247
Bracken+Kraken2	CAMI_MED_S001	9.347223432147613	2327.681403367621	0.20897148128050122	0.6666666666666666	0.8333333333333334	0.7407407407407408	10.0	2.0	5.0	12.0	0.5882352941176471	1.4956097931247945	0.6018776573568235	0.10448574064025062
CLARK	CAMI_MED_S001	9.503300828813666	2519.8227462010677	0.127935606136607	0.4666666666666667	1.0	0.6363636363636364	7.0	0.0	8.0	7.0	0.4666666666666667	1.3424536018527409	0.6898846807004249	0.06396780306830353
GOTTCHA	CAMI_MED_S001	11.22201537202767	2666.348943264026	0.607919910200064	0.4666666666666667	0.875	0.608695652173913	7.0	1.0	8.0	8.0	0.4375	0.8332697252962337	0.40071803346926177	0.30395995510003193
MEGAN+DIAMOND	CAMI_MED_S001	11.240689015351276	2271.439039451322	0.2245303590213335	0.6666666666666666	1.0	0.8	10.0	0.0	5.0	10.0	0.6666666666666666	1.4249930087747011	0.6188666004615647	0.11226517951066674
MetaPhlAn2	CAMI_MED_S001	10.43382560068195	2626.08673513993	0.49123391011369427	0.6	1.0	0.7499999999999999	9.0	0.0	6.0	9.0	0.6	1.406728283359564	0.640229632359654	0.24561695505684725
mOTUs2	CAMI_MED_S001	8.968178060299383	2351.5894583336044	0.1568240668188754	0.7333333333333333	0.9166666666666666	0.8148148148148148	11.0	1.0	4.0	12.0	0.6875	1.5351158860448773	0.6177760787013249	0.07841203340943771
