tool	sample	Weighted UniFrac error	Unweighted UniFrac error	L1 norm error	Completeness (recall)	Purity (precision)	F1 score	True positives	False positives	False negatives	Taxon counts	Jaccard index	Shannon diversity	Shannon equitability	Bray-Curtis distance
Metalign	CAMI_MED_S001	9.783542914094046	2273.1202769574284	0.48730491541839116	0.6226415094339622	0.9428571428571428	0.7500000000000001	33.0	2.0	20.0	35.0	0.6	2.8277424847228927	0.7953489885708375	0.24365245770919564
Bracken+Kraken2	CAMI_MED_S001	9.347223432147615	2327.6814033676214	0.8648939343090482	0.660377358490566	0.7	0.6796116504854369	35.0	15.0	18.0	50.0	0.5147058823529411	2.8835595624113033	0.7371018929107029	0.4324469671545239
CLARK	CAMI_MED_S001	9.503300828813664	2519.8227462010673	0.9189319613097411	0.4716981132075472	0.8928571428571429	0.617283950617284	25.0	3.0	28.0	28.0	0.44642857142857145	2.4120680174058586	0.7238655400772609	0.4594659806548706
GOTTCHA	CAMI_MED_S001	11.22201537202767	2666.3489432640263	1.6241335836815511	0.24528301886792453	0.9285714285714286	0.3880597014925373	13.0	1.0	40.0	14.0	0.24074074074074073	0.9596724902253876	0.36364215337652245	0.8120667918407759
MEGAN+DIAMOND	CAMI_MED_S001	11.240689015351279	2271.4390394513216	0.515982917207312	0.660377358490566	0.9459459459459459	0.7777777777777778	35.0	2.0	18.0	37.0	0.6363636363636364	2.7760214533078047	0.7687855333368582	0.25799145860365597
MetaBinG2	CAMI_MED_S001	11.590368799748799	2778.007799561097	1.4361544241385515	0.11320754716981132	0.8571428571428571	0.2	6.0	1.0	47.0	7.0	0.1111111111111111	1.705147988304054	0.8762727246845684	0.718077212069276
MetaPhlAn2	CAMI_MED_S001	10.433825600681947	2626.0867351399306	1.2373085260622028	0.41509433962264153	0.9166666666666666	0.5714285714285715	22.0	2.0	31.0	24.0	0.4	2.223261121976357	0.6995668546410196	0.6186542630311015
mOTUs2	CAMI_MED_S001	8.968178060299387	2351.5894583336044	0.47115223451174715	0.6415094339622641	0.9714285714285714	0.7727272727272727	34.0	1.0	19.0	35.0	0.6296296296296297	2.7972633719297075	0.7867762378116848	0.23557611725587363
