tool	sample	Weighted UniFrac error	Unweighted UniFrac error	L1 norm error	Completeness (recall)	Purity (precision)	F1 score	True positives	False positives	False negatives	Taxon counts	Jaccard index	Shannon diversity	Shannon equitability	Bray-Curtis distance
Metalign	CAMI_MED_S001	9.78354291409404	2273.120276957428	0.48730491541839105	0.6226415094339622	0.9428571428571428	0.7500000000000001	33.0	2.0	20.0	35.0	0.6	2.8277424847228927	0.7953489885708375	0.24365245770919564
Bracken+Kraken2	CAMI_MED_S001	9.347223432147613	2327.681403367621	0.8648939343090478	0.660377358490566	0.7	0.6796116504854369	35.0	15.0	18.0	50.0	0.5147058823529411	2.883559562411304	0.7371018929107032	0.43244696715452396
CLARK	CAMI_MED_S001	9.503300828813666	2519.8227462010677	0.9189319613097408	0.4716981132075472	0.8928571428571429	0.617283950617284	25.0	3.0	28.0	28.0	0.44642857142857145	2.4120680174058586	0.7238655400772609	0.45946598065487043
GOTTCHA	CAMI_MED_S001	11.22201537202767	2666.348943264026	1.6241335836815511	0.24528301886792453	0.9285714285714286	0.3880597014925373	13.0	1.0	40.0	14.0	0.24074074074074073	0.9596724902253878	0.36364215337652256	0.8120667918407756
MEGAN+DIAMOND	CAMI_MED_S001	11.240689015351276	2271.439039451322	0.5159829172073119	0.660377358490566	0.9459459459459459	0.7777777777777778	35.0	2.0	18.0	37.0	0.6363636363636364	2.776021453307805	0.7687855333368583	0.257991458603656
MetaPhlAn2	CAMI_MED_S001	10.43382560068195	2626.08673513993	1.2373085260622025	0.41509433962264153	0.9166666666666666	0.5714285714285715	22.0	2.0	31.0	24.0	0.4	2.2232611219763574	0.6995668546410198	0.6186542630311014
mOTUs2	CAMI_MED_S001	8.968178060299383	2351.5894583336044	0.47115223451174737	0.6415094339622641	0.9714285714285714	0.7727272727272727	34.0	1.0	19.0	35.0	0.6296296296296297	2.7972633719297084	0.7867762378116852	0.2355761172558737
