tool	sample	Weighted UniFrac error	Unweighted UniFrac error	L1 norm error	Completeness (recall)	Purity (precision)	F1 score	True positives	False positives	False negatives	Taxon counts	Jaccard index	Shannon diversity	Shannon equitability	Bray-Curtis distance
Metalign	CAMI_MED_S001	9.78354291409404	2273.120276957428	0.9072133538075923	0.5774647887323944	0.82	0.6776859504132231	41.0	9.0	30.0	50.0	0.5125	3.092218630696669	0.7904397868841893	0.4536066769037962
Bracken+Kraken2	CAMI_MED_S001	9.347223432147613	2327.681403367621	1.1289076476627784	0.43661971830985913	0.37349397590361444	0.40259740259740256	31.0	52.0	40.0	83.0	0.25203252032520324	3.1199168741295495	0.7060487469552016	0.5644538238313889
CLARK	CAMI_MED_S001	9.503300828813666	2519.8227462010677	1.104708258298085	0.28169014084507044	0.6451612903225806	0.3921568627450981	20.0	11.0	51.0	31.0	0.24390243902439024	2.46165649860065	0.716850806952766	0.5523541291490425
GOTTCHA	CAMI_MED_S001	11.22201537202767	2666.348943264026	1.56993957783341	0.15492957746478872	0.6111111111111112	0.24719101123595505	11.0	7.0	60.0	18.0	0.14102564102564102	1.1546808814246268	0.3994921685316676	0.7849697889167049
MEGAN+DIAMOND	CAMI_MED_S001	11.240689015351276	2271.439039451322	0.8358593175528785	0.6056338028169014	0.8113207547169812	0.6935483870967741	43.0	10.0	28.0	53.0	0.5308641975308642	3.2118749378788065	0.80897702431286	0.4179296587764394
MetaPhlAn2	CAMI_MED_S001	10.43382560068195	2626.08673513993	1.2822535804544029	0.29577464788732394	0.75	0.4242424242424242	21.0	7.0	50.0	28.0	0.2692307692307692	2.394034688964813	0.7184537088448204	0.6411267902272016
mOTUs2	CAMI_MED_S001	8.968178060299383	2351.5894583336044	0.7416452529718143	0.5774647887323944	0.8723404255319149	0.6949152542372881	41.0	6.0	30.0	47.0	0.5324675324675324	3.0842581183984237	0.8010752930689042	0.37082262648590736
