tool	sample	Weighted UniFrac error	Unweighted UniFrac error	L1 norm error	Completeness (recall)	Purity (precision)	F1 score	True positives	False positives	False negatives	Taxon counts	Jaccard index	Shannon diversity	Shannon equitability	Bray-Curtis distance
Metalign	CAMI_MED_S001	9.783542914094046	2273.1202769574284	0.9072133538075926	0.5774647887323944	0.82	0.6776859504132231	41.0	9.0	30.0	50.0	0.5125	3.0922186306966686	0.790439786884189	0.45360667690379614
Bracken+Kraken2	CAMI_MED_S001	9.347223432147615	2327.6814033676214	1.1289076476627782	0.43661971830985913	0.37349397590361444	0.40259740259740256	31.0	52.0	40.0	83.0	0.25203252032520324	3.1199168741295495	0.7060487469552016	0.5644538238313889
CLARK	CAMI_MED_S001	9.503300828813664	2519.8227462010673	1.1047082582980854	0.28169014084507044	0.6451612903225806	0.3921568627450981	20.0	11.0	51.0	31.0	0.24390243902439024	2.46165649860065	0.716850806952766	0.5523541291490425
GOTTCHA	CAMI_MED_S001	11.22201537202767	2666.3489432640263	1.5699395778334095	0.15492957746478872	0.6111111111111112	0.24719101123595505	11.0	7.0	60.0	18.0	0.14102564102564102	1.1546808814246268	0.3994921685316676	0.7849697889167049
MEGAN+DIAMOND	CAMI_MED_S001	11.240689015351279	2271.4390394513216	0.8358593175528788	0.6056338028169014	0.8113207547169812	0.6935483870967741	43.0	10.0	28.0	53.0	0.5308641975308642	3.211874937878806	0.8089770243128599	0.41792965877643945
MetaBinG2	CAMI_MED_S001	11.590368799748799	2778.007799561097	1.702559714569004	0.056338028169014086	0.4	0.09876543209876544	4.0	6.0	67.0	10.0	0.05194805194805195	2.0056554678814282	0.8710451022999889	0.8512798572845023
MetaPhlAn2	CAMI_MED_S001	10.433825600681947	2626.0867351399306	1.282253580454403	0.29577464788732394	0.75	0.4242424242424242	21.0	7.0	50.0	28.0	0.2692307692307692	2.3940346889648136	0.7184537088448205	0.6411267902272019
mOTUs2	CAMI_MED_S001	8.968178060299387	2351.5894583336044	0.7416452529718147	0.5774647887323944	0.8723404255319149	0.6949152542372881	41.0	6.0	30.0	47.0	0.5324675324675324	3.0842581183984237	0.8010752930689042	0.37082262648590736
