tool	sample	Weighted UniFrac error	Unweighted UniFrac error	L1 norm error	Completeness (recall)	Purity (precision)	F1 score	True positives	False positives	False negatives	Taxon counts	Jaccard index	Shannon diversity	Shannon equitability	Bray-Curtis distance
Metalign	CAMI_MED_S001	9.78354291409404	2273.120276957428	0.6392618874571421	0.5862068965517241	0.7727272727272727	0.6666666666666667	17.0	5.0	12.0	22.0	0.5	2.1599376256654748	0.6987731997400338	0.31963094372857104
Bracken+Kraken2	CAMI_MED_S001	9.347223432147613	2327.681403367621	0.6048212716076737	0.6206896551724138	0.6206896551724138	0.6206896551724138	18.0	11.0	11.0	29.0	0.45	2.3140630541403664	0.6872170343731461	0.30241063580383687
CLARK	CAMI_MED_S001	9.503300828813666	2519.8227462010677	0.576372772570914	0.41379310344827586	0.7058823529411765	0.5217391304347826	12.0	5.0	17.0	17.0	0.35294117647058826	2.051509410076821	0.7240928094527976	0.288186386285457
GOTTCHA	CAMI_MED_S001	11.22201537202767	2666.348943264026	1.0978541221495624	0.3793103448275862	0.9166666666666666	0.5365853658536586	11.0	1.0	18.0	12.0	0.36666666666666664	1.0531646312009075	0.4238246258831326	0.5489270610747812
MEGAN+DIAMOND	CAMI_MED_S001	11.240689015351276	2271.439039451322	0.6439257687341369	0.5862068965517241	0.7727272727272727	0.6666666666666667	17.0	5.0	12.0	22.0	0.5	2.041436844761437	0.6604363659073924	0.3219628843670684
MetaPhlAn2	CAMI_MED_S001	10.43382560068195	2626.08673513993	0.6375883672326814	0.5172413793103449	0.9375	0.6666666666666667	15.0	1.0	14.0	16.0	0.5	2.109685515549417	0.7609082077796051	0.3187941836163407
mOTUs2	CAMI_MED_S001	8.968178060299383	2351.5894583336044	0.5689253775643097	0.6206896551724138	0.782608695652174	0.6923076923076923	18.0	5.0	11.0	23.0	0.5294117647058824	2.16643761392385	0.6909397577318968	0.28446268878215486
