tool	sample	Weighted UniFrac error	Unweighted UniFrac error	L1 norm error	Completeness (recall)	Purity (precision)	F1 score	True positives	False positives	False negatives	Taxon counts	Jaccard index	Shannon diversity	Shannon equitability	Bray-Curtis distance
Metalign	CAMI_MED_S001	9.783542914094046	2273.1202769574284	0.6392618874571419	0.5862068965517241	0.7727272727272727	0.6666666666666667	17.0	5.0	12.0	22.0	0.5	2.1599376256654743	0.6987731997400337	0.31963094372857104
Bracken+Kraken2	CAMI_MED_S001	9.347223432147615	2327.6814033676214	0.6048212716076738	0.6206896551724138	0.6206896551724138	0.6206896551724138	18.0	11.0	11.0	29.0	0.45	2.3140630541403655	0.6872170343731459	0.30241063580383687
CLARK	CAMI_MED_S001	9.503300828813664	2519.8227462010673	0.5763727725709141	0.41379310344827586	0.7058823529411765	0.5217391304347826	12.0	5.0	17.0	17.0	0.35294117647058826	2.051509410076821	0.7240928094527976	0.288186386285457
GOTTCHA	CAMI_MED_S001	11.22201537202767	2666.3489432640263	1.0978541221495624	0.3793103448275862	0.9166666666666666	0.5365853658536586	11.0	1.0	18.0	12.0	0.36666666666666664	1.0531646312009078	0.42382462588313263	0.5489270610747811
MEGAN+DIAMOND	CAMI_MED_S001	11.240689015351279	2271.4390394513216	0.6439257687341369	0.5862068965517241	0.7727272727272727	0.6666666666666667	17.0	5.0	12.0	22.0	0.5	2.0414368447614364	0.6604363659073923	0.32196288436706844
MetaBinG2	CAMI_MED_S001	11.590368799748799	2778.007799561097	0.6607033521893086	0.2413793103448276	0.875	0.3783783783783784	7.0	1.0	22.0	8.0	0.23333333333333334	1.851005796371206	0.8901456276938219	0.3303516760946543
MetaPhlAn2	CAMI_MED_S001	10.433825600681947	2626.0867351399306	0.6375883672326814	0.5172413793103449	0.9375	0.6666666666666667	15.0	1.0	14.0	16.0	0.5	2.1096855155494176	0.7609082077796052	0.31879418361634076
mOTUs2	CAMI_MED_S001	8.968178060299387	2351.5894583336044	0.5689253775643097	0.6206896551724138	0.782608695652174	0.6923076923076923	18.0	5.0	11.0	23.0	0.5294117647058824	2.16643761392385	0.6909397577318968	0.28446268878215475
