tool	sample	Weighted UniFrac error	Unweighted UniFrac error	L1 norm error	Completeness (recall)	Purity (precision)	F1 score	True positives	False positives	False negatives	Taxon counts	Jaccard index	Shannon diversity	Shannon equitability	Bray-Curtis distance
Metalign	CAMI_MED_S001	9.783542914094046	2273.1202769574284	0.12165584623312581	0.6666666666666666	1.0	0.8	4.0	0.0	2.0	4.0	0.6666666666666666	0.916860555218686	0.66137508810035	0.060827923116562904
Bracken+Kraken2	CAMI_MED_S001	9.347223432147615	2327.6814033676214	0.14093502311426967	0.8333333333333334	0.7142857142857143	0.7692307692307692	5.0	2.0	1.0	7.0	0.625	0.9341067052668891	0.4800358874331236	0.07046751155713483
CLARK	CAMI_MED_S001	9.503300828813664	2519.8227462010673	0.10800252536147947	0.6666666666666666	1.0	0.8	4.0	0.0	2.0	4.0	0.6666666666666666	0.8464159301362382	0.6105600324684851	0.05400126268073974
GOTTCHA	CAMI_MED_S001	11.22201537202767	2666.3489432640263	0.29816711492110526	0.5	1.0	0.6666666666666666	3.0	0.0	3.0	3.0	0.5	0.59100939290826	0.5379599327300113	0.14908355746055266
MEGAN+DIAMOND	CAMI_MED_S001	11.240689015351279	2271.4390394513216	0.07885988301814181	0.6666666666666666	1.0	0.8	4.0	0.0	2.0	4.0	0.6666666666666666	0.9206027172955862	0.6640744874356233	0.03942994150907091
MetaBinG2	CAMI_MED_S001	11.590368799748799	2778.007799561097	0.13475944825168906	0.5	1.0	0.6666666666666666	3.0	0.0	3.0	3.0	0.5	0.809644247684941	0.7369699538556083	0.06737972412584455
MetaPhlAn2	CAMI_MED_S001	10.433825600681947	2626.0867351399306	0.3181979395168724	0.8333333333333334	1.0	0.9090909090909091	5.0	0.0	1.0	5.0	0.8333333333333334	0.8023729638001601	0.4985423529551743	0.1590989697584362
mOTUs2	CAMI_MED_S001	8.968178060299387	2351.5894583336044	0.049138784551836255	0.8333333333333334	1.0	0.9090909090909091	5.0	0.0	1.0	5.0	0.8333333333333334	0.9713471967129754	0.603531946904319	0.024569392275918124
