tool	sample	Weighted UniFrac error	Unweighted UniFrac error	L1 norm error	Completeness (recall)	Purity (precision)	F1 score	True positives	False positives	False negatives	Taxon counts	Jaccard index	Shannon diversity	Shannon equitability	Bray-Curtis distance
Metalign	CAMI_MED_S001	9.78354291409404	2273.120276957428	0.12165584623312581	0.6666666666666666	1.0	0.8	4.0	0.0	2.0	4.0	0.6666666666666666	0.9168605552186861	0.6613750881003501	0.060827923116562904
Bracken+Kraken2	CAMI_MED_S001	9.347223432147613	2327.681403367621	0.14093502311426967	0.8333333333333334	0.7142857142857143	0.7692307692307692	5.0	2.0	1.0	7.0	0.625	0.9341067052668892	0.48003588743312364	0.07046751155713485
CLARK	CAMI_MED_S001	9.503300828813666	2519.8227462010677	0.10800252536147947	0.6666666666666666	1.0	0.8	4.0	0.0	2.0	4.0	0.6666666666666666	0.8464159301362384	0.6105600324684852	0.05400126268073974
GOTTCHA	CAMI_MED_S001	11.22201537202767	2666.348943264026	0.29816711492110526	0.5	1.0	0.6666666666666666	3.0	0.0	3.0	3.0	0.5	0.59100939290826	0.5379599327300113	0.14908355746055263
MEGAN+DIAMOND	CAMI_MED_S001	11.240689015351276	2271.439039451322	0.07885988301814181	0.6666666666666666	1.0	0.8	4.0	0.0	2.0	4.0	0.6666666666666666	0.9206027172955862	0.6640744874356233	0.03942994150907091
MetaPhlAn2	CAMI_MED_S001	10.43382560068195	2626.08673513993	0.3181979395168724	0.8333333333333334	1.0	0.9090909090909091	5.0	0.0	1.0	5.0	0.8333333333333334	0.8023729638001601	0.4985423529551743	0.1590989697584362
mOTUs2	CAMI_MED_S001	8.968178060299383	2351.5894583336044	0.04913878455183625	0.8333333333333334	1.0	0.9090909090909091	5.0	0.0	1.0	5.0	0.8333333333333334	0.9713471967129752	0.6035319469043189	0.024569392275918124
