tool	sample	Weighted UniFrac error	Unweighted UniFrac error	L1 norm error	Completeness (recall)	Purity (precision)	F1 score	True positives	False positives	False negatives	Taxon counts	Jaccard index	Shannon diversity	Shannon equitability	Bray-Curtis distance
Metalign	CAMI_MED_S001	9.783542914094046	2273.1202769574284	1.6728499342916496	0.4027777777777778	0.3918918918918919	0.3972602739726028	29.0	45.0	43.0	74.0	0.24786324786324787	3.4061731571103073	0.7913851401756042	0.8364249671458248
Bracken+Kraken2	CAMI_MED_S001	9.347223432147615	2327.6814033676214	1.8347598748482006	0.1388888888888889	0.125	0.13157894736842105	10.0	70.0	62.0	80.0	0.07042253521126761	2.9568730443085096	0.6747729511526727	0.9173799374241
CLARK	CAMI_MED_S001	9.503300828813664	2519.8227462010673	1.8267515625707866	0.125	0.2571428571428571	0.16822429906542055	9.0	26.0	63.0	35.0	0.09183673469387756	2.3598865533016755	0.663756828442014	0.9133757812853927
GOTTCHA	CAMI_MED_S001	11.22201537202767	2666.3489432640263	1.8423246311266883	0.09722222222222222	0.3684210526315789	0.15384615384615385	7.0	12.0	65.0	19.0	0.08333333333333333	1.0517625649501872	0.35720304356517424	0.9211623155633434
MEGAN+DIAMOND	CAMI_MED_S001	11.240689015351279	2271.4390394513216	1.6872637146001177	0.3611111111111111	0.48148148148148145	0.4126984126984127	26.0	28.0	46.0	54.0	0.26	2.742782142869524	0.6875891482273265	0.8436318573000591
MetaBinG2	CAMI_MED_S001	11.590368799748799	2778.007799561097	1.9707199735784158	0.013888888888888888	0.1	0.024390243902439022	1.0	9.0	71.0	10.0	0.012345679012345678	2.0056554678814282	0.8710451022999889	0.9853599867892074
MetaPhlAn2	CAMI_MED_S001	10.433825600681947	2626.0867351399306	1.7923859655788714	0.16666666666666666	0.48	0.24742268041237112	12.0	13.0	60.0	25.0	0.1411764705882353	2.2283508148590525	0.6922761038631535	0.8961929827894356
mOTUs2	CAMI_MED_S001	8.968178060299387	2351.5894583336044	1.7145533539191768	0.375	0.6585365853658537	0.4778761061946902	27.0	14.0	45.0	41.0	0.313953488372093	2.6844194054876547	0.7228671902064371	0.8572766769595886
