tool	sample	Weighted UniFrac error	Unweighted UniFrac error	L1 norm error	Completeness (recall)	Purity (precision)	F1 score	True positives	False positives	False negatives	Taxon counts	Jaccard index	Shannon diversity	Shannon equitability	Bray-Curtis distance
Metalign	CAMI_MED_S001	9.78354291409404	2273.120276957428	1.672849934291649	0.4027777777777778	0.3918918918918919	0.3972602739726028	29.0	45.0	43.0	74.0	0.24786324786324787	3.4061731571103073	0.7913851401756042	0.8364249671458249
Bracken+Kraken2	CAMI_MED_S001	9.347223432147613	2327.681403367621	1.8347598748481995	0.1388888888888889	0.125	0.13157894736842105	10.0	70.0	62.0	80.0	0.07042253521126761	2.95687304430851	0.6747729511526728	0.9173799374241
CLARK	CAMI_MED_S001	9.503300828813666	2519.8227462010677	1.8267515625707853	0.125	0.2571428571428571	0.16822429906542055	9.0	26.0	63.0	35.0	0.09183673469387756	2.3598865533016755	0.663756828442014	0.9133757812853925
GOTTCHA	CAMI_MED_S001	11.22201537202767	2666.348943264026	1.8423246311266877	0.09722222222222222	0.3684210526315789	0.15384615384615385	7.0	12.0	65.0	19.0	0.08333333333333333	1.051762564950187	0.3572030435651742	0.9211623155633434
MEGAN+DIAMOND	CAMI_MED_S001	11.240689015351276	2271.439039451322	1.6872637146001181	0.3611111111111111	0.48148148148148145	0.4126984126984127	26.0	28.0	46.0	54.0	0.26	2.7427821428695243	0.6875891482273266	0.8436318573000591
MetaPhlAn2	CAMI_MED_S001	10.43382560068195	2626.08673513993	1.79238596557887	0.16666666666666666	0.48	0.24742268041237112	12.0	13.0	60.0	25.0	0.1411764705882353	2.228350814859053	0.6922761038631537	0.8961929827894353
mOTUs2	CAMI_MED_S001	8.968178060299383	2351.5894583336044	1.714553353919177	0.375	0.6585365853658537	0.4778761061946902	27.0	14.0	45.0	41.0	0.313953488372093	2.6844194054876542	0.722867190206437	0.8572766769595888
