tool	sample	Weighted UniFrac error	Unweighted UniFrac error	L1 norm error	Completeness (recall)	Purity (precision)	F1 score	True positives	False positives	False negatives	Taxon counts	Jaccard index	Shannon diversity	Shannon equitability	Bray-Curtis distance
Metalign	CAMI_MED_S001	9.783542914094046	2273.1202769574284	1.9663160673678655	0.034482758620689655	0.10810810810810811	0.0522875816993464	8.0	66.0	224.0	74.0	0.026845637583892617	3.406173157110307	0.7913851401756041	0.9831580336839326
Bracken+Kraken2	CAMI_MED_S001	9.347223432147615	2327.6814033676214	na	0.0	0.0	na	0.0	0.0	232.0	0.0	0.0	na	na	na
CLARK	CAMI_MED_S001	9.503300828813664	2519.8227462010673	na	0.0	0.0	na	0.0	0.0	232.0	0.0	0.0	na	na	na
GOTTCHA	CAMI_MED_S001	11.22201537202767	2666.3489432640263	na	0.0	0.0	na	0.0	0.0	232.0	0.0	0.0	na	na	na
MEGAN+DIAMOND	CAMI_MED_S001	11.240689015351279	2271.4390394513216	2.0000000000000004	0.0	0.0	na	0.0	31.0	232.0	31.0	0.0	2.212852082943165	0.6443973000402998	1.0
MetaBinG2	CAMI_MED_S001	11.590368799748799	2778.007799561097	2.0000000000000013	0.0	0.0	na	0.0	7.0	232.0	7.0	0.0	1.5907725297853779	0.8174953661440406	1.0
MetaPhlAn2	CAMI_MED_S001	10.433825600681947	2626.0867351399306	na	0.0	0.0	na	0.0	0.0	232.0	0.0	0.0	na	na	na
mOTUs2	CAMI_MED_S001	8.968178060299387	2351.5894583336044	na	0.0	0.0	na	0.0	0.0	232.0	0.0	0.0	na	na	na
