tool	sample	Weighted UniFrac error	Unweighted UniFrac error	L1 norm error	Completeness (recall)	Purity (precision)	F1 score	True positives	False positives	False negatives	Taxon counts	Jaccard index	Shannon diversity	Shannon equitability	Bray-Curtis distance
Metalign	CAMI_MED_S001	9.78354291409404	2273.120276957428	1.966316067367866	0.034482758620689655	0.10810810810810811	0.0522875816993464	8.0	66.0	224.0	74.0	0.026845637583892617	3.4061731571103073	0.7913851401756042	0.9831580336839326
Bracken+Kraken2	CAMI_MED_S001	9.347223432147613	2327.681403367621	na	0.0	0.0	na	0.0	0.0	232.0	0.0	0.0	na	na	na
CLARK	CAMI_MED_S001	9.503300828813666	2519.8227462010677	na	0.0	0.0	na	0.0	0.0	232.0	0.0	0.0	na	na	na
GOTTCHA	CAMI_MED_S001	11.22201537202767	2666.348943264026	na	0.0	0.0	na	0.0	0.0	232.0	0.0	0.0	na	na	na
MEGAN+DIAMOND	CAMI_MED_S001	11.240689015351276	2271.439039451322	1.9999999999999993	0.0	0.0	na	0.0	31.0	232.0	31.0	0.0	2.212852082943165	0.6443973000402998	1.0
MetaPhlAn2	CAMI_MED_S001	10.43382560068195	2626.08673513993	na	0.0	0.0	na	0.0	0.0	232.0	0.0	0.0	na	na	na
mOTUs2	CAMI_MED_S001	8.968178060299383	2351.5894583336044	na	0.0	0.0	na	0.0	0.0	232.0	0.0	0.0	na	na	na
