tool	sample	Weighted UniFrac error	Unweighted UniFrac error	L1 norm error	Completeness (recall)	Purity (precision)	F1 score	True positives	False positives	False negatives	Taxon counts	Jaccard index	Shannon diversity	Shannon equitability	Bray-Curtis distance
Metalign	CAMI_MED_S001	9.78354291409404	2273.120276957428	0.7160986582986892	0.3333333333333333	1.0	0.5	1.0	0.0	2.0	1.0	0.3333333333333333	0.0	0.0	0.3580493291493446
Bracken+Kraken2	CAMI_MED_S001	9.347223432147613	2327.681403367621	0.7101153292429698	1.0	1.0	1.0	3.0	0.0	0.0	3.0	1.0	0.0303227441213149	0.027600951158189155	0.3550576646214849
CLARK	CAMI_MED_S001	9.503300828813666	2519.8227462010677	0.7160986582986892	0.3333333333333333	1.0	0.5	1.0	0.0	2.0	1.0	0.3333333333333333	0.0	0.0	0.3580493291493446
GOTTCHA	CAMI_MED_S001	11.22201537202767	2666.348943264026	0.7134586056538526	0.6666666666666666	1.0	0.8	2.0	0.0	1.0	2.0	0.6666666666666666	0.03730344426065859	0.053817494042930014	0.3567293028269263
MEGAN+DIAMOND	CAMI_MED_S001	11.240689015351276	2271.439039451322	0.7139669749083158	0.6666666666666666	1.0	0.8	2.0	0.0	1.0	2.0	0.6666666666666666	0.008359883886104579	0.012060763024890632	0.3569834874541579
MetaPhlAn2	CAMI_MED_S001	10.43382560068195	2626.08673513993	0.5588160056538525	1.0	1.0	1.0	3.0	0.0	0.0	3.0	1.0	0.3069296735139903	0.2793794286482022	0.27940800282692624
mOTUs2	CAMI_MED_S001	8.968178060299383	2351.5894583336044	0.7134586056538523	0.6666666666666666	1.0	0.8	2.0	0.0	1.0	2.0	0.6666666666666666	0.016683915788491814	0.02406980257066622	0.3567293028269262
