rank	sample	Weighted UniFrac error	Unweighted UniFrac error	L1 norm error	Completeness (recall)	Purity (precision)	F1 score	True positives	False positives	False negatives	Taxon counts	Jaccard index	Shannon diversity	Shannon equitability	Bray-Curtis distance
superkingdom	CAMI_HIGH_S004	7.579511269989885	8109.377753627447	0.011482888013010457	1.0	0.6666666666666666	0.8	2.0	1.0	0.0	3.0	0.6666666666666666	0.05056823806837667	0.046029193911240975	0.005741444006505229
phylum	CAMI_HIGH_S004	7.579511269989885	8109.377753627447	0.04969922352640973	0.9166666666666666	0.7333333333333333	0.8148148148148148	11.0	4.0	1.0	15.0	0.6875	1.2511097527569226	0.4619965140408791	0.024849611763204875
class	CAMI_HIGH_S004	7.579511269989885	8109.377753627447	0.12748681162725586	0.9523809523809523	0.7692307692307693	0.8510638297872339	20.0	6.0	1.0	26.0	0.7407407407407407	2.095729972007824	0.643237530733353	0.06374340581362793
order	CAMI_HIGH_S004	7.579511269989885	8109.377753627447	0.64332401149927	0.925	0.6379310344827587	0.7551020408163266	37.0	21.0	3.0	58.0	0.6065573770491803	3.0155806168092605	0.7426728090941609	0.32166200574963505
family	CAMI_HIGH_S004	7.579511269989885	8109.377753627447	0.26403511141620056	0.9318181818181818	0.7522935779816514	0.8324873096446701	82.0	27.0	6.0	109.0	0.7130434782608696	3.7109937231472854	0.7910293195702996	0.13201755570810025
genus	CAMI_HIGH_S004	7.579511269989885	8109.377753627447	0.4089290076448553	0.9020618556701031	0.7172131147540983	0.7990867579908677	175.0	69.0	19.0	244.0	0.6653992395437263	4.480751664417181	0.8151017907366646	0.2044645038224277
species	CAMI_HIGH_S004	7.579511269989885	8109.377753627447	1.7847663053306702	0.6255144032921811	0.22822822822822822	0.33443344334433445	152.0	514.0	91.0	666.0	0.20079260237780713	5.795617536370357	0.8914565924715401	0.892383152665337
strain	CAMI_HIGH_S004	7.579511269989885	8109.377753627447	na	0.0	0.0	na	0.0	0.0	1074.0	0.0	0.0	na	na	na
