rank	sample	Weighted UniFrac error	Unweighted UniFrac error	L1 norm error	Completeness (recall)	Purity (precision)	F1 score	True positives	False positives	False negatives	Taxon counts	Jaccard index	Shannon diversity	Shannon equitability	Bray-Curtis distance
superkingdom	CAMI_HIGH_S004	8.618228073686744	8632.013160399756	0.031249414954229515	1.0	0.5	0.6666666666666666	2.0	2.0	0.0	4.0	0.5	0.12020909536508137	0.08671253287647569	0.015624707477114757
phylum	CAMI_HIGH_S004	8.618228073686744	8632.013160399756	0.07749090911273532	0.9166666666666666	0.9166666666666666	0.9166666666666666	11.0	1.0	1.0	12.0	0.8461538461538461	1.2303435881732059	0.49512668344228244	0.038745454556367666
class	CAMI_HIGH_S004	8.618228073686744	8632.013160399756	0.17599920630983257	0.9523809523809523	0.8	0.8695652173913043	20.0	5.0	1.0	25.0	0.7692307692307693	2.1031478909347343	0.6533796285915594	0.08799960315491628
order	CAMI_HIGH_S004	8.618228073686744	8632.013160399756	0.7015008144897225	0.925	0.6981132075471698	0.7956989247311829	37.0	16.0	3.0	53.0	0.6607142857142857	2.96968398270696	0.7479762313119332	0.3507504072448612
family	CAMI_HIGH_S004	8.618228073686744	8632.013160399756	0.3120963026648569	0.9090909090909091	0.8247422680412371	0.8648648648648649	80.0	17.0	8.0	97.0	0.7619047619047619	3.6143180688272323	0.7900647900623564	0.15604815133242841
genus	CAMI_HIGH_S004	8.618228073686744	8632.013160399756	0.46977717093248794	0.8608247422680413	0.8477157360406091	0.8542199488491048	167.0	30.0	27.0	197.0	0.7455357142857143	4.403845670743976	0.8335559060100705	0.2348885854662442
species	CAMI_HIGH_S004	8.618228073686744	8632.013160399756	1.769230531149533	0.6419753086419753	0.1937888198757764	0.29770992366412213	156.0	649.0	87.0	805.0	0.17488789237668162	6.203159854275968	0.9271119534847634	0.8846152655747673
strain	CAMI_HIGH_S004	8.618228073686744	8632.013160399756	1.9300782097653726	0.05493482309124767	0.07329192546583851	0.06279936136242682	59.0	746.0	1015.0	805.0	0.03241758241758242	6.203159854275957	0.9271119534847618	0.9650391048826853
