rank	sample	Weighted UniFrac error	Unweighted UniFrac error	L1 norm error	Completeness (recall)	Purity (precision)	F1 score	True positives	False positives	False negatives	Taxon counts	Jaccard index	Shannon diversity	Shannon equitability	Bray-Curtis distance
superkingdom	CAMI_low_S001	11.542445504005375	9939.464139429378	0.36232515817221933	1.0	0.5	0.6666666666666666	2.0	2.0	0.0	4.0	0.5	0.05821770911893599	0.04199520011890257	0.18116257908610967
phylum	CAMI_low_S001	11.542445504005375	9939.464139429378	0.891555911306379	1.0	0.21428571428571427	0.35294117647058826	6.0	22.0	0.0	28.0	0.21428571428571427	1.1460478596826387	0.3439308290301728	0.44577795565318956
class	CAMI_low_S001	11.542445504005375	9939.464139429378	1.1065762265762262	1.0	0.21428571428571427	0.35294117647058826	12.0	44.0	0.0	56.0	0.21428571428571427	2.095464072767305	0.5205667066533037	0.5532881132881132
order	CAMI_low_S001	11.542445504005375	9939.464139429378	1.3861932941349866	0.9285714285714286	0.11016949152542373	0.196969696969697	13.0	105.0	1.0	118.0	0.1092436974789916	2.7111868556969965	0.5683014219370369	0.6930966470674937
family	CAMI_low_S001	11.542445504005375	9939.464139429378	1.4697977690819797	0.8125	0.05752212389380531	0.10743801652892561	13.0	213.0	3.0	226.0	0.056768558951965066	3.124181359153539	0.5763603333569407	0.7348988845409902
genus	CAMI_low_S001	11.542445504005375	9939.464139429378	1.7251760281736888	0.5	0.02131782945736434	0.040892193308550186	11.0	505.0	11.0	516.0	0.020872865275142316	3.6148264539716157	0.5787327353974423	0.8625880140868476
species	CAMI_low_S001	11.542445504005375	9939.464139429378	1.9444123327015381	0.17391304347826086	0.003745318352059925	0.007332722273143904	4.0	1064.0	19.0	1068.0	0.0036798528058877645	4.284535465437083	0.6143986569587274	0.9722061663507766
strain	CAMI_low_S001	11.542445504005375	9939.464139429378	na	0.0	0.0	na	0.0	0.0	60.0	0.0	0.0	na	na	na
