rank	sample	Weighted UniFrac error	Unweighted UniFrac error	L1 norm error	Completeness (recall)	Purity (precision)	F1 score	True positives	False positives	False negatives	Taxon counts	Jaccard index	Shannon diversity	Shannon equitability	Bray-Curtis distance
superkingdom	CAMI_low_S001	11.192066298486413	1522.3097817361029	0.3635051463723374	0.5	1.0	0.6666666666666666	1.0	0.0	1.0	1.0	0.5	0.0	0.0	0.1817525731861687
phylum	CAMI_low_S001	11.192066298486413	1522.3097817361029	1.025857400269226	1.0	0.8571428571428571	0.923076923076923	6.0	1.0	0.0	7.0	0.8571428571428571	0.9027686959819646	0.46393133640843304	0.512928700134613
class	CAMI_low_S001	11.192066298486413	1522.3097817361029	1.1215704854383264	1.0	0.8	0.888888888888889	12.0	3.0	0.0	15.0	0.8	1.8918236961525843	0.6985925502350689	0.5607852427191632
order	CAMI_low_S001	11.192066298486413	1522.3097817361029	1.3969378470181286	0.9285714285714286	0.3333333333333333	0.4905660377358491	13.0	26.0	1.0	39.0	0.325	2.3350477396961598	0.6373709426079975	0.6984689235090645
family	CAMI_low_S001	11.192066298486413	1522.3097817361029	1.356434694376992	0.75	0.2	0.31578947368421056	12.0	48.0	4.0	60.0	0.1875	2.4753656201491028	0.6045816570957236	0.678217347188496
genus	CAMI_low_S001	11.192066298486413	1522.3097817361029	1.7135627470280337	0.5454545454545454	0.12121212121212122	0.19834710743801653	12.0	87.0	10.0	99.0	0.11009174311926606	2.770334016365572	0.602886128483554	0.8567813735140166
species	CAMI_low_S001	11.192066298486413	1522.3097817361029	1.9444123327015546	0.17391304347826086	0.041666666666666664	0.06722689075630252	4.0	92.0	19.0	96.0	0.034782608695652174	2.84467279423679	0.6232374645638022	0.9722061663507766
strain	CAMI_low_S001	11.192066298486413	1522.3097817361029	na	0.0	0.0	na	0.0	0.0	60.0	0.0	0.0	na	na	na
