rank	sample	Weighted UniFrac error	Unweighted UniFrac error	L1 norm error	Completeness (recall)	Purity (precision)	F1 score	True positives	False positives	False negatives	Taxon counts	Jaccard index	Shannon diversity	Shannon equitability	Bray-Curtis distance
superkingdom	CAMI_low_S001	12.253646571771053	776.8225295298657	0.3635051463723374	0.5	1.0	0.6666666666666666	1.0	0.0	1.0	1.0	0.5	0.0	0.0	0.1817525731861687
phylum	CAMI_low_S001	12.253646571771053	776.8225295298657	1.4899965825965824	0.5	1.0	0.6666666666666666	3.0	0.0	3.0	3.0	0.5	0.2078166599963056	0.1891628758752096	0.7449982912982912
class	CAMI_low_S001	12.253646571771053	776.8225295298657	1.651629508643807	0.4166666666666667	1.0	0.5882352941176471	5.0	0.0	7.0	5.0	0.4166666666666667	0.7756299750865061	0.4819259998128476	0.8258147543219035
order	CAMI_low_S001	12.253646571771053	776.8225295298657	1.660627661705589	0.42857142857142855	0.75	0.5454545454545454	6.0	2.0	8.0	8.0	0.375	0.9952557509785371	0.4786168454509856	0.8303138308527948
family	CAMI_low_S001	12.253646571771053	776.8225295298657	1.7046690600116516	0.3125	0.625	0.4166666666666667	5.0	3.0	11.0	8.0	0.2631578947368421	0.8777696106127455	0.42211795475801484	0.8523345300058258
genus	CAMI_low_S001	12.253646571771053	776.8225295298657	1.8454543596256874	0.22727272727272727	0.45454545454545453	0.30303030303030304	5.0	6.0	17.0	11.0	0.17857142857142858	0.9987470668578963	0.4165098777197001	0.9227271798128436
species	CAMI_low_S001	12.253646571771053	776.8225295298657	1.9340932614627722	0.21739130434782608	0.45454545454545453	0.29411764705882354	5.0	6.0	18.0	11.0	0.1724137931034483	0.9987470668578962	0.41650987771970005	0.9670466307313861
strain	CAMI_low_S001	12.253646571771053	776.8225295298657	na	0.0	0.0	na	0.0	0.0	60.0	0.0	0.0	na	na	na
