rank	sample	Weighted UniFrac error	Unweighted UniFrac error	L1 norm error	Completeness (recall)	Purity (precision)	F1 score	True positives	False positives	False negatives	Taxon counts	Jaccard index	Shannon diversity	Shannon equitability	Bray-Curtis distance
superkingdom	CAMI_low_S001	9.936550331553374	621.0824289187366	0.3635051463723374	0.5	1.0	0.6666666666666666	1.0	0.0	1.0	1.0	0.5	0.0	0.0	0.1817525731861687
phylum	CAMI_low_S001	9.936550331553374	621.0824289187366	0.7047801667284204	1.0	1.0	1.0	6.0	0.0	0.0	6.0	1.0	1.3679527235139226	0.7634689516128405	0.3523900833642102
class	CAMI_low_S001	9.936550331553374	621.0824289187366	0.9947626202662825	0.9166666666666666	0.9166666666666666	0.9166666666666666	11.0	1.0	1.0	12.0	0.8461538461538461	2.153828282299609	0.8667642635522597	0.4973813101331414
order	CAMI_low_S001	9.936550331553374	621.0824289187366	1.0402533672923842	0.8571428571428571	0.8	0.8275862068965518	12.0	3.0	2.0	15.0	0.7058823529411765	2.2919173992931614	0.8463349011625865	0.5201266836461922
family	CAMI_low_S001	9.936550331553374	621.0824289187366	0.8445802017624819	0.9375	0.8333333333333334	0.8823529411764706	15.0	3.0	1.0	18.0	0.7894736842105263	2.235402942794773	0.7733963413833906	0.42229010088124097
genus	CAMI_low_S001	9.936550331553374	621.0824289187366	0.6002229489956091	0.8181818181818182	0.782608695652174	0.8	18.0	5.0	4.0	23.0	0.6666666666666666	2.442902299713757	0.7791123604384788	0.30011147449780456
species	CAMI_low_S001	9.936550331553374	621.0824289187366	1.5241945131539876	0.7391304347826086	0.6538461538461539	0.693877551020408	17.0	9.0	6.0	26.0	0.53125	2.2750707245090633	0.6982821711877902	0.7620972565769938
strain	CAMI_low_S001	9.936550331553374	621.0824289187366	2.0000000000000004	0.0	0.0	na	0.0	14.0	60.0	14.0	0.0	1.4940964536031955	0.5661477819509955	1.0
