rank	sample	Weighted UniFrac error	Unweighted UniFrac error	L1 norm error	Completeness (recall)	Purity (precision)	F1 score	True positives	False positives	False negatives	Taxon counts	Jaccard index	Shannon diversity	Shannon equitability	Bray-Curtis distance
superkingdom	CAMI_low_S001	8.566899747708412	827.0853864788289	0.3635051463723374	0.5	1.0	0.6666666666666666	1.0	0.0	1.0	1.0	0.5	0.0	0.0	0.1817525731861687
phylum	CAMI_low_S001	8.566899747708412	827.0853864788289	0.3136659137962038	1.0	1.0	1.0	6.0	0.0	0.0	6.0	1.0	1.6510339508687808	0.9214595927767565	0.15683295689810192
class	CAMI_low_S001	8.566899747708412	827.0853864788289	0.6265662352386585	0.9166666666666666	0.9166666666666666	0.9166666666666666	11.0	1.0	1.0	12.0	0.8461538461538461	2.234802469660449	0.8993506737370238	0.31328311761932925
order	CAMI_low_S001	8.566899747708412	827.0853864788289	0.8903815481943279	0.8571428571428571	0.75	0.7999999999999999	12.0	4.0	2.0	16.0	0.6666666666666666	2.3176130951993263	0.8359022297858473	0.44519077409716395
family	CAMI_low_S001	8.566899747708412	827.0853864788289	0.7206540250037989	0.9375	0.6818181818181818	0.7894736842105263	15.0	7.0	1.0	22.0	0.6521739130434783	2.2505209423190413	0.7280783024749221	0.3603270125018995
genus	CAMI_low_S001	8.566899747708412	827.0853864788289	0.5790050896237107	0.8636363636363636	0.6785714285714286	0.76	19.0	9.0	3.0	28.0	0.6129032258064516	2.438736600714587	0.7318688253580092	0.2895025448118553
species	CAMI_low_S001	8.566899747708412	827.0853864788289	1.5465343961573437	0.782608695652174	0.24324324324324326	0.3711340206185567	18.0	56.0	5.0	74.0	0.22784810126582278	2.5444579857152805	0.5911755353637214	0.7732671980786721
strain	CAMI_low_S001	8.566899747708412	827.0853864788289	1.8407009557942646	0.15	0.12162162162162163	0.13432835820895522	9.0	65.0	51.0	74.0	0.072	2.54445798571528	0.5911755353637212	0.9203504778971325
