rank	sample	Weighted UniFrac error	Unweighted UniFrac error	L1 norm error	Completeness (recall)	Purity (precision)	F1 score	True positives	False positives	False negatives	Taxon counts	Jaccard index	Shannon diversity	Shannon equitability	Bray-Curtis distance
superkingdom	CAMI_low_S001	11.82375353118827	774.7699022116465	0.3635051463723374	0.5	1.0	0.6666666666666666	1.0	0.0	1.0	1.0	0.5	0.0	0.0	0.1817525731861687
phylum	CAMI_low_S001	11.82375353118827	774.7699022116465	1.3455019825965826	0.5	1.0	0.6666666666666666	3.0	0.0	3.0	3.0	0.5	0.39210906836807224	0.35691305514472377	0.6727509912982913
class	CAMI_low_S001	11.82375353118827	774.7699022116465	1.4374955599468722	0.5	1.0	0.6666666666666666	6.0	0.0	6.0	6.0	0.5	1.3911730545157543	0.7764284650970001	0.7187477799734361
order	CAMI_low_S001	11.82375353118827	774.7699022116465	1.4374940673741627	0.5	1.0	0.6666666666666666	7.0	0.0	7.0	7.0	0.5	1.5042603689907061	0.7730369101168334	0.7187470336870815
family	CAMI_low_S001	11.82375353118827	774.7699022116465	1.559748717122673	0.375	1.0	0.5454545454545454	6.0	0.0	10.0	6.0	0.375	1.2999544793970828	0.7255184089844063	0.7798743585613365
genus	CAMI_low_S001	11.82375353118827	774.7699022116465	1.723809377006146	0.2727272727272727	0.6666666666666666	0.3870967741935484	6.0	3.0	16.0	9.0	0.24	1.535159920139544	0.6986813892281679	0.8619046885030732
species	CAMI_low_S001	11.82375353118827	774.7699022116465	1.9340932614627717	0.21739130434782608	1.0	0.3571428571428571	5.0	0.0	18.0	5.0	0.21739130434782608	1.112005249527211	0.6909277089449345	0.9670466307313859
strain	CAMI_low_S001	11.82375353118827	774.7699022116465	na	0.0	0.0	na	0.0	0.0	60.0	0.0	0.0	na	na	na
