rank	sample	Weighted UniFrac error	Unweighted UniFrac error	L1 norm error	Completeness (recall)	Purity (precision)	F1 score	True positives	False positives	False negatives	Taxon counts	Jaccard index	Shannon diversity	Shannon equitability	Bray-Curtis distance
superkingdom	CAMI_low_S001	9.720076430623878	636.7602106645569	0.3635051463723374	0.5	1.0	0.6666666666666666	1.0	0.0	1.0	1.0	0.5	0.0	0.0	0.1817525731861687
phylum	CAMI_low_S001	9.720076430623878	636.7602106645569	0.638055413334881	0.6666666666666666	1.0	0.8	4.0	0.0	2.0	4.0	0.6666666666666666	1.0818336998136364	0.7803780568938464	0.3190277066674405
class	CAMI_low_S001	9.720076430623878	636.7602106645569	0.6744317837012934	0.75	0.9	0.8181818181818182	9.0	1.0	3.0	10.0	0.6923076923076923	1.7518820176821102	0.7608326932248755	0.33721589185064677
order	CAMI_low_S001	9.720076430623878	636.7602106645569	0.9472463900711758	0.7142857142857143	0.7692307692307693	0.7407407407407408	10.0	3.0	4.0	13.0	0.5882352941176471	1.857597530385539	0.7242238623471127	0.4736231950355879
family	CAMI_low_S001	9.720076430623878	636.7602106645569	1.2438080680854997	0.8125	0.7647058823529411	0.787878787878788	13.0	4.0	3.0	17.0	0.65	1.746900006795944	0.6165790551780213	0.6219040340427499
genus	CAMI_low_S001	9.720076430623878	636.7602106645569	0.9104858382120024	0.6818181818181818	0.7142857142857143	0.6976744186046512	15.0	6.0	7.0	21.0	0.5357142857142857	1.9150490460221832	0.6290145943066799	0.4552429191060013
species	CAMI_low_S001	9.720076430623878	636.7602106645569	1.7962733948982659	0.5652173913043478	0.6190476190476191	0.5909090909090909	13.0	8.0	10.0	21.0	0.41935483870967744	1.4083645138881453	0.4625896319362541	0.8981366974491327
strain	CAMI_low_S001	9.720076430623878	636.7602106645569	na	0.0	0.0	na	0.0	0.0	60.0	0.0	0.0	na	na	na
