tool	sample	Weighted UniFrac error	Unweighted UniFrac error	L1 norm error	Completeness (recall)	Purity (precision)	F1 score	True positives	False positives	False negatives	Taxon counts	Jaccard index	Shannon diversity	Shannon equitability	Bray-Curtis distance
Metalign	CAMI_HIGH_S001	8.752734644476298	10046.548402751137	0.1787370526369181	0.7619047619047619	0.8421052631578947	0.8	16.0	3.0	5.0	19.0	0.6666666666666666	2.0835225240490076	0.7076127366846791	0.08936852631845903
Bracken_custom	CAMI_HIGH_S001	7.70119422906945	9856.920313614055	0.10906484011191647	0.7619047619047619	0.8888888888888888	0.8205128205128205	16.0	2.0	5.0	18.0	0.6956521739130435	2.086145349740058	0.7217567581197636	0.05453242005595822
Bracken_original	CAMI_HIGH_S001	8.34950326873026	10247.492901579515	0.3133787614460767	0.6666666666666666	0.9333333333333333	0.7777777777777778	14.0	1.0	7.0	15.0	0.6363636363636364	1.857360359246061	0.6858662954217364	0.1566893807230383
