tool	sample	Weighted UniFrac error	Unweighted UniFrac error	L1 norm error	Completeness (recall)	Purity (precision)	F1 score	True positives	False positives	False negatives	Taxon counts	Jaccard index	Shannon diversity	Shannon equitability	Bray-Curtis distance
Metalign	CAMI_HIGH_S001	8.752734644476298	10046.548402751137	0.3397826461106911	0.6022727272727273	0.8688524590163934	0.7114093959731543	53.0	8.0	35.0	61.0	0.5520833333333334	3.54112099807103	0.8614034667743673	0.16989132305534543
Bracken_custom	CAMI_HIGH_S001	7.70119422906945	9856.920313614055	0.2562106258908251	0.6818181818181818	0.8823529411764706	0.7692307692307693	60.0	8.0	28.0	68.0	0.625	3.631490669509617	0.8606432132011125	0.1281053129454125
Bracken_original	CAMI_HIGH_S001	8.34950326873026	10247.492901579515	0.5961651530862444	0.5681818181818182	0.7246376811594203	0.6369426751592357	50.0	19.0	38.0	69.0	0.4672897196261682	3.5618232301476738	0.8412219263451116	0.29808257654312226
