tool	sample	Weighted UniFrac error	Unweighted UniFrac error	L1 norm error	Completeness (recall)	Purity (precision)	F1 score	True positives	False positives	False negatives	Taxon counts	Jaccard index	Shannon diversity	Shannon equitability	Bray-Curtis distance
Metalign	CAMI_HIGH_S001	8.752734644476298	10046.548402751137	0.46670508582821846	0.520618556701031	0.8859649122807017	0.6558441558441558	101.0	13.0	93.0	114.0	0.48792270531400966	4.159310131540207	0.8781959153232175	0.23335254291410948
Bracken_custom	CAMI_HIGH_S001	7.70119422906945	9856.920313614055	0.38142703513791576	0.5876288659793815	0.9193548387096774	0.7169811320754718	114.0	10.0	80.0	124.0	0.5588235294117647	4.219813161604192	0.8754287699113952	0.190713517568958
Bracken_original	CAMI_HIGH_S001	8.34950326873026	10247.492901579515	0.9710030256858906	0.3865979381443299	0.5859375	0.46583850931677023	75.0	53.0	119.0	128.0	0.30364372469635625	4.164320148241612	0.8582634323631667	0.48550151284294485
