tool	sample	Weighted UniFrac error	Unweighted UniFrac error	L1 norm error	Completeness (recall)	Purity (precision)	F1 score	True positives	False positives	False negatives	Taxon counts	Jaccard index	Shannon diversity	Shannon equitability	Bray-Curtis distance
Metalign	CAMI_HIGH_S001	8.752734644476298	10046.548402751137	0.7098193013270517	0.675	0.7297297297297297	0.7012987012987014	27.0	10.0	13.0	37.0	0.54	2.8609910153776346	0.79231682486035	0.3549096506635258
Bracken_custom	CAMI_HIGH_S001	7.70119422906945	9856.920313614055	0.6391035623347249	0.7	0.7368421052631579	0.717948717948718	28.0	10.0	12.0	38.0	0.56	2.9292813064644596	0.8052816284865115	0.31955178116736255
Bracken_original	CAMI_HIGH_S001	8.34950326873026	10247.492901579515	0.860340594957751	0.7	0.6829268292682927	0.6913580246913581	28.0	13.0	12.0	41.0	0.5283018867924528	2.851367172153148	0.7678233035298698	0.4301702974788757
