tool	sample	Weighted UniFrac error	Unweighted UniFrac error	L1 norm error	Completeness (recall)	Purity (precision)	F1 score	True positives	False positives	False negatives	Taxon counts	Jaccard index	Shannon diversity	Shannon equitability	Bray-Curtis distance
Metalign	CAMI_HIGH_S001	8.752734644476298	10046.548402751137	0.09624499099458227	0.6666666666666666	1.0	0.8	8.0	0.0	4.0	8.0	0.6666666666666666	1.2130519535480722	0.583354679241491	0.04812249549729112
Bracken_custom	CAMI_HIGH_S001	7.70119422906945	9856.920313614055	0.05593824389444824	0.6666666666666666	1.0	0.8	8.0	0.0	4.0	8.0	0.6666666666666666	1.2515336285612635	0.6018604531437016	0.027969121947224118
Bracken_original	CAMI_HIGH_S001	8.34950326873026	10247.492901579515	0.23754850953548015	0.4166666666666667	0.625	0.5	5.0	3.0	7.0	8.0	0.3333333333333333	1.1085844689613071	0.5331164385923343	0.11877425476774002
