tool	sample	Weighted UniFrac error	Unweighted UniFrac error	L1 norm error	Completeness (recall)	Purity (precision)	F1 score	True positives	False positives	False negatives	Taxon counts	Jaccard index	Shannon diversity	Shannon equitability	Bray-Curtis distance
Metalign	CAMI_HIGH_S001	8.752734644476298	10046.548402751137	1.8203828835024938	0.26337448559670784	0.2570281124497992	0.26016260162601623	64.0	185.0	179.0	249.0	0.14953271028037382	5.2889565918970325	0.958586632481433	0.9101914417512477
Bracken_custom	CAMI_HIGH_S001	7.70119422906945	9856.920313614055	1.8152176358816319	0.32098765432098764	0.33766233766233766	0.32911392405063294	78.0	153.0	165.0	231.0	0.19696969696969696	5.074582847478391	0.9324133349168937	0.9076088179408164
Bracken_original	CAMI_HIGH_S001	8.34950326873026	10247.492901579515	1.9713538713595884	0.03292181069958848	0.04790419161676647	0.039024390243902446	8.0	159.0	235.0	167.0	0.01990049751243781	4.596615846602228	0.8981284493643558	0.9856769356797948
