tool	sample	Weighted UniFrac error	Unweighted UniFrac error	L1 norm error	Completeness (recall)	Purity (precision)	F1 score	True positives	False positives	False negatives	Taxon counts	Jaccard index	Shannon diversity	Shannon equitability	Bray-Curtis distance
Metalign	CAMI_HIGH_S001	8.752734644476298	10046.548402751137	0.032828454350891684	1.0	0.5	0.6666666666666666	2.0	2.0	0.0	4.0	0.5	0.11213491244131084	0.08088824104479864	0.016414227175445842
Bracken_custom	CAMI_HIGH_S001	7.70119422906945	9856.920313614055	0.007726278274977069	1.0	0.6666666666666666	0.8	2.0	1.0	0.0	3.0	0.6666666666666666	0.03862241239530621	0.0351556347891663	0.0038631391374885347
Bracken_original	CAMI_HIGH_S001	8.34950326873026	10247.492901579515	0.009863700850825222	1.0	0.6666666666666666	0.8	2.0	1.0	0.0	3.0	0.6666666666666666	0.07837961444892434	0.07134419963929858	0.004931850425412611
