rank	sample	Weighted UniFrac error	Unweighted UniFrac error	L1 norm error	Completeness (recall)	Purity (precision)	F1 score	True positives	False positives	False negatives	Taxon counts	Jaccard index	Shannon diversity	Shannon equitability	Bray-Curtis distance
superkingdom	CAMI_HIGH_S005	7.70981257642427	9589.958465940657	0.013359761566243746	1.0	0.6666666666666666	0.8	2.0	1.0	0.0	3.0	0.6666666666666666	0.056122680676094557	0.05108506545483325	0.006679880783121873
phylum	CAMI_HIGH_S005	7.70981257642427	9589.958465940657	0.06001340046369565	0.6666666666666666	1.0	0.8	8.0	0.0	4.0	8.0	0.6666666666666666	1.2267073602896732	0.5899215417706342	0.030006700231847826
class	CAMI_HIGH_S005	7.70981257642427	9589.958465940657	0.13091452788680843	0.7619047619047619	0.8421052631578947	0.8	16.0	3.0	5.0	19.0	0.6666666666666666	2.0595275790669207	0.6994634949609196	0.06545726394340422
order	CAMI_HIGH_S005	7.70981257642427	9589.958465940657	0.6487222939161515	0.8	0.7441860465116279	0.7710843373493975	32.0	11.0	8.0	43.0	0.6274509803921569	2.992590557615642	0.7956477894194179	0.3243611469580757
family	CAMI_HIGH_S005	7.70981257642427	9589.958465940657	0.26558839923818567	0.7272727272727273	0.8648648648648649	0.7901234567901235	64.0	10.0	24.0	74.0	0.6530612244897959	3.6262245028816302	0.8425115383610706	0.1327941996190928
genus	CAMI_HIGH_S005	7.70981257642427	9589.958465940657	0.41254972449104216	0.6855670103092784	0.8866666666666667	0.7732558139534884	133.0	17.0	61.0	150.0	0.6303317535545023	4.307843932272214	0.8597400687589256	0.206274862245521
species	CAMI_HIGH_S005	7.70981257642427	9589.958465940657	1.8207658202337753	0.411522633744856	0.3508771929824561	0.3787878787878788	100.0	185.0	143.0	285.0	0.2336448598130841	5.325016641718061	0.9420657823293656	0.9103829101168884
strain	CAMI_HIGH_S005	7.70981257642427	9589.958465940657	na	0.0	0.0	na	0.0	0.0	1074.0	0.0	0.0	na	na	na
