tool	sample	Weighted UniFrac error	Unweighted UniFrac error	L1 norm error	Completeness (recall)	Purity (precision)	F1 score	True positives	False positives	False negatives	Taxon counts	Jaccard index	Shannon diversity	Shannon equitability	Bray-Curtis distance
Metalign	CAMI_HIGH_S002	8.824281234273057	9996.62431139113	0.2081127255984914	0.7142857142857143	0.8333333333333334	0.7692307692307692	15.0	3.0	6.0	18.0	0.625	2.0869099044550596	0.7220212758977668	0.10405636279924568
Bracken+Kraken2	CAMI_HIGH_S002	8.42114715688639	10261.515057051161	0.34124762088349864	0.6666666666666666	0.8235294117647058	0.7368421052631577	14.0	3.0	7.0	17.0	0.5833333333333334	1.9215595332572937	0.678226204633874	0.17062381044174935
CLARK	CAMI_HIGH_S002	8.653048103711606	11083.093494844474	0.3108624110188442	0.5714285714285714	1.0	0.7272727272727273	12.0	0.0	9.0	12.0	0.5714285714285714	1.9335646421792232	0.7781236539989078	0.1554312055094221
GOTTCHA	CAMI_HIGH_S002	11.694800388809835	11315.961378019958	1.502029803365077	0.42857142857142855	0.8181818181818182	0.5625	9.0	2.0	12.0	11.0	0.391304347826087	1.2149549566350522	0.5066755710382572	0.7510149016825386
MEGAN+DIAMOND	CAMI_HIGH_S002	10.176015184965287	10152.348510362131	0.3380401719057815	0.7619047619047619	0.8888888888888888	0.8205128205128205	16.0	2.0	5.0	18.0	0.6956521739130435	2.217254145827156	0.7671172885528901	0.1690200859528908
MetaBinG2	CAMI_HIGH_S002	11.766516253016166	11489.40102189715	0.7662453198841606	0.23809523809523808	0.7142857142857143	0.35714285714285715	5.0	2.0	16.0	7.0	0.21739130434782608	1.7409215751997795	0.894656711690902	0.3831226599420803
MetaPhlAn2	CAMI_HIGH_S002	9.745760372349421	11134.225636969375	0.9919381115043464	0.47619047619047616	1.0	0.6451612903225806	10.0	0.0	11.0	10.0	0.47619047619047616	1.7517084174726056	0.7607572996118304	0.49596905575217304
mOTUs2	CAMI_HIGH_S002	7.751889401807509	9978.750957183367	0.10624657787260063	0.8571428571428571	0.9	0.8780487804878048	18.0	2.0	3.0	20.0	0.782608695652174	2.146547853610649	0.716535276720202	0.053123288936300306
