tool	sample	Weighted UniFrac error	Unweighted UniFrac error	L1 norm error	Completeness (recall)	Purity (precision)	F1 score	True positives	False positives	False negatives	Taxon counts	Jaccard index	Shannon diversity	Shannon equitability	Bray-Curtis distance
Metalign	CAMI_HIGH_S002	8.824281234273057	9996.624311391128	0.2081127255984914	0.7142857142857143	0.8333333333333334	0.7692307692307692	15.0	3.0	6.0	18.0	0.625	2.086909904455059	0.7220212758977665	0.10405636279924571
Bracken+Kraken2	CAMI_HIGH_S002	8.421147156886388	10261.515057051163	0.3412476208834987	0.6666666666666666	0.8235294117647058	0.7368421052631577	14.0	3.0	7.0	17.0	0.5833333333333334	1.9215595332572935	0.678226204633874	0.17062381044174935
CLARK	CAMI_HIGH_S002	8.653048103711612	11083.093494844474	0.31086241101884426	0.5714285714285714	1.0	0.7272727272727273	12.0	0.0	9.0	12.0	0.5714285714285714	1.933564642179223	0.7781236539989077	0.15543120550942208
GOTTCHA	CAMI_HIGH_S002	11.694800388809837	11315.96137801996	1.5020298033650774	0.42857142857142855	0.8181818181818182	0.5625	9.0	2.0	12.0	11.0	0.391304347826087	1.2149549566350522	0.5066755710382572	0.7510149016825385
MEGAN+DIAMOND	CAMI_HIGH_S002	10.176015184965296	10152.348510362133	0.3380401719057815	0.7619047619047619	0.8888888888888888	0.8205128205128205	16.0	2.0	5.0	18.0	0.6956521739130435	2.217254145827156	0.7671172885528901	0.16902008595289075
MetaPhlAn2	CAMI_HIGH_S002	9.745760372349421	11134.225636969377	0.9919381115043463	0.47619047619047616	1.0	0.6451612903225806	10.0	0.0	11.0	10.0	0.47619047619047616	1.7517084174726054	0.7607572996118303	0.49596905575217315
mOTUs2	CAMI_HIGH_S002	7.751889401807513	9978.750957183367	0.10624657787260058	0.8571428571428571	0.9	0.8780487804878048	18.0	2.0	3.0	20.0	0.782608695652174	2.146547853610649	0.716535276720202	0.05312328893630029
