tool	sample	Weighted UniFrac error	Unweighted UniFrac error	L1 norm error	Completeness (recall)	Purity (precision)	F1 score	True positives	False positives	False negatives	Taxon counts	Jaccard index	Shannon diversity	Shannon equitability	Bray-Curtis distance
Metalign	CAMI_HIGH_S002	8.824281234273057	9996.62431139113	0.37328357470175794	0.5909090909090909	0.8524590163934426	0.697986577181208	52.0	9.0	36.0	61.0	0.5360824742268041	3.554145122178593	0.8645716797961945	0.1866417873508789
Bracken+Kraken2	CAMI_HIGH_S002	8.42114715688639	10261.515057051161	0.6390230480155306	0.5909090909090909	0.7323943661971831	0.6540880503144655	52.0	19.0	36.0	71.0	0.48598130841121495	3.5520438104320413	0.8332888963966678	0.3195115240077653
CLARK	CAMI_HIGH_S002	8.653048103711606	11083.093494844474	0.6894004731670464	0.375	0.9705882352941176	0.540983606557377	33.0	1.0	55.0	34.0	0.3707865168539326	3.2420341873492458	0.9193711660273692	0.3447002365835232
GOTTCHA	CAMI_HIGH_S002	11.694800388809835	11315.961378019958	1.6648972574407759	0.23863636363636365	0.875	0.37499999999999994	21.0	3.0	67.0	24.0	0.23076923076923078	1.454210085721683	0.4575788087146625	0.8324486287203878
MEGAN+DIAMOND	CAMI_HIGH_S002	10.176015184965287	10152.348510362131	0.3513051617319858	0.6931818181818182	0.8840579710144928	0.7770700636942676	61.0	8.0	27.0	69.0	0.6354166666666666	3.699669755582138	0.8737781516750117	0.1756525808659928
MetaBinG2	CAMI_HIGH_S002	11.766516253016166	11489.40102189715	1.5174235568582364	0.07954545454545454	0.875	0.14583333333333331	7.0	1.0	81.0	8.0	0.07865168539325842	1.7389471054783663	0.8362567884806188	0.7587117784291179
MetaPhlAn2	CAMI_HIGH_S002	9.745760372349421	11134.225636969375	1.2258326874611658	0.42045454545454547	1.0	0.5920000000000001	37.0	0.0	51.0	37.0	0.42045454545454547	2.7693916863589103	0.7669494996442398	0.6129163437305828
mOTUs2	CAMI_HIGH_S002	7.751889401807509	9978.750957183367	0.25999241390350336	0.7840909090909091	0.8734177215189873	0.8263473053892215	69.0	10.0	19.0	79.0	0.7040816326530612	3.665978329103962	0.8390026504227815	0.12999620695175165
