tool	sample	Weighted UniFrac error	Unweighted UniFrac error	L1 norm error	Completeness (recall)	Purity (precision)	F1 score	True positives	False positives	False negatives	Taxon counts	Jaccard index	Shannon diversity	Shannon equitability	Bray-Curtis distance
Metalign	CAMI_HIGH_S002	8.824281234273057	9996.624311391128	0.5486507115585771	0.5103092783505154	0.853448275862069	0.6387096774193548	99.0	17.0	95.0	116.0	0.46919431279620855	4.203061098675429	0.8841866735881151	0.27432535577928846
Bracken+Kraken2	CAMI_HIGH_S002	8.421147156886388	10261.515057051163	1.007279248262742	0.39690721649484534	0.616	0.48275862068965514	77.0	48.0	117.0	125.0	0.3181818181818182	4.110735798021945	0.851381252685273	0.5036396241313708
CLARK	CAMI_HIGH_S002	8.653048103711612	11083.093494844474	1.0915162822212798	0.20103092783505155	0.8478260869565217	0.325	39.0	7.0	155.0	46.0	0.19402985074626866	3.501892140505611	0.9146566047467604	0.5457581411106396
GOTTCHA	CAMI_HIGH_S002	11.694800388809837	11315.96137801996	1.8421865165406561	0.0979381443298969	0.6785714285714286	0.17117117117117117	19.0	9.0	175.0	28.0	0.09359605911330049	1.5984048362332237	0.47968389435652653	0.9210932582703276
MEGAN+DIAMOND	CAMI_HIGH_S002	10.176015184965296	10152.348510362133	0.5399965505699099	0.6597938144329897	0.920863309352518	0.7687687687687689	128.0	11.0	66.0	139.0	0.624390243902439	4.335659632931238	0.8786467801199764	0.26999827528495485
MetaPhlAn2	CAMI_HIGH_S002	9.745760372349421	11134.225636969377	1.480698937349493	0.19072164948453607	0.8409090909090909	0.3109243697478991	37.0	7.0	157.0	44.0	0.18407960199004975	2.8444090934366066	0.7516560660548668	0.7403494686747463
mOTUs2	CAMI_HIGH_S002	7.751889401807513	9978.750957183367	0.4125142119422622	0.6597938144329897	0.8951048951048951	0.7596439169139465	128.0	15.0	66.0	143.0	0.6124401913875598	4.403951204971039	0.8873844605408092	0.206257105971131
