tool	sample	Weighted UniFrac error	Unweighted UniFrac error	L1 norm error	Completeness (recall)	Purity (precision)	F1 score	True positives	False positives	False negatives	Taxon counts	Jaccard index	Shannon diversity	Shannon equitability	Bray-Curtis distance
Metalign	CAMI_HIGH_S002	8.824281234273057	9996.62431139113	0.5486507115585774	0.5103092783505154	0.853448275862069	0.6387096774193548	99.0	17.0	95.0	116.0	0.46919431279620855	4.203061098675428	0.8841866735881149	0.2743253557792885
Bracken+Kraken2	CAMI_HIGH_S002	8.42114715688639	10261.515057051161	1.0072792482627415	0.39690721649484534	0.616	0.48275862068965514	77.0	48.0	117.0	125.0	0.3181818181818182	4.110735798021946	0.8513812526852732	0.5036396241313708
CLARK	CAMI_HIGH_S002	8.653048103711606	11083.093494844474	1.0915162822212796	0.20103092783505155	0.8478260869565217	0.325	39.0	7.0	155.0	46.0	0.19402985074626866	3.501892140505611	0.9146566047467604	0.5457581411106397
GOTTCHA	CAMI_HIGH_S002	11.694800388809835	11315.961378019958	1.8421865165406561	0.0979381443298969	0.6785714285714286	0.17117117117117117	19.0	9.0	175.0	28.0	0.09359605911330049	1.5984048362332235	0.4796838943565265	0.9210932582703276
MEGAN+DIAMOND	CAMI_HIGH_S002	10.176015184965287	10152.348510362131	0.5399965505699101	0.6597938144329897	0.920863309352518	0.7687687687687689	128.0	11.0	66.0	139.0	0.624390243902439	4.335659632931237	0.8786467801199762	0.2699982752849549
MetaBinG2	CAMI_HIGH_S002	11.766516253016166	11489.40102189715	1.7703387096189465	0.041237113402061855	0.7272727272727273	0.07804878048780488	8.0	3.0	186.0	11.0	0.04060913705583756	2.127950133255368	0.8874241329030297	0.8851693548094736
MetaPhlAn2	CAMI_HIGH_S002	9.745760372349421	11134.225636969375	1.4806989373494914	0.19072164948453607	0.8409090909090909	0.3109243697478991	37.0	7.0	157.0	44.0	0.18407960199004975	2.8444090934366075	0.751656066054867	0.7403494686747463
mOTUs2	CAMI_HIGH_S002	7.751889401807509	9978.750957183367	0.4125142119422625	0.6597938144329897	0.8951048951048951	0.7596439169139465	128.0	15.0	66.0	143.0	0.6124401913875598	4.403951204971042	0.8873844605408098	0.206257105971131
