tool	sample	Weighted UniFrac error	Unweighted UniFrac error	L1 norm error	Completeness (recall)	Purity (precision)	F1 score	True positives	False positives	False negatives	Taxon counts	Jaccard index	Shannon diversity	Shannon equitability	Bray-Curtis distance
Metalign	CAMI_HIGH_S002	8.824281234273057	9996.62431139113	0.7373104035597361	0.7	0.7	0.7	28.0	12.0	12.0	40.0	0.5384615384615384	2.896551098046217	0.7852116432853089	0.368655201779868
Bracken+Kraken2	CAMI_HIGH_S002	8.42114715688639	10261.515057051161	0.8725210545368094	0.725	0.6590909090909091	0.6904761904761905	29.0	15.0	11.0	44.0	0.5272727272727272	2.882112984593379	0.7616195971683255	0.43626052726840464
CLARK	CAMI_HIGH_S002	8.653048103711606	11083.093494844474	0.9174009893806327	0.45	0.75	0.5625000000000001	18.0	6.0	22.0	24.0	0.391304347826087	2.7094240491631716	0.8525418994764268	0.45870049469031643
GOTTCHA	CAMI_HIGH_S002	11.694800388809835	11315.961378019958	1.2879075873526933	0.325	0.7647058823529411	0.456140350877193	13.0	4.0	27.0	17.0	0.29545454545454547	2.1155491026687816	0.7466960111235468	0.6439537936763466
MEGAN+DIAMOND	CAMI_HIGH_S002	10.176015184965287	10152.348510362131	0.6516792449489202	0.75	0.7142857142857143	0.7317073170731706	30.0	12.0	10.0	42.0	0.5769230769230769	3.010471259759469	0.805440706967063	0.3258396224744601
MetaBinG2	CAMI_HIGH_S002	11.766516253016166	11489.40102189715	1.5836340409148983	0.1	0.5	0.16666666666666669	4.0	4.0	36.0	8.0	0.09090909090909091	1.7990624899128167	0.8651661774821905	0.791817020457449
MetaPhlAn2	CAMI_HIGH_S002	9.745760372349421	11134.225636969375	1.0295128853155768	0.5	1.0	0.6666666666666666	20.0	0.0	20.0	20.0	0.5	2.3492840596169398	0.7842102848629606	0.5147564426577884
mOTUs2	CAMI_HIGH_S002	7.751889401807509	9978.750957183367	0.5981176297829961	0.825	0.75	0.7857142857142856	33.0	11.0	7.0	44.0	0.6470588235294118	2.942385597853428	0.7775470794276226	0.2990588148914981
