tool	sample	Weighted UniFrac error	Unweighted UniFrac error	L1 norm error	Completeness (recall)	Purity (precision)	F1 score	True positives	False positives	False negatives	Taxon counts	Jaccard index	Shannon diversity	Shannon equitability	Bray-Curtis distance
Metalign	CAMI_HIGH_S002	8.824281234273057	9996.62431139113	0.1107186840822749	0.5833333333333334	1.0	0.7368421052631579	7.0	0.0	5.0	7.0	0.5833333333333334	1.1607078251377407	0.5964858273138834	0.05535934204113745
Bracken+Kraken2	CAMI_HIGH_S002	8.42114715688639	10261.515057051161	0.20594801523651604	0.4166666666666667	0.625	0.5	5.0	3.0	7.0	8.0	0.3333333333333333	1.11851864644754	0.5378937681239007	0.10297400761825803
CLARK	CAMI_HIGH_S002	8.653048103711606	11083.093494844474	0.18688361635497588	0.4166666666666667	1.0	0.5882352941176471	5.0	0.0	7.0	5.0	0.4166666666666667	1.0913951023481545	0.6781219044961715	0.09344180817748794
GOTTCHA	CAMI_HIGH_S002	11.694800388809835	11315.961378019958	0.7466797740015374	0.3333333333333333	1.0	0.5	4.0	0.0	8.0	4.0	0.3333333333333333	0.531063053551494	0.38308101687904517	0.37333988700076876
MEGAN+DIAMOND	CAMI_HIGH_S002	10.176015184965287	10152.348510362131	0.16679443406498898	0.5833333333333334	1.0	0.7368421052631579	7.0	0.0	5.0	7.0	0.5833333333333334	1.2511877167924916	0.6429832936530545	0.08339721703249448
MetaBinG2	CAMI_HIGH_S002	11.766516253016166	11489.40102189715	0.5729456962967838	0.25	1.0	0.4	3.0	0.0	9.0	3.0	0.25	1.0588529456107905	0.9638094863243145	0.2864728481483919
MetaPhlAn2	CAMI_HIGH_S002	9.745760372349421	11134.225636969375	0.4987074928703798	0.4166666666666667	1.0	0.5882352941176471	5.0	0.0	7.0	5.0	0.4166666666666667	0.9186928296791398	0.570815949209073	0.24935374643518987
mOTUs2	CAMI_HIGH_S002	7.751889401807509	9978.750957183367	0.05602254862827391	0.75	1.0	0.8571428571428571	9.0	0.0	3.0	9.0	0.75	1.2619511871846976	0.5743387363319091	0.028011274314136955
