tool	sample	Weighted UniFrac error	Unweighted UniFrac error	L1 norm error	Completeness (recall)	Purity (precision)	F1 score	True positives	False positives	False negatives	Taxon counts	Jaccard index	Shannon diversity	Shannon equitability	Bray-Curtis distance
Metalign	CAMI_HIGH_S002	8.824281234273057	9996.624311391128	0.1107186840822749	0.5833333333333334	1.0	0.7368421052631579	7.0	0.0	5.0	7.0	0.5833333333333334	1.1607078251377407	0.5964858273138834	0.05535934204113745
Bracken+Kraken2	CAMI_HIGH_S002	8.421147156886388	10261.515057051163	0.20594801523651607	0.4166666666666667	0.625	0.5	5.0	3.0	7.0	8.0	0.3333333333333333	1.1185186464475398	0.5378937681239006	0.10297400761825803
CLARK	CAMI_HIGH_S002	8.653048103711612	11083.093494844474	0.18688361635497586	0.4166666666666667	1.0	0.5882352941176471	5.0	0.0	7.0	5.0	0.4166666666666667	1.0913951023481547	0.6781219044961716	0.09344180817748793
GOTTCHA	CAMI_HIGH_S002	11.694800388809837	11315.96137801996	0.7466797740015374	0.3333333333333333	1.0	0.5	4.0	0.0	8.0	4.0	0.3333333333333333	0.531063053551494	0.38308101687904517	0.3733398870007687
MEGAN+DIAMOND	CAMI_HIGH_S002	10.176015184965296	10152.348510362133	0.16679443406498898	0.5833333333333334	1.0	0.7368421052631579	7.0	0.0	5.0	7.0	0.5833333333333334	1.2511877167924916	0.6429832936530545	0.08339721703249448
MetaPhlAn2	CAMI_HIGH_S002	9.745760372349421	11134.225636969377	0.4987074928703798	0.4166666666666667	1.0	0.5882352941176471	5.0	0.0	7.0	5.0	0.4166666666666667	0.9186928296791397	0.5708159492090729	0.24935374643518998
mOTUs2	CAMI_HIGH_S002	7.751889401807513	9978.750957183367	0.056022548628273904	0.75	1.0	0.8571428571428571	9.0	0.0	3.0	9.0	0.75	1.2619511871846976	0.5743387363319091	0.028011274314136952
