tool	sample	Weighted UniFrac error	Unweighted UniFrac error	L1 norm error	Completeness (recall)	Purity (precision)	F1 score	True positives	False positives	False negatives	Taxon counts	Jaccard index	Shannon diversity	Shannon equitability	Bray-Curtis distance
Metalign	CAMI_HIGH_S002	8.824281234273057	9996.62431139113	1.8237279914522582	0.2674897119341564	0.23897058823529413	0.2524271844660194	65.0	207.0	178.0	272.0	0.14444444444444443	5.398430645358821	0.963007716204615	0.911863995726129
Bracken+Kraken2	CAMI_HIGH_S002	8.42114715688639	10261.515057051161	1.9724989675673148	0.03292181069958848	0.04938271604938271	0.03950617283950618	8.0	154.0	235.0	162.0	0.020151133501259445	4.464080332094912	0.8774438925471488	0.9862494837836571
CLARK	CAMI_HIGH_S002	8.653048103711606	11083.093494844474	1.9762855073906165	0.024691358024691357	0.15	0.04240282685512367	6.0	34.0	237.0	40.0	0.021660649819494584	3.374629035598023	0.9148114156548398	0.9881427536953082
GOTTCHA	CAMI_HIGH_S002	11.694800388809835	11315.961378019958	1.9947903618261884	0.00411522633744856	0.03571428571428571	0.007380073800738007	1.0	27.0	242.0	28.0	0.003703703703703704	1.5306095549995224	0.4593384200536493	0.9973951809130938
MEGAN+DIAMOND	CAMI_HIGH_S002	10.176015184965287	10152.348510362131	1.830295440162621	0.31275720164609055	0.5891472868217055	0.40860215053763443	76.0	53.0	167.0	129.0	0.25675675675675674	4.520025646286836	0.9300823303858647	0.9151477200813104
MetaBinG2	CAMI_HIGH_S002	11.766516253016166	11489.40102189715	1.9966596083734012	0.00411522633744856	0.09090909090909091	0.007874015748031498	1.0	10.0	242.0	11.0	0.003952569169960474	2.127950133255368	0.8874241329030297	0.9983298041867005
MetaPhlAn2	CAMI_HIGH_S002	9.745760372349421	11134.225636969375	1.9606222737771255	0.01646090534979424	0.16666666666666666	0.029962546816479405	4.0	20.0	239.0	24.0	0.015209125475285171	2.168149812838232	0.6822256414079854	0.9803111368885624
mOTUs2	CAMI_HIGH_S002	7.751889401807509	9978.750957183367	1.8298871245062338	0.4403292181069959	0.4672489082969432	0.45338983050847453	107.0	122.0	136.0	229.0	0.29315068493150687	5.095042674311415	0.9376708397998108	0.9149435622531172
