tool	sample	Weighted UniFrac error	Unweighted UniFrac error	L1 norm error	Completeness (recall)	Purity (precision)	F1 score	True positives	False positives	False negatives	Taxon counts	Jaccard index	Shannon diversity	Shannon equitability	Bray-Curtis distance
Metalign	CAMI_HIGH_S002	8.824281234273057	9996.624311391128	1.953252140243581	0.0223463687150838	0.08823529411764706	0.03566121842496285	24.0	248.0	1050.0	272.0	0.018154311649016642	5.398430645358817	0.9630077162046145	0.9766260701217896
Bracken+Kraken2	CAMI_HIGH_S002	8.421147156886388	10261.515057051163	na	0.0	0.0	na	0.0	0.0	1074.0	0.0	0.0	na	na	na
CLARK	CAMI_HIGH_S002	8.653048103711612	11083.093494844474	na	0.0	0.0	na	0.0	0.0	1074.0	0.0	0.0	na	na	na
GOTTCHA	CAMI_HIGH_S002	11.694800388809837	11315.96137801996	na	0.0	0.0	na	0.0	0.0	1074.0	0.0	0.0	na	na	na
MEGAN+DIAMOND	CAMI_HIGH_S002	10.176015184965296	10152.348510362133	2.0000000000000018	0.0	0.0	na	0.0	55.0	1074.0	55.0	0.0	3.4508837632273	0.8611422119688581	1.0
MetaPhlAn2	CAMI_HIGH_S002	9.745760372349421	11134.225636969377	na	0.0	0.0	na	0.0	0.0	1074.0	0.0	0.0	na	na	na
mOTUs2	CAMI_HIGH_S002	7.751889401807513	9978.750957183367	na	0.0	0.0	na	0.0	0.0	1074.0	0.0	0.0	na	na	na
