tool	sample	Weighted UniFrac error	Unweighted UniFrac error	L1 norm error	Completeness (recall)	Purity (precision)	F1 score	True positives	False positives	False negatives	Taxon counts	Jaccard index	Shannon diversity	Shannon equitability	Bray-Curtis distance
Metalign	CAMI_HIGH_S002	8.824281234273057	9996.62431139113	1.9532521402435796	0.0223463687150838	0.08823529411764706	0.03566121842496285	24.0	248.0	1050.0	272.0	0.018154311649016642	5.398430645358815	0.9630077162046139	0.9766260701217896
Bracken+Kraken2	CAMI_HIGH_S002	8.42114715688639	10261.515057051161	na	0.0	0.0	na	0.0	0.0	1074.0	0.0	0.0	na	na	na
CLARK	CAMI_HIGH_S002	8.653048103711606	11083.093494844474	na	0.0	0.0	na	0.0	0.0	1074.0	0.0	0.0	na	na	na
GOTTCHA	CAMI_HIGH_S002	11.694800388809835	11315.961378019958	na	0.0	0.0	na	0.0	0.0	1074.0	0.0	0.0	na	na	na
MEGAN+DIAMOND	CAMI_HIGH_S002	10.176015184965287	10152.348510362131	2.0000000000000004	0.0	0.0	na	0.0	55.0	1074.0	55.0	0.0	3.4508837632272997	0.861142211968858	1.0
MetaBinG2	CAMI_HIGH_S002	11.766516253016166	11489.40102189715	1.9999999999999998	0.0	0.0	na	0.0	11.0	1074.0	11.0	0.0	2.1279501332553683	0.8874241329030298	1.0
MetaPhlAn2	CAMI_HIGH_S002	9.745760372349421	11134.225636969375	na	0.0	0.0	na	0.0	0.0	1074.0	0.0	0.0	na	na	na
mOTUs2	CAMI_HIGH_S002	7.751889401807509	9978.750957183367	na	0.0	0.0	na	0.0	0.0	1074.0	0.0	0.0	na	na	na
