tool	sample	Weighted UniFrac error	Unweighted UniFrac error	L1 norm error	Completeness (recall)	Purity (precision)	F1 score	True positives	False positives	False negatives	Taxon counts	Jaccard index	Shannon diversity	Shannon equitability	Bray-Curtis distance
Metalign	CAMI_HIGH_S002	8.824281234273057	9996.624311391128	0.0284691844753747	1.0	0.5	0.6666666666666666	2.0	2.0	0.0	4.0	0.5	0.10153630087668139	0.07324295887249897	0.01423459223768735
Bracken+Kraken2	CAMI_HIGH_S002	8.421147156886388	10261.515057051163	0.00953168175401514	1.0	0.6666666666666666	0.8	2.0	1.0	0.0	3.0	0.6666666666666666	0.07429945562516303	0.06763027902704341	0.00476584087700757
CLARK	CAMI_HIGH_S002	8.653048103711612	11083.093494844474	0.015135398495331165	1.0	1.0	1.0	2.0	0.0	0.0	2.0	1.0	0.08012084872034225	0.11558995112065262	0.007567699247665582
GOTTCHA	CAMI_HIGH_S002	11.694800388809837	11315.96137801996	0.09667998345332761	1.0	1.0	1.0	2.0	0.0	0.0	2.0	1.0	0.216689845862579	0.3126173660369366	0.048339991726663804
MEGAN+DIAMOND	CAMI_HIGH_S002	10.176015184965296	10152.348510362133	0.008492215939015987	1.0	1.0	1.0	2.0	0.0	0.0	2.0	1.0	0.024541875272791634	0.03540644175017197	0.004246107969507994
MetaPhlAn2	CAMI_HIGH_S002	9.745760372349421	11134.225636969377	0.07628158406098408	1.0	1.0	1.0	2.0	0.0	0.0	2.0	1.0	0.1868989257277592	0.2696381532949129	0.03814079203049204
mOTUs2	CAMI_HIGH_S002	7.751889401807513	9978.750957183367	0.003987999530342517	1.0	1.0	1.0	2.0	0.0	0.0	2.0	1.0	0.036552735862320586	0.05273445075949408	0.0019939997651712586
