tool	sample	Weighted UniFrac error	Unweighted UniFrac error	L1 norm error	Completeness (recall)	Purity (precision)	F1 score	True positives	False positives	False negatives	Taxon counts	Jaccard index	Shannon diversity	Shannon equitability	Bray-Curtis distance
Metalign	CAMI_HIGH_S001	8.752734644476304	10046.548402751136	0.1787370526369181	0.7619047619047619	0.8421052631578947	0.8	16.0	3.0	5.0	19.0	0.6666666666666666	2.0835225240490076	0.7076127366846791	0.08936852631845903
Bracken+Kraken2	CAMI_HIGH_S001	8.349503268730274	10247.492901579517	0.3133787614460767	0.6666666666666666	0.9333333333333333	0.7777777777777778	14.0	1.0	7.0	15.0	0.6363636363636364	1.8573603592460608	0.6858662954217363	0.15668938072303834
CLARK	CAMI_HIGH_S001	8.562991970361905	11091.933605692997	0.3059732911270556	0.5238095238095238	1.0	0.6875000000000001	11.0	0.0	10.0	11.0	0.5238095238095238	1.8703878119210784	0.7800123020962108	0.1529866455635278
GOTTCHA	CAMI_HIGH_S001	11.922142766237556	11327.206881046739	1.5086216894205682	0.42857142857142855	0.9	0.5806451612903225	9.0	1.0	12.0	10.0	0.4090909090909091	1.0328524191420994	0.4485621062538383	0.7543108447102843
MEGAN+DIAMOND	CAMI_HIGH_S001	10.125799423054536	10275.31013781573	0.3263579038391462	0.8095238095238095	0.8947368421052632	0.8500000000000001	17.0	2.0	4.0	19.0	0.7391304347826086	2.2231063515345544	0.7550186528789629	0.1631789519195731
MetaBinG2	CAMI_HIGH_S001	11.514055883275955	11500.28672421888	0.6484461646992713	0.23809523809523808	0.8333333333333334	0.37037037037037035	5.0	1.0	16.0	6.0	0.22727272727272727	1.5784080858255272	0.8809263257336398	0.3242230823496357
MetaPhlAn2	CAMI_HIGH_S001	9.671534021254937	11152.007786337845	0.8901961786653085	0.47619047619047616	1.0	0.6451612903225806	10.0	0.0	11.0	10.0	0.47619047619047616	1.8372690486682648	0.7979158096082644	0.4450980893326543
mOTUs2	CAMI_HIGH_S001	7.748351346954152	10153.750313708928	0.07481460508393112	0.8095238095238095	0.9444444444444444	0.8717948717948718	17.0	1.0	4.0	18.0	0.7727272727272727	2.0984780725949297	0.726023587402599	0.03740730254196556
