tool	sample	Weighted UniFrac error	Unweighted UniFrac error	L1 norm error	Completeness (recall)	Purity (precision)	F1 score	True positives	False positives	False negatives	Taxon counts	Jaccard index	Shannon diversity	Shannon equitability	Bray-Curtis distance
Metalign	CAMI_HIGH_S001	8.752734644476309	10046.548402751136	0.178737052636918	0.7619047619047619	0.8421052631578947	0.8	16.0	3.0	5.0	19.0	0.6666666666666666	2.083522524049007	0.707612736684679	0.08936852631845903
Bracken+Kraken2	CAMI_HIGH_S001	8.349503268730263	10247.492901579517	0.3133787614460767	0.6666666666666666	0.9333333333333333	0.7777777777777778	14.0	1.0	7.0	15.0	0.6363636363636364	1.857360359246061	0.6858662954217364	0.15668938072303834
CLARK	CAMI_HIGH_S001	8.562991970361903	11091.933605692999	0.3059732911270557	0.5238095238095238	1.0	0.6875000000000001	11.0	0.0	10.0	11.0	0.5238095238095238	1.8703878119210784	0.7800123020962108	0.1529866455635278
GOTTCHA	CAMI_HIGH_S001	11.922142766237553	11327.206881046739	1.5086216894205682	0.42857142857142855	0.9	0.5806451612903225	9.0	1.0	12.0	10.0	0.4090909090909091	1.0328524191420994	0.4485621062538383	0.7543108447102841
MEGAN+DIAMOND	CAMI_HIGH_S001	10.125799423054536	10275.31013781573	0.32635790383914626	0.8095238095238095	0.8947368421052632	0.8500000000000001	17.0	2.0	4.0	19.0	0.7391304347826086	2.223106351534554	0.7550186528789627	0.16317895191957316
MetaPhlAn2	CAMI_HIGH_S001	9.671534021254926	11152.007786337845	0.8901961786653086	0.47619047619047616	1.0	0.6451612903225806	10.0	0.0	11.0	10.0	0.47619047619047616	1.8372690486682648	0.7979158096082644	0.4450980893326544
mOTUs2	CAMI_HIGH_S001	7.7483513469541485	10153.75031370893	0.07481460508393112	0.8095238095238095	0.9444444444444444	0.8717948717948718	17.0	1.0	4.0	18.0	0.7727272727272727	2.0984780725949292	0.7260235874025989	0.03740730254196556
