tool	sample	Weighted UniFrac error	Unweighted UniFrac error	L1 norm error	Completeness (recall)	Purity (precision)	F1 score	True positives	False positives	False negatives	Taxon counts	Jaccard index	Shannon diversity	Shannon equitability	Bray-Curtis distance
Metalign	CAMI_HIGH_S001	8.752734644476309	10046.548402751136	0.33978264611069087	0.6022727272727273	0.8688524590163934	0.7114093959731543	53.0	8.0	35.0	61.0	0.5520833333333334	3.5411209980710296	0.8614034667743672	0.16989132305534546
Bracken+Kraken2	CAMI_HIGH_S001	8.349503268730263	10247.492901579517	0.5961651530862444	0.5681818181818182	0.7246376811594203	0.6369426751592357	50.0	19.0	38.0	69.0	0.4672897196261682	3.561823230147674	0.8412219263451117	0.2980825765431222
CLARK	CAMI_HIGH_S001	8.562991970361903	11091.933605692999	0.6300762271286608	0.375	0.9428571428571428	0.5365853658536585	33.0	2.0	55.0	35.0	0.36666666666666664	3.2884629025220167	0.9249341683706791	0.3150381135643304
GOTTCHA	CAMI_HIGH_S001	11.922142766237553	11327.206881046739	1.6863363992065	0.22727272727272727	0.9523809523809523	0.36697247706422015	20.0	1.0	68.0	21.0	0.2247191011235955	1.1955938076676642	0.39270323412747893	0.8431681996032498
MEGAN+DIAMOND	CAMI_HIGH_S001	10.125799423054536	10275.31013781573	0.36041401670435846	0.6590909090909091	0.8787878787878788	0.7532467532467532	58.0	8.0	30.0	66.0	0.6041666666666666	3.6493024534168734	0.87102701251507	0.18020700835217923
MetaPhlAn2	CAMI_HIGH_S001	9.671534021254926	11152.007786337845	1.1692379510622082	0.4318181818181818	1.0	0.6031746031746031	38.0	0.0	50.0	38.0	0.4318181818181818	3.006188932135824	0.8264241175697528	0.5846189755311041
mOTUs2	CAMI_HIGH_S001	7.7483513469541485	10153.75031370893	0.2663391624072171	0.6818181818181818	0.8571428571428571	0.759493670886076	60.0	10.0	28.0	70.0	0.6122448979591837	3.6009550646598965	0.847583640678127	0.13316958120360853
