tool	sample	Weighted UniFrac error	Unweighted UniFrac error	L1 norm error	Completeness (recall)	Purity (precision)	F1 score	True positives	False positives	False negatives	Taxon counts	Jaccard index	Shannon diversity	Shannon equitability	Bray-Curtis distance
Metalign	CAMI_HIGH_S001	8.752734644476304	10046.548402751136	0.339782646110691	0.6022727272727273	0.8688524590163934	0.7114093959731543	53.0	8.0	35.0	61.0	0.5520833333333334	3.541120998071029	0.8614034667743671	0.16989132305534546
Bracken+Kraken2	CAMI_HIGH_S001	8.349503268730274	10247.492901579517	0.5961651530862445	0.5681818181818182	0.7246376811594203	0.6369426751592357	50.0	19.0	38.0	69.0	0.4672897196261682	3.561823230147674	0.8412219263451117	0.29808257654312226
CLARK	CAMI_HIGH_S001	8.562991970361905	11091.933605692997	0.6300762271286608	0.375	0.9428571428571428	0.5365853658536585	33.0	2.0	55.0	35.0	0.36666666666666664	3.2884629025220162	0.924934168370679	0.3150381135643305
GOTTCHA	CAMI_HIGH_S001	11.922142766237556	11327.206881046739	1.6863363992065	0.22727272727272727	0.9523809523809523	0.36697247706422015	20.0	1.0	68.0	21.0	0.2247191011235955	1.1955938076676647	0.39270323412747904	0.8431681996032502
MEGAN+DIAMOND	CAMI_HIGH_S001	10.125799423054536	10275.31013781573	0.3604140167043585	0.6590909090909091	0.8787878787878788	0.7532467532467532	58.0	8.0	30.0	66.0	0.6041666666666666	3.649302453416873	0.8710270125150699	0.18020700835217923
MetaBinG2	CAMI_HIGH_S001	11.514055883275955	11500.28672421888	1.4613920019039757	0.06818181818181818	0.75	0.125	6.0	2.0	82.0	8.0	0.06666666666666667	1.6888677738108506	0.8121737206646993	0.7306960009519876
MetaPhlAn2	CAMI_HIGH_S001	9.671534021254937	11152.007786337845	1.169237951062208	0.4318181818181818	1.0	0.6031746031746031	38.0	0.0	50.0	38.0	0.4318181818181818	3.0061889321358244	0.8264241175697529	0.5846189755311041
mOTUs2	CAMI_HIGH_S001	7.748351346954152	10153.750313708928	0.2663391624072172	0.6818181818181818	0.8571428571428571	0.759493670886076	60.0	10.0	28.0	70.0	0.6122448979591837	3.600955064659897	0.8475836406781271	0.13316958120360856
