tool	sample	Weighted UniFrac error	Unweighted UniFrac error	L1 norm error	Completeness (recall)	Purity (precision)	F1 score	True positives	False positives	False negatives	Taxon counts	Jaccard index	Shannon diversity	Shannon equitability	Bray-Curtis distance
Metalign	CAMI_HIGH_S001	8.752734644476304	10046.548402751136	0.4667050858282186	0.520618556701031	0.8859649122807017	0.6558441558441558	101.0	13.0	93.0	114.0	0.48792270531400966	4.159310131540207	0.8781959153232175	0.23335254291410953
Bracken+Kraken2	CAMI_HIGH_S001	8.349503268730274	10247.492901579517	0.9710030256858903	0.3865979381443299	0.5859375	0.46583850931677023	75.0	53.0	119.0	128.0	0.30364372469635625	4.164320148241613	0.8582634323631668	0.48550151284294485
CLARK	CAMI_HIGH_S001	8.562991970361905	11091.933605692997	1.0075645959709754	0.1958762886597938	0.8636363636363636	0.31932773109243695	38.0	6.0	156.0	44.0	0.19	3.555055120124371	0.9394495160231605	0.5037822979854876
GOTTCHA	CAMI_HIGH_S001	11.922142766237556	11327.206881046739	1.8332222706824144	0.08762886597938144	0.7391304347826086	0.15668202764976957	17.0	6.0	177.0	23.0	0.085	1.2421754755620007	0.39616576846208706	0.9166111353412069
MEGAN+DIAMOND	CAMI_HIGH_S001	10.125799423054536	10275.31013781573	0.47946689717502566	0.6237113402061856	0.937984496124031	0.7492260061919505	121.0	8.0	73.0	129.0	0.599009900990099	4.2484069415710515	0.8741915506364226	0.23973344858751294
MetaBinG2	CAMI_HIGH_S001	11.514055883275955	11500.28672421888	1.7291974183091674	0.03608247422680412	0.6363636363636364	0.06829268292682926	7.0	4.0	187.0	11.0	0.03535353535353535	2.029095189234796	0.8461984191940206	0.8645987091545831
MetaPhlAn2	CAMI_HIGH_S001	9.671534021254937	11152.007786337845	1.4669117621257066	0.1958762886597938	0.8444444444444444	0.3179916317991631	38.0	7.0	156.0	45.0	0.1890547263681592	3.095009168973866	0.8130505862526856	0.7334558810628532
mOTUs2	CAMI_HIGH_S001	7.748351346954152	10153.750313708928	0.34338851262978226	0.5824742268041238	0.889763779527559	0.7040498442367602	113.0	14.0	81.0	127.0	0.5432692307692307	4.292806837420761	0.8861769293388451	0.17169425631489107
