tool	sample	Weighted UniFrac error	Unweighted UniFrac error	L1 norm error	Completeness (recall)	Purity (precision)	F1 score	True positives	False positives	False negatives	Taxon counts	Jaccard index	Shannon diversity	Shannon equitability	Bray-Curtis distance
Metalign	CAMI_HIGH_S001	8.752734644476309	10046.548402751136	0.46670508582821874	0.520618556701031	0.8859649122807017	0.6558441558441558	101.0	13.0	93.0	114.0	0.48792270531400966	4.159310131540206	0.8781959153232174	0.23335254291410948
Bracken+Kraken2	CAMI_HIGH_S001	8.349503268730263	10247.492901579517	0.97100302568589	0.3865979381443299	0.5859375	0.46583850931677023	75.0	53.0	119.0	128.0	0.30364372469635625	4.164320148241612	0.8582634323631667	0.48550151284294485
CLARK	CAMI_HIGH_S001	8.562991970361903	11091.933605692999	1.0075645959709754	0.1958762886597938	0.8636363636363636	0.31932773109243695	38.0	6.0	156.0	44.0	0.19	3.5550551201243716	0.9394495160231606	0.5037822979854876
GOTTCHA	CAMI_HIGH_S001	11.922142766237553	11327.206881046739	1.8332222706824137	0.08762886597938144	0.7391304347826086	0.15668202764976957	17.0	6.0	177.0	23.0	0.085	1.242175475562001	0.3961657684620871	0.9166111353412069
MEGAN+DIAMOND	CAMI_HIGH_S001	10.125799423054536	10275.31013781573	0.47946689717502566	0.6237113402061856	0.937984496124031	0.7492260061919505	121.0	8.0	73.0	129.0	0.599009900990099	4.248406941571052	0.8741915506364228	0.23973344858751297
MetaPhlAn2	CAMI_HIGH_S001	9.671534021254926	11152.007786337845	1.4669117621257066	0.1958762886597938	0.8444444444444444	0.3179916317991631	38.0	7.0	156.0	45.0	0.1890547263681592	3.0950091689738657	0.8130505862526854	0.7334558810628533
mOTUs2	CAMI_HIGH_S001	7.7483513469541485	10153.75031370893	0.3433885126297826	0.5824742268041238	0.889763779527559	0.7040498442367602	113.0	14.0	81.0	127.0	0.5432692307692307	4.292806837420763	0.8861769293388455	0.1716942563148911
