tool	sample	Weighted UniFrac error	Unweighted UniFrac error	L1 norm error	Completeness (recall)	Purity (precision)	F1 score	True positives	False positives	False negatives	Taxon counts	Jaccard index	Shannon diversity	Shannon equitability	Bray-Curtis distance
Metalign	CAMI_HIGH_S001	8.752734644476304	10046.548402751136	0.7098193013270521	0.675	0.7297297297297297	0.7012987012987014	27.0	10.0	13.0	37.0	0.54	2.860991015377635	0.7923168248603502	0.3549096506635259
Bracken+Kraken2	CAMI_HIGH_S001	8.349503268730274	10247.492901579517	0.8603405949577515	0.7	0.6829268292682927	0.6913580246913581	28.0	13.0	12.0	41.0	0.5283018867924528	2.8513671721531475	0.7678233035298697	0.43017029747887575
CLARK	CAMI_HIGH_S001	8.562991970361905	11091.933605692997	0.8619346326458426	0.45	0.782608695652174	0.5714285714285714	18.0	5.0	22.0	23.0	0.4	2.692890119073155	0.8588407229050377	0.43096731632292135
GOTTCHA	CAMI_HIGH_S001	11.922142766237556	11327.206881046739	1.2471701122478585	0.325	0.8666666666666667	0.4727272727272728	13.0	2.0	27.0	15.0	0.30952380952380953	2.1351142368110683	0.7884322956576101	0.6235850561239289
MEGAN+DIAMOND	CAMI_HIGH_S001	10.125799423054536	10275.31013781573	0.6666097233195428	0.7	0.7368421052631579	0.717948717948718	28.0	10.0	12.0	38.0	0.56	2.9995058074074463	0.8245868759389235	0.33330486165977147
MetaBinG2	CAMI_HIGH_S001	11.514055883275955	11500.28672421888	1.5316215824386235	0.125	0.625	0.20833333333333334	5.0	3.0	35.0	8.0	0.11627906976744186	1.7700545420568647	0.8512163033094747	0.765810791219312
MetaPhlAn2	CAMI_HIGH_S001	9.671534021254937	11152.007786337845	0.9044138372982428	0.45	1.0	0.6206896551724138	18.0	0.0	22.0	18.0	0.45	2.4482206859381854	0.8470262274221048	0.4522069186491214
mOTUs2	CAMI_HIGH_S001	7.748351346954152	10153.750313708928	0.5851838322786758	0.775	0.7560975609756098	0.7654320987654322	31.0	10.0	9.0	41.0	0.62	2.9063149665369994	0.7826197834141598	0.292591916139338
