tool	sample	Weighted UniFrac error	Unweighted UniFrac error	L1 norm error	Completeness (recall)	Purity (precision)	F1 score	True positives	False positives	False negatives	Taxon counts	Jaccard index	Shannon diversity	Shannon equitability	Bray-Curtis distance
Metalign	CAMI_HIGH_S001	8.752734644476309	10046.548402751136	0.09624499099458225	0.6666666666666666	1.0	0.8	8.0	0.0	4.0	8.0	0.6666666666666666	1.2130519535480724	0.5833546792414911	0.048122495497291126
Bracken+Kraken2	CAMI_HIGH_S001	8.349503268730263	10247.492901579517	0.23754850953548015	0.4166666666666667	0.625	0.5	5.0	3.0	7.0	8.0	0.3333333333333333	1.1085844689613071	0.5331164385923343	0.11877425476774005
CLARK	CAMI_HIGH_S001	8.562991970361903	11091.933605692999	0.2129502681882236	0.4166666666666667	1.0	0.5882352941176471	5.0	0.0	7.0	5.0	0.4166666666666667	1.0927168756683436	0.6789431684355738	0.10647513409411179
GOTTCHA	CAMI_HIGH_S001	11.922142766237553	11327.206881046739	0.9112037279852438	0.3333333333333333	1.0	0.5	4.0	0.0	8.0	4.0	0.3333333333333333	0.3323030412484692	0.2397059748407436	0.45560186399262187
MEGAN+DIAMOND	CAMI_HIGH_S001	10.125799423054536	10275.31013781573	0.19049620151200528	0.6666666666666666	1.0	0.8	8.0	0.0	4.0	8.0	0.6666666666666666	1.3128907868454913	0.6313670091369332	0.09524810075600261
MetaPhlAn2	CAMI_HIGH_S001	9.671534021254926	11152.007786337845	0.5139022107820789	0.4166666666666667	1.0	0.5882352941176471	5.0	0.0	7.0	5.0	0.4166666666666667	1.004401707231113	0.6240698690340061	0.2569511053910394
mOTUs2	CAMI_HIGH_S001	7.7483513469541485	10153.75031370893	0.05998665547880272	0.75	1.0	0.8571428571428571	9.0	0.0	3.0	9.0	0.75	1.3011014027419092	0.5921567672974443	0.02999332773940135
