tool	sample	Weighted UniFrac error	Unweighted UniFrac error	L1 norm error	Completeness (recall)	Purity (precision)	F1 score	True positives	False positives	False negatives	Taxon counts	Jaccard index	Shannon diversity	Shannon equitability	Bray-Curtis distance
Metalign	CAMI_HIGH_S001	8.752734644476304	10046.548402751136	0.09624499099458227	0.6666666666666666	1.0	0.8	8.0	0.0	4.0	8.0	0.6666666666666666	1.2130519535480722	0.583354679241491	0.04812249549729112
Bracken+Kraken2	CAMI_HIGH_S001	8.349503268730274	10247.492901579517	0.23754850953548012	0.4166666666666667	0.625	0.5	5.0	3.0	7.0	8.0	0.3333333333333333	1.1085844689613071	0.5331164385923343	0.11877425476774002
CLARK	CAMI_HIGH_S001	8.562991970361905	11091.933605692997	0.21295026818822366	0.4166666666666667	1.0	0.5882352941176471	5.0	0.0	7.0	5.0	0.4166666666666667	1.0927168756683436	0.6789431684355738	0.10647513409411177
GOTTCHA	CAMI_HIGH_S001	11.922142766237556	11327.206881046739	0.911203727985244	0.3333333333333333	1.0	0.5	4.0	0.0	8.0	4.0	0.3333333333333333	0.3323030412484692	0.2397059748407436	0.4556018639926218
MEGAN+DIAMOND	CAMI_HIGH_S001	10.125799423054536	10275.31013781573	0.19049620151200528	0.6666666666666666	1.0	0.8	8.0	0.0	4.0	8.0	0.6666666666666666	1.312890786845491	0.6313670091369331	0.09524810075600261
MetaBinG2	CAMI_HIGH_S001	11.514055883275955	11500.28672421888	0.3421208564931972	0.25	1.0	0.4	3.0	0.0	9.0	3.0	0.25	0.9756973091468782	0.8881179640997406	0.17106042824659853
MetaPhlAn2	CAMI_HIGH_S001	9.671534021254937	11152.007786337845	0.5139022107820788	0.4166666666666667	1.0	0.5882352941176471	5.0	0.0	7.0	5.0	0.4166666666666667	1.004401707231113	0.6240698690340061	0.2569511053910394
mOTUs2	CAMI_HIGH_S001	7.748351346954152	10153.750313708928	0.05998665547880272	0.75	1.0	0.8571428571428571	9.0	0.0	3.0	9.0	0.75	1.301101402741909	0.5921567672974443	0.029993327739401346
