tool	sample	Weighted UniFrac error	Unweighted UniFrac error	L1 norm error	Completeness (recall)	Purity (precision)	F1 score	True positives	False positives	False negatives	Taxon counts	Jaccard index	Shannon diversity	Shannon equitability	Bray-Curtis distance
Metalign	CAMI_HIGH_S001	8.752734644476304	10046.548402751136	1.8203828835024944	0.26337448559670784	0.2570281124497992	0.26016260162601623	64.0	185.0	179.0	249.0	0.14953271028037382	5.288956591897036	0.9585866324814336	0.9101914417512474
Bracken+Kraken2	CAMI_HIGH_S001	8.349503268730274	10247.492901579517	1.9713538713595888	0.03292181069958848	0.04790419161676647	0.039024390243902446	8.0	159.0	235.0	167.0	0.01990049751243781	4.59661584660223	0.8981284493643561	0.9856769356797946
CLARK	CAMI_HIGH_S001	8.562991970361905	11091.933605692997	1.975729227033142	0.02880658436213992	0.1590909090909091	0.048780487804878044	7.0	37.0	236.0	44.0	0.025	3.5491947835129167	0.9379008788832752	0.9878646135165716
GOTTCHA	CAMI_HIGH_S001	11.922142766237556	11327.206881046739	1.9942876065899489	0.00411522633744856	0.041666666666666664	0.007490636704119851	1.0	23.0	242.0	24.0	0.0037593984962406013	1.1727160833943264	0.3690044744352027	0.9971438032949748
MEGAN+DIAMOND	CAMI_HIGH_S001	10.125799423054536	10275.31013781573	1.8350120962920036	0.25925925925925924	0.5478260869565217	0.3519553072625698	63.0	52.0	180.0	115.0	0.2135593220338983	4.406734604414531	0.9287244759672928	0.9175060481460017
MetaBinG2	CAMI_HIGH_S001	11.514055883275955	11500.28672421888	1.994878623138412	0.00411522633744856	0.09090909090909091	0.007874015748031498	1.0	10.0	242.0	11.0	0.003952569169960474	2.029095189234796	0.8461984191940206	0.9974393115692064
MetaPhlAn2	CAMI_HIGH_S001	9.671534021254937	11152.007786337845	1.9790246617177627	0.01646090534979424	0.17391304347826086	0.030075187969924814	4.0	19.0	239.0	23.0	0.015267175572519083	2.564833748999645	0.8179998342748022	0.9895123308588828
mOTUs2	CAMI_HIGH_S001	7.748351346954152	10153.750313708928	1.8337357765083562	0.3868312757201646	0.4723618090452261	0.4253393665158371	94.0	105.0	149.0	199.0	0.27011494252873564	4.900543525685346	0.925800362525015	0.9168678882541786
