tool	sample	Weighted UniFrac error	Unweighted UniFrac error	L1 norm error	Completeness (recall)	Purity (precision)	F1 score	True positives	False positives	False negatives	Taxon counts	Jaccard index	Shannon diversity	Shannon equitability	Bray-Curtis distance
Metalign	CAMI_HIGH_S001	8.752734644476309	10046.548402751136	1.8203828835024936	0.26337448559670784	0.2570281124497992	0.26016260162601623	64.0	185.0	179.0	249.0	0.14953271028037382	5.2889565918970325	0.958586632481433	0.9101914417512474
Bracken+Kraken2	CAMI_HIGH_S001	8.349503268730263	10247.492901579517	1.9713538713595904	0.03292181069958848	0.04790419161676647	0.039024390243902446	8.0	159.0	235.0	167.0	0.01990049751243781	4.59661584660223	0.8981284493643561	0.9856769356797943
CLARK	CAMI_HIGH_S001	8.562991970361903	11091.933605692999	1.9757292270331421	0.02880658436213992	0.1590909090909091	0.048780487804878044	7.0	37.0	236.0	44.0	0.025	3.5491947835129163	0.9379008788832751	0.9878646135165714
GOTTCHA	CAMI_HIGH_S001	11.922142766237553	11327.206881046739	1.9942876065899484	0.00411522633744856	0.041666666666666664	0.007490636704119851	1.0	23.0	242.0	24.0	0.0037593984962406013	1.1727160833943266	0.36900447443520273	0.9971438032949748
MEGAN+DIAMOND	CAMI_HIGH_S001	10.125799423054536	10275.31013781573	1.8350120962920038	0.25925925925925924	0.5478260869565217	0.3519553072625698	63.0	52.0	180.0	115.0	0.2135593220338983	4.406734604414531	0.9287244759672928	0.9175060481460018
MetaPhlAn2	CAMI_HIGH_S001	9.671534021254926	11152.007786337845	1.9790246617177645	0.01646090534979424	0.17391304347826086	0.030075187969924814	4.0	19.0	239.0	23.0	0.015267175572519083	2.564833748999645	0.8179998342748022	0.9895123308588826
mOTUs2	CAMI_HIGH_S001	7.7483513469541485	10153.75031370893	1.8337357765083564	0.3868312757201646	0.4723618090452261	0.4253393665158371	94.0	105.0	149.0	199.0	0.27011494252873564	4.900543525685342	0.9258003625250143	0.9168678882541786
