tool	sample	Weighted UniFrac error	Unweighted UniFrac error	L1 norm error	Completeness (recall)	Purity (precision)	F1 score	True positives	False positives	False negatives	Taxon counts	Jaccard index	Shannon diversity	Shannon equitability	Bray-Curtis distance
Metalign	CAMI_HIGH_S001	8.752734644476304	10046.548402751136	1.9464595181356625	0.021415270018621976	0.09236947791164658	0.03476946334089191	23.0	226.0	1051.0	249.0	0.01769230769230769	5.288956591897035	0.9585866324814335	0.9732297590678317
Bracken+Kraken2	CAMI_HIGH_S001	8.349503268730274	10247.492901579517	na	0.0	0.0	na	0.0	0.0	1074.0	0.0	0.0	na	na	na
CLARK	CAMI_HIGH_S001	8.562991970361905	11091.933605692997	na	0.0	0.0	na	0.0	0.0	1074.0	0.0	0.0	na	na	na
GOTTCHA	CAMI_HIGH_S001	11.922142766237556	11327.206881046739	na	0.0	0.0	na	0.0	0.0	1074.0	0.0	0.0	na	na	na
MEGAN+DIAMOND	CAMI_HIGH_S001	10.125799423054536	10275.31013781573	1.999999999999999	0.0	0.0	na	0.0	54.0	1074.0	54.0	0.0	3.3454956494983183	0.838683637348664	1.0
MetaBinG2	CAMI_HIGH_S001	11.514055883275955	11500.28672421888	1.9999999999999982	0.0	0.0	na	0.0	11.0	1074.0	11.0	0.0	2.0290951892347966	0.8461984191940208	1.0
MetaPhlAn2	CAMI_HIGH_S001	9.671534021254937	11152.007786337845	na	0.0	0.0	na	0.0	0.0	1074.0	0.0	0.0	na	na	na
mOTUs2	CAMI_HIGH_S001	7.748351346954152	10153.750313708928	na	0.0	0.0	na	0.0	0.0	1074.0	0.0	0.0	na	na	na
