tool	sample	Weighted UniFrac error	Unweighted UniFrac error	L1 norm error	Completeness (recall)	Purity (precision)	F1 score	True positives	False positives	False negatives	Taxon counts	Jaccard index	Shannon diversity	Shannon equitability	Bray-Curtis distance
Metalign	CAMI_HIGH_S001	8.752734644476309	10046.548402751136	1.9464595181356645	0.021415270018621976	0.09236947791164658	0.03476946334089191	23.0	226.0	1051.0	249.0	0.01769230769230769	5.288956591897031	0.9585866324814327	0.9732297590678317
Bracken+Kraken2	CAMI_HIGH_S001	8.349503268730263	10247.492901579517	na	0.0	0.0	na	0.0	0.0	1074.0	0.0	0.0	na	na	na
CLARK	CAMI_HIGH_S001	8.562991970361903	11091.933605692999	na	0.0	0.0	na	0.0	0.0	1074.0	0.0	0.0	na	na	na
GOTTCHA	CAMI_HIGH_S001	11.922142766237553	11327.206881046739	na	0.0	0.0	na	0.0	0.0	1074.0	0.0	0.0	na	na	na
MEGAN+DIAMOND	CAMI_HIGH_S001	10.125799423054536	10275.31013781573	2.0000000000000004	0.0	0.0	na	0.0	54.0	1074.0	54.0	0.0	3.3454956494983197	0.8386836373486644	1.0
MetaPhlAn2	CAMI_HIGH_S001	9.671534021254926	11152.007786337845	na	0.0	0.0	na	0.0	0.0	1074.0	0.0	0.0	na	na	na
mOTUs2	CAMI_HIGH_S001	7.7483513469541485	10153.75031370893	na	0.0	0.0	na	0.0	0.0	1074.0	0.0	0.0	na	na	na
