tool	sample	Weighted UniFrac error	Unweighted UniFrac error	L1 norm error	Completeness (recall)	Purity (precision)	F1 score	True positives	False positives	False negatives	Taxon counts	Jaccard index	Shannon diversity	Shannon equitability	Bray-Curtis distance
Metalign	CAMI_HIGH_S001	8.752734644476309	10046.548402751136	0.032828454350891684	1.0	0.5	0.6666666666666666	2.0	2.0	0.0	4.0	0.5	0.11213491244131085	0.08088824104479865	0.016414227175445842
Bracken+Kraken2	CAMI_HIGH_S001	8.349503268730263	10247.492901579517	0.009863700850825222	1.0	0.6666666666666666	0.8	2.0	1.0	0.0	3.0	0.6666666666666666	0.07837961444892434	0.07134419963929858	0.004931850425412611
CLARK	CAMI_HIGH_S001	8.562991970361903	11091.933605692999	0.017546848128876077	1.0	1.0	1.0	2.0	0.0	0.0	2.0	1.0	0.08801196740106129	0.12697442890839225	0.008773424064438038
GOTTCHA	CAMI_HIGH_S001	11.922142766237553	11327.206881046739	0.0790658833212024	1.0	1.0	1.0	2.0	0.0	0.0	2.0	1.0	0.19326113792581764	0.2788168852821351	0.0395329416606012
MEGAN+DIAMOND	CAMI_HIGH_S001	10.125799423054536	10275.31013781573	0.00943861738801748	1.0	1.0	1.0	2.0	0.0	0.0	2.0	1.0	0.025938160923313587	0.03742085613384441	0.00471930869400874
MetaPhlAn2	CAMI_HIGH_S001	9.671534021254926	11152.007786337845	0.10976018261198256	1.0	1.0	1.0	2.0	0.0	0.0	2.0	1.0	0.23669058278606414	0.3414723300105734	0.05488009130599128
mOTUs2	CAMI_HIGH_S001	7.7483513469541485	10153.75031370893	0.005518776422463099	1.0	1.0	1.0	2.0	0.0	0.0	2.0	1.0	0.0363434912148667	0.0524325745442798	0.0027593882112315494
