rank	sample	Weighted UniFrac error	Unweighted UniFrac error	L1 norm error	Completeness (recall)	Purity (precision)	F1 score	True positives	False positives	False negatives	Taxon counts	Jaccard index	Shannon diversity	Shannon equitability	Bray-Curtis distance
superkingdom	CAMI_HIGH_S004	8.372902138331227	32137.9554944822	0.011395974295974366	1.0	0.5	0.6666666666666666	2.0	2.0	0.0	4.0	0.5	0.10139439372516573	0.07314059450061981	0.005697987147987183
phylum	CAMI_HIGH_S004	8.372902138331227	32137.9554944822	0.22841986497287525	1.0	0.2926829268292683	0.45283018867924524	12.0	29.0	0.0	41.0	0.2926829268292683	1.1690382314017254	0.3071031998616355	0.11420993248643768
class	CAMI_HIGH_S004	8.372902138331227	32137.9554944822	0.31946336092418975	1.0	0.2625	0.4158415841584159	21.0	59.0	0.0	80.0	0.2625	1.9508424190051548	0.4357149126455674	0.15973168046209488
order	CAMI_HIGH_S004	8.372902138331227	32137.9554944822	0.8787559448039624	1.0	0.2222222222222222	0.3636363636363636	40.0	140.0	0.0	180.0	0.2222222222222222	3.0159812898228004	0.5725251513527974	0.4393779724019815
family	CAMI_HIGH_S004	8.372902138331227	32137.9554944822	0.5732375290963984	0.9545454545454546	0.2222222222222222	0.3605150214592274	84.0	294.0	4.0	378.0	0.2198952879581152	3.7797788382427693	0.6086012287646074	0.28661876454819957
genus	CAMI_HIGH_S004	8.372902138331227	32137.9554944822	1.035985753782058	0.6494845360824743	0.1005586592178771	0.1741534208707671	126.0	1127.0	68.0	1253.0	0.09538228614685844	4.879456034595918	0.6448923425258716	0.5179928768910312
species	CAMI_HIGH_S004	8.372902138331227	32137.9554944822	1.9727520693852267	0.06584362139917696	0.003795066413662239	0.007176496972415339	16.0	4200.0	227.0	4216.0	0.0036011703803736214	6.65863025321422	0.750232108648813	0.9863760346925793
strain	CAMI_HIGH_S004	8.372902138331227	32137.9554944822	na	0.0	0.0	na	0.0	0.0	1074.0	0.0	0.0	na	na	na
