rank	sample	Weighted UniFrac error	Unweighted UniFrac error	L1 norm error	Completeness (recall)	Purity (precision)	F1 score	True positives	False positives	False negatives	Taxon counts	Jaccard index	Shannon diversity	Shannon equitability	Bray-Curtis distance
superkingdom	CAMI_HIGH_S004	8.445201152927165	47308.023544491145	0.026825818070043785	1.0	0.5	0.6666666666666666	2.0	2.0	0.0	4.0	0.5	0.1245722439630508	0.08985987929895176	0.01341290903502189
phylum	CAMI_HIGH_S004	8.445201152927165	47308.023544491145	0.21745723649650806	1.0	0.22641509433962265	0.36923076923076925	12.0	41.0	0.0	53.0	0.22641509433962265	1.1429031353163184	0.28520292236444444	0.10872861824825408
class	CAMI_HIGH_S004	8.445201152927165	47308.023544491145	0.315383922367559	1.0	0.175	0.2978723404255319	21.0	99.0	0.0	120.0	0.175	1.9538156366058947	0.39711853888478865	0.15769196118377957
order	CAMI_HIGH_S004	8.445201152927165	47308.023544491145	0.9035713220237708	1.0	0.1568627450980392	0.2711864406779661	40.0	215.0	0.0	255.0	0.1568627450980392	2.9227145076933874	0.5037323126837185	0.4517856610118844
family	CAMI_HIGH_S004	8.445201152927165	47308.023544491145	0.5974346023613236	0.9659090909090909	0.1738241308793456	0.2946273830155979	85.0	404.0	3.0	489.0	0.17276422764227642	3.630263600178028	0.5616968983934785	0.2987173011806614
genus	CAMI_HIGH_S004	8.445201152927165	47308.023544491145	1.037425269458111	0.634020618556701	0.08249496981891348	0.1459940652818991	123.0	1368.0	71.0	1491.0	0.07874519846350832	4.635385669131408	0.6169685567502167	0.518712634729056
species	CAMI_HIGH_S004	8.445201152927165	47308.023544491145	1.9710048903640132	0.07407407407407407	0.003486345148169669	0.006659267480577136	18.0	5145.0	225.0	5163.0	0.0033407572383073497	6.254445041441255	0.7215680416082467	0.9855024451820086
strain	CAMI_HIGH_S004	8.445201152927165	47308.023544491145	na	0.0	0.0	na	0.0	0.0	1074.0	0.0	0.0	na	na	na
