rank	sample	Weighted UniFrac error	Unweighted UniFrac error	L1 norm error	Completeness (recall)	Purity (precision)	F1 score	True positives	False positives	False negatives	Taxon counts	Jaccard index	Shannon diversity	Shannon equitability	Bray-Curtis distance
superkingdom	CAMI_HIGH_S004	10.162558910883265	10185.446472115285	0.01383042570402561	1.0	1.0	1.0	2.0	0.0	0.0	2.0	1.0	0.03635465211978363	0.052448676326455286	0.006915212852012805
phylum	CAMI_HIGH_S004	10.162558910883265	10185.446472115285	0.18431575066377795	0.75	1.0	0.8571428571428571	9.0	0.0	3.0	9.0	0.75	1.2989947457617106	0.5911979863872323	0.09215787533188895
class	CAMI_HIGH_S004	10.162558910883265	10185.446472115285	0.3203647021429402	0.8095238095238095	0.85	0.8292682926829269	17.0	3.0	4.0	20.0	0.7083333333333334	2.2061865118990394	0.7364431499353336	0.16018235107147014
order	CAMI_HIGH_S004	10.162558910883265	10185.446472115285	0.6642119143045393	0.85	0.6938775510204082	0.7640449438202247	34.0	15.0	6.0	49.0	0.6181818181818182	3.060959547052653	0.7865110186456107	0.33210595715226976
family	CAMI_HIGH_S004	10.162558910883265	10185.446472115285	0.32177010426138836	0.8409090909090909	0.8505747126436781	0.8457142857142856	74.0	13.0	14.0	87.0	0.7326732673267327	3.7471914502008663	0.8390659526890937	0.16088505213069415
genus	CAMI_HIGH_S004	10.162558910883265	10185.446472115285	0.5085422368976763	0.7371134020618557	0.910828025477707	0.8148148148148148	143.0	14.0	51.0	157.0	0.6875	4.426091728222268	0.8753711545313944	0.2542711184488382
species	CAMI_HIGH_S004	10.162558910883265	10185.446472115285	1.8372749843756933	0.3292181069958848	0.6060606060606061	0.4266666666666667	80.0	52.0	163.0	132.0	0.2711864406779661	4.614219359096423	0.9449941718406464	0.9186374921878471
strain	CAMI_HIGH_S004	10.162558910883265	10185.446472115285	2.000000000000005	0.0	0.0	na	0.0	60.0	1074.0	60.0	0.0	3.3474474221750463	0.8175783379497267	1.0
