rank	sample	Weighted UniFrac error	Unweighted UniFrac error	L1 norm error	Completeness (recall)	Purity (precision)	F1 score	True positives	False positives	False negatives	Taxon counts	Jaccard index	Shannon diversity	Shannon equitability	Bray-Curtis distance
superkingdom	CAMI_HIGH_S004	9.681692994799722	11023.88285076754	0.16348297429597433	1.0	1.0	1.0	2.0	0.0	0.0	2.0	1.0	0.3130386134139046	0.45161925517899754	0.08174148714798717
phylum	CAMI_HIGH_S004	9.681692994799722	11023.88285076754	0.4427108848697819	0.5	1.0	0.6666666666666666	6.0	0.0	6.0	6.0	0.5	1.1155320245298244	0.6225902771483216	0.22135544243489094
class	CAMI_HIGH_S004	9.681692994799722	11023.88285076754	0.9193590030754498	0.6190476190476191	1.0	0.7647058823529412	13.0	0.0	8.0	13.0	0.6190476190476191	1.9318765656777248	0.7531831223325409	0.4596795015377248
order	CAMI_HIGH_S004	9.681692994799722	11023.88285076754	0.9228523194846098	0.7	1.0	0.8235294117647058	28.0	0.0	12.0	28.0	0.7	2.543050251760898	0.763173521911831	0.4614261597423048
family	CAMI_HIGH_S004	9.681692994799722	11023.88285076754	1.1957232699286464	0.6363636363636364	0.9824561403508771	0.7724137931034484	56.0	1.0	32.0	57.0	0.6292134831460674	3.000330533224439	0.7420955942592857	0.5978616349643233
genus	CAMI_HIGH_S004	9.681692994799722	11023.88285076754	1.4914930510868465	0.30927835051546393	0.7407407407407407	0.43636363636363634	60.0	21.0	134.0	81.0	0.27906976744186046	3.1391555646637226	0.71434563336021	0.7457465255434235
species	CAMI_HIGH_S004	9.681692994799722	11023.88285076754	1.9705288915236527	0.0205761316872428	0.09615384615384616	0.03389830508474576	5.0	47.0	238.0	52.0	0.017241379310344827	2.395575626996688	0.6062839444023832	0.9852644457618257
strain	CAMI_HIGH_S004	9.681692994799722	11023.88285076754	na	0.0	0.0	na	0.0	0.0	1074.0	0.0	0.0	na	na	na
