rank	sample	Weighted UniFrac error	Unweighted UniFrac error	L1 norm error	Completeness (recall)	Purity (precision)	F1 score	True positives	False positives	False negatives	Taxon counts	Jaccard index	Shannon diversity	Shannon equitability	Bray-Curtis distance
superkingdom	CAMI_HIGH_S004	7.686378698501966	9803.38300075417	0.005294372502208926	1.0	1.0	1.0	2.0	0.0	0.0	2.0	1.0	0.056940632424614494	0.08214796802407265	0.002647186251104463
phylum	CAMI_HIGH_S004	7.686378698501966	9803.38300075417	0.06469378852937618	0.9166666666666666	1.0	0.9565217391304348	11.0	0.0	1.0	11.0	0.9166666666666666	1.2876944729696453	0.5370103054863157	0.032346894264688085
class	CAMI_HIGH_S004	7.686378698501966	9803.38300075417	0.0979914825063442	0.9523809523809523	0.8695652173913043	0.909090909090909	20.0	3.0	1.0	23.0	0.8333333333333334	2.0981753155422607	0.6691689319288068	0.048995741253172104
order	CAMI_HIGH_S004	7.686378698501966	9803.38300075417	0.6281191470049123	0.9	0.72	0.7999999999999999	36.0	14.0	4.0	50.0	0.6666666666666666	2.939650970585467	0.7514401031145626	0.31405957350245617
family	CAMI_HIGH_S004	7.686378698501966	9803.38300075417	0.2744544329675513	0.8863636363636364	0.8571428571428571	0.8715083798882681	78.0	13.0	10.0	91.0	0.7722772277227723	3.648134742186309	0.8087449269736378	0.1372272164837756
genus	CAMI_HIGH_S004	7.686378698501966	9803.38300075417	0.39650236903995373	0.8195876288659794	0.8502673796791443	0.8346456692913384	159.0	28.0	35.0	187.0	0.7162162162162162	4.452577420867566	0.851172810008456	0.19825118451997692
species	CAMI_HIGH_S004	7.686378698501966	9803.38300075417	1.821938543154889	0.49794238683127573	0.4074074074074074	0.44814814814814813	121.0	176.0	122.0	297.0	0.28878281622911695	5.2143517125820535	0.9158055885780654	0.9109692715774454
strain	CAMI_HIGH_S004	7.686378698501966	9803.38300075417	na	0.0	0.0	na	0.0	0.0	1074.0	0.0	0.0	na	na	na
