tool	sample	Weighted UniFrac error	Unweighted UniFrac error	L1 norm error	Completeness (recall)	Purity (precision)	F1 score	True positives	False positives	False negatives	Taxon counts	Jaccard index	Shannon diversity	Shannon equitability	Bray-Curtis distance
Metalign	CAMI_MED_S001	9.75839003993762	2978.630967054587	0.20886358990482495	0.9333333333333333	0.9333333333333333	0.9333333333333333	14.0	1.0	1.0	15.0	0.875	1.5310901260452323	0.5653846909566372	0.10443179495241248
Bracken_custom	CAMI_MED_S001	8.646900150161358	17698.496649058456	0.18852658826924448	1.0	0.22388059701492538	0.36585365853658536	15.0	52.0	0.0	67.0	0.22388059701492538	1.5390149853341215	0.2924388345296791	0.09426329413462228
Bracken_original	CAMI_MED_S001	9.332982859523659	24397.7940796753	0.21359946086975512	1.0	0.19736842105263158	0.32967032967032966	15.0	61.0	0.0	76.0	0.19736842105263158	1.5600532755528103	0.35023162133427505	0.10679973043487756
