tool	sample	Weighted UniFrac error	Unweighted UniFrac error	L1 norm error	Completeness (recall)	Purity (precision)	F1 score	True positives	False positives	False negatives	Taxon counts	Jaccard index	Shannon diversity	Shannon equitability	Bray-Curtis distance
Metalign	CAMI_MED_S001	9.75839003993762	2978.630967054587	0.4842955252050756	0.7547169811320755	0.8888888888888888	0.8163265306122449	40.0	5.0	13.0	45.0	0.6896551724137931	2.8471032603103645	0.7479263706623354	0.2421477626025379
Bracken_custom	CAMI_MED_S001	8.646900150161358	17698.496649058456	0.4644272350256868	0.9811320754716981	0.2184873949579832	0.35738831615120276	52.0	186.0	1.0	238.0	0.2175732217573222	3.0218275552192755	0.4466829482566193	0.23221361751284358
Bracken_original	CAMI_MED_S001	9.332982859523659	24397.7940796753	0.8752350467165758	0.9811320754716981	0.15339233038348082	0.2653061224489796	52.0	287.0	1.0	339.0	0.15294117647058825	3.145913039705238	0.50938805873193	0.4376175233582884
