tool	sample	Weighted UniFrac error	Unweighted UniFrac error	L1 norm error	Completeness (recall)	Purity (precision)	F1 score	True positives	False positives	False negatives	Taxon counts	Jaccard index	Shannon diversity	Shannon equitability	Bray-Curtis distance
Metalign	CAMI_MED_S001	9.75839003993762	2978.630967054587	0.9018403065066584	0.7464788732394366	0.7571428571428571	0.75177304964539	53.0	17.0	18.0	70.0	0.6022727272727273	3.125668567365867	0.735711914286652	0.45092015325332935
Bracken_custom	CAMI_MED_S001	8.646900150161358	17698.496649058456	0.9587800470060237	0.9859154929577465	0.12567324955116696	0.22292993630573246	70.0	487.0	1.0	557.0	0.12544802867383512	3.476675035946993	0.4277097367186134	0.47939002350301324
Bracken_original	CAMI_MED_S001	9.332982859523659	24397.7940796753	1.1709100981495473	0.7464788732394366	0.05028462998102467	0.09422222222222222	53.0	1001.0	18.0	1054.0	0.049440298507462684	3.7993662001128965	0.506360061669519	0.5854550490747811
