tool	sample	Weighted UniFrac error	Unweighted UniFrac error	L1 norm error	Completeness (recall)	Purity (precision)	F1 score	True positives	False positives	False negatives	Taxon counts	Jaccard index	Shannon diversity	Shannon equitability	Bray-Curtis distance
Metalign	CAMI_MED_S001	9.75839003993762	2978.630967054587	0.6366508564456207	0.7586206896551724	0.7586206896551724	0.7586206896551724	22.0	7.0	7.0	29.0	0.6111111111111112	2.1713774446789995	0.6448430890278273	0.3183254282228104
Bracken_custom	CAMI_MED_S001	8.646900150161358	17698.496649058456	0.5955720184767267	0.9655172413793104	0.208955223880597	0.3435582822085889	28.0	106.0	1.0	134.0	0.2074074074074074	2.2866010505996437	0.3811677331452945	0.2977860092383634
Bracken_original	CAMI_MED_S001	9.332982859523659	24397.7940796753	0.6032859332515201	0.9655172413793104	0.16666666666666666	0.28426395939086296	28.0	140.0	1.0	168.0	0.16568047337278108	2.453191763846193	0.4670723635114629	0.30164296662576
