tool	sample	Weighted UniFrac error	Unweighted UniFrac error	L1 norm error	Completeness (recall)	Purity (precision)	F1 score	True positives	False positives	False negatives	Taxon counts	Jaccard index	Shannon diversity	Shannon equitability	Bray-Curtis distance
Metalign	CAMI_MED_S001	9.75839003993762	2978.630967054587	0.12003121230431806	1.0	1.0	1.0	6.0	0.0	0.0	6.0	1.0	0.9239797145648577	0.5156828974164354	0.06001560615215902
Bracken_custom	CAMI_MED_S001	8.646900150161358	17698.496649058456	0.1341283137391988	1.0	0.16216216216216217	0.27906976744186046	6.0	31.0	0.0	37.0	0.16216216216216217	0.9274624461118139	0.17640765811156534	0.06706415686959943
Bracken_original	CAMI_MED_S001	9.332982859523659	24397.7940796753	0.14133597486976895	1.0	0.16216216216216217	0.27906976744186046	6.0	31.0	0.0	37.0	0.16216216216216217	0.9616720029477698	0.2526286492516949	0.0706679874348845
