tool	sample	Weighted UniFrac error	Unweighted UniFrac error	L1 norm error	Completeness (recall)	Purity (precision)	F1 score	True positives	False positives	False negatives	Taxon counts	Jaccard index	Shannon diversity	Shannon equitability	Bray-Curtis distance
Metalign	CAMI_MED_S001	9.75839003993762	2978.630967054587	1.6678347303964458	0.5833333333333334	0.13680781758957655	0.2216358839050132	42.0	265.0	30.0	307.0	0.12462908011869436	3.5071819605457946	0.6124105468009727	0.8339173651982228
Bracken_custom	CAMI_MED_S001	8.646900150161358	17698.496649058456	1.6971894408512276	0.75	0.02453430258973194	0.0475142982842059	54.0	2147.0	18.0	2201.0	0.02433528616493916	4.308984523454098	0.42628164365380294	0.8485947204256086
Bracken_original	CAMI_MED_S001	9.332982859523659	24397.7940796753	1.831590975635126	0.2916666666666667	0.0065298507462686565	0.012773722627737225	21.0	3195.0	51.0	3216.0	0.006427915518824609	4.730275230567536	0.5391905067667577	0.9157954878175616
