tool	sample	Weighted UniFrac error	Unweighted UniFrac error	L1 norm error	Completeness (recall)	Purity (precision)	F1 score	True positives	False positives	False negatives	Taxon counts	Jaccard index	Shannon diversity	Shannon equitability	Bray-Curtis distance
Metalign	CAMI_MED_S001	9.75839003993762	2978.630967054587	0.7128787244111311	1.0	1.0	1.0	3.0	0.0	0.0	3.0	1.0	0.013076607728895687	0.011902841306052535	0.35643936220556555
Bracken_custom	CAMI_MED_S001	8.646900150161358	17698.496649058456	0.7125986582986893	1.0	0.75	0.8571428571428571	3.0	1.0	0.0	4.0	0.75	0.022865500873074672	0.016493972358513548	0.35629932914934465
Bracken_original	CAMI_MED_S001	9.332982859523659	24397.7940796753	0.7101186056538524	1.0	0.75	0.8571428571428571	3.0	1.0	0.0	4.0	0.75	0.03806194630170741	0.02745589058802765	0.3550593028269262
