rank	sample	Weighted UniFrac error	Unweighted UniFrac error	L1 norm error	Completeness (recall)	Purity (precision)	F1 score	True positives	False positives	False negatives	Taxon counts	Jaccard index	Shannon diversity	Shannon equitability	Bray-Curtis distance
superkingdom	CAMI_HIGH_S001	7.70119422906945	9856.920313614055	0.007726278274977069	1.0	0.6666666666666666	0.8	2.0	1.0	0.0	3.0	0.6666666666666666	0.03862241239530621	0.0351556347891663	0.0038631391374885347
phylum	CAMI_HIGH_S001	7.70119422906945	9856.920313614055	0.05593824389444824	0.6666666666666666	1.0	0.8	8.0	0.0	4.0	8.0	0.6666666666666666	1.2515336285612635	0.6018604531437016	0.027969121947224118
class	CAMI_HIGH_S001	7.70119422906945	9856.920313614055	0.10906484011191647	0.7619047619047619	0.8888888888888888	0.8205128205128205	16.0	2.0	5.0	18.0	0.6956521739130435	2.086145349740058	0.7217567581197636	0.05453242005595822
order	CAMI_HIGH_S001	7.70119422906945	9856.920313614055	0.6391035623347249	0.7	0.7368421052631579	0.717948717948718	28.0	10.0	12.0	38.0	0.56	2.9292813064644596	0.8052816284865115	0.31955178116736255
family	CAMI_HIGH_S001	7.70119422906945	9856.920313614055	0.2562106258908251	0.6818181818181818	0.8823529411764706	0.7692307692307693	60.0	8.0	28.0	68.0	0.625	3.631490669509617	0.8606432132011125	0.1281053129454125
genus	CAMI_HIGH_S001	7.70119422906945	9856.920313614055	0.38142703513791576	0.5876288659793815	0.9193548387096774	0.7169811320754718	114.0	10.0	80.0	124.0	0.5588235294117647	4.219813161604192	0.8754287699113952	0.190713517568958
species	CAMI_HIGH_S001	7.70119422906945	9856.920313614055	1.8152176358816319	0.32098765432098764	0.33766233766233766	0.32911392405063294	78.0	153.0	165.0	231.0	0.19696969696969696	5.074582847478391	0.9324133349168937	0.9076088179408164
strain	CAMI_HIGH_S001	7.70119422906945	9856.920313614055	na	0.0	0.0	na	0.0	0.0	1074.0	0.0	0.0	na	na	na
