rank	sample	Weighted UniFrac error	Unweighted UniFrac error	L1 norm error	Completeness (recall)	Purity (precision)	F1 score	True positives	False positives	False negatives	Taxon counts	Jaccard index	Shannon diversity	Shannon equitability	Bray-Curtis distance
superkingdom	CAMI_HIGH_S001	8.34950326873026	10247.492901579515	0.009863700850825222	1.0	0.6666666666666666	0.8	2.0	1.0	0.0	3.0	0.6666666666666666	0.07837961444892434	0.07134419963929858	0.004931850425412611
phylum	CAMI_HIGH_S001	8.34950326873026	10247.492901579515	0.23754850953548015	0.4166666666666667	0.625	0.5	5.0	3.0	7.0	8.0	0.3333333333333333	1.1085844689613071	0.5331164385923343	0.11877425476774002
class	CAMI_HIGH_S001	8.34950326873026	10247.492901579515	0.3133787614460767	0.6666666666666666	0.9333333333333333	0.7777777777777778	14.0	1.0	7.0	15.0	0.6363636363636364	1.857360359246061	0.6858662954217364	0.1566893807230383
order	CAMI_HIGH_S001	8.34950326873026	10247.492901579515	0.860340594957751	0.7	0.6829268292682927	0.6913580246913581	28.0	13.0	12.0	41.0	0.5283018867924528	2.851367172153148	0.7678233035298698	0.4301702974788757
family	CAMI_HIGH_S001	8.34950326873026	10247.492901579515	0.5961651530862444	0.5681818181818182	0.7246376811594203	0.6369426751592357	50.0	19.0	38.0	69.0	0.4672897196261682	3.5618232301476738	0.8412219263451116	0.29808257654312226
genus	CAMI_HIGH_S001	8.34950326873026	10247.492901579515	0.9710030256858906	0.3865979381443299	0.5859375	0.46583850931677023	75.0	53.0	119.0	128.0	0.30364372469635625	4.164320148241612	0.8582634323631667	0.48550151284294485
species	CAMI_HIGH_S001	8.34950326873026	10247.492901579515	1.9713538713595884	0.03292181069958848	0.04790419161676647	0.039024390243902446	8.0	159.0	235.0	167.0	0.01990049751243781	4.596615846602228	0.8981284493643558	0.9856769356797948
strain	CAMI_HIGH_S001	8.34950326873026	10247.492901579515	na	0.0	0.0	na	0.0	0.0	1074.0	0.0	0.0	na	na	na
