tool	sample	Weighted UniFrac error	Unweighted UniFrac error	L1 norm error	Completeness (recall)	Purity (precision)	F1 score	True positives	False positives	False negatives	Taxon counts	Jaccard index	Shannon diversity	Shannon equitability	Bray-Curtis distance
Metalign	CAMI_HIGH_S002	8.646580254726674	8563.013329028005	0.20492918063127646	0.9047619047619048	0.7916666666666666	0.8444444444444444	19.0	5.0	2.0	24.0	0.7307692307692307	2.104937249963524	0.6623353040351325	0.10246459031563823
Bracken+Kraken2	CAMI_HIGH_S002	8.398653674821649	13340.72375613223	0.33783428191624404	1.0	0.5384615384615384	0.7000000000000001	21.0	18.0	0.0	39.0	0.5384615384615384	1.9748206584102332	0.5390439275115034	0.16891714095812205
CLARK	CAMI_HIGH_S002	8.491887651854313	9317.600278007669	0.31016216700274885	0.6190476190476191	0.8125	0.7027027027027026	13.0	3.0	8.0	16.0	0.5416666666666666	1.954486948643332	0.7049321570724844	0.15508108350137445
GOTTCHA	CAMI_HIGH_S002	11.647238455780224	10859.898860991367	1.5004358254391716	0.5714285714285714	0.8	0.6666666666666666	12.0	3.0	9.0	15.0	0.5	1.2227341231211128	0.45151826307482956	0.7502179127195856
MEGAN+DIAMOND	CAMI_HIGH_S002	10.155508677868653	10105.38549711313	0.33694436041713743	0.8571428571428571	0.9	0.8780487804878048	18.0	2.0	3.0	20.0	0.782608695652174	2.2244646917952657	0.7425445562784785	0.1684721802085687
MetaBinG2	CAMI_HIGH_S002	11.766516253016164	11489.401021897149	0.7662453198841607	0.23809523809523808	0.7142857142857143	0.35714285714285715	5.0	2.0	16.0	7.0	0.21739130434782608	1.7409215751997795	0.894656711690902	0.38312265994208033
MetaPhlAn2	CAMI_HIGH_S002	9.722840360884149	10965.217264595882	0.9906669143738895	0.6190476190476191	1.0	0.7647058823529412	13.0	0.0	8.0	13.0	0.6190476190476191	1.7579733977930265	0.6853832777161911	0.4953334571869447
mOTUs2	CAMI_HIGH_S002	7.70620415083459	9707.694268256462	0.10554482077352004	0.9523809523809523	0.8695652173913043	0.909090909090909	20.0	3.0	1.0	23.0	0.8333333333333334	2.155058648484198	0.6873106757894571	0.05277241038676002
