tool	sample	Weighted UniFrac error	Unweighted UniFrac error	L1 norm error	Completeness (recall)	Purity (precision)	F1 score	True positives	False positives	False negatives	Taxon counts	Jaccard index	Shannon diversity	Shannon equitability	Bray-Curtis distance
Metalign	CAMI_HIGH_S002	8.646580254726661	8563.013329028006	0.3548237745238555	0.8977272727272727	0.8229166666666666	0.8586956521739129	79.0	17.0	9.0	96.0	0.7523809523809524	3.6560081541971075	0.8009923872660079	0.17741188726192775
Bracken+Kraken2	CAMI_HIGH_S002	8.39865367482164	13340.723756132233	0.6471657411767504	0.8977272727272727	0.42245989304812837	0.5745454545454545	79.0	108.0	9.0	187.0	0.4030612244897959	3.746568915745398	0.7162093525785309	0.3235828705883753
CLARK	CAMI_HIGH_S002	8.491887651854311	9317.600278007669	0.6732202923356345	0.6477272727272727	0.6705882352941176	0.6589595375722542	57.0	28.0	31.0	85.0	0.49137931034482757	3.529648416400664	0.7944914450001366	0.3366101461678173
GOTTCHA	CAMI_HIGH_S002	11.647238455780224	10859.898860991367	1.6533312868824421	0.45454545454545453	0.8333333333333334	0.5882352941176471	40.0	8.0	48.0	48.0	0.4166666666666667	1.5153060151073598	0.39143046585224556	0.826665643441221
MEGAN+DIAMOND	CAMI_HIGH_S002	10.155508677868662	10105.385497113131	0.34129837531446117	0.7954545454545454	0.8860759493670886	0.8383233532934132	70.0	9.0	18.0	79.0	0.7216494845360825	3.7356698917682465	0.8549523916755433	0.17064918765723056
MetaPhlAn2	CAMI_HIGH_S002	9.722840360884154	10965.217264595882	1.216373696463699	0.5795454545454546	0.9807692307692307	0.7285714285714285	51.0	1.0	37.0	52.0	0.5730337078651685	2.804473915005825	0.7097699141708943	0.6081868482318494
mOTUs2	CAMI_HIGH_S002	7.706204150834582	9707.69426825646	0.255895859654799	0.875	0.8555555555555555	0.8651685393258427	77.0	13.0	11.0	90.0	0.7623762376237624	3.69315626673974	0.8207361060381649	0.1279479298273995
