tool	sample	Weighted UniFrac error	Unweighted UniFrac error	L1 norm error	Completeness (recall)	Purity (precision)	F1 score	True positives	False positives	False negatives	Taxon counts	Jaccard index	Shannon diversity	Shannon equitability	Bray-Curtis distance
Metalign	CAMI_HIGH_S002	8.646580254726674	8563.013329028005	0.35482377452385544	0.8977272727272727	0.8229166666666666	0.8586956521739129	79.0	17.0	9.0	96.0	0.7523809523809524	3.6560081541971075	0.8009923872660079	0.17741188726192766
Bracken+Kraken2	CAMI_HIGH_S002	8.398653674821649	13340.72375613223	0.6471657411767502	0.8977272727272727	0.42245989304812837	0.5745454545454545	79.0	108.0	9.0	187.0	0.4030612244897959	3.7465689157453976	0.7162093525785308	0.32358287058837526
CLARK	CAMI_HIGH_S002	8.491887651854313	9317.600278007669	0.6732202923356345	0.6477272727272727	0.6705882352941176	0.6589595375722542	57.0	28.0	31.0	85.0	0.49137931034482757	3.5296484164006636	0.7944914450001365	0.3366101461678172
GOTTCHA	CAMI_HIGH_S002	11.647238455780224	10859.898860991367	1.653331286882442	0.45454545454545453	0.8333333333333334	0.5882352941176471	40.0	8.0	48.0	48.0	0.4166666666666667	1.5153060151073596	0.3914304658522455	0.826665643441221
MEGAN+DIAMOND	CAMI_HIGH_S002	10.155508677868653	10105.38549711313	0.34129837531446117	0.7954545454545454	0.8860759493670886	0.8383233532934132	70.0	9.0	18.0	79.0	0.7216494845360825	3.7356698917682456	0.854952391675543	0.17064918765723058
MetaBinG2	CAMI_HIGH_S002	11.766516253016164	11489.401021897149	1.517423556858236	0.07954545454545454	0.875	0.14583333333333331	7.0	1.0	81.0	8.0	0.07865168539325842	1.738947105478366	0.8362567884806187	0.758711778429118
MetaPhlAn2	CAMI_HIGH_S002	9.722840360884149	10965.217264595882	1.2163736964636997	0.5795454545454546	0.9807692307692307	0.7285714285714285	51.0	1.0	37.0	52.0	0.5730337078651685	2.8044739150058255	0.7097699141708944	0.6081868482318495
mOTUs2	CAMI_HIGH_S002	7.70620415083459	9707.694268256462	0.255895859654799	0.875	0.8555555555555555	0.8651685393258427	77.0	13.0	11.0	90.0	0.7623762376237624	3.6931562667397406	0.8207361060381649	0.12794792982739955
