tool	sample	Weighted UniFrac error	Unweighted UniFrac error	L1 norm error	Completeness (recall)	Purity (precision)	F1 score	True positives	False positives	False negatives	Taxon counts	Jaccard index	Shannon diversity	Shannon equitability	Bray-Curtis distance
Metalign	CAMI_HIGH_S002	8.646580254726661	8563.013329028006	0.49778619745214514	0.8556701030927835	0.8383838383838383	0.8469387755102041	166.0	32.0	28.0	198.0	0.7345132743362832	4.398312453988546	0.8317114904484869	0.24889309872607254
Bracken+Kraken2	CAMI_HIGH_S002	8.39865367482164	13340.723756132233	1.0296977497559379	0.5824742268041238	0.23940677966101695	0.3393393393393393	113.0	359.0	81.0	472.0	0.20433996383363473	4.653762942770405	0.7558516853258047	0.5148488748779689
CLARK	CAMI_HIGH_S002	8.491887651854311	9317.600278007669	1.0380480140692208	0.4896907216494845	0.47029702970297027	0.4797979797979797	95.0	107.0	99.0	202.0	0.31561461794019935	4.213882135654651	0.793833765715633	0.5190240070346099
GOTTCHA	CAMI_HIGH_S002	11.647238455780224	10859.898860991367	1.8304947866480255	0.2268041237113402	0.6470588235294118	0.33587786259541985	44.0	24.0	150.0	68.0	0.2018348623853211	1.6758778925524915	0.39717379600863806	0.915247393324013
MEGAN+DIAMOND	CAMI_HIGH_S002	10.155508677868662	10105.385497113131	0.5346352099454722	0.6855670103092784	0.910958904109589	0.7823529411764706	133.0	13.0	61.0	146.0	0.642512077294686	4.359347268135858	0.8747374339593265	0.2673176049727359
MetaPhlAn2	CAMI_HIGH_S002	9.722840360884154	10965.217264595882	1.4713731721147894	0.27835051546391754	0.782608695652174	0.41064638783269963	54.0	15.0	140.0	69.0	0.2583732057416268	2.9029757325866883	0.6856170787000111	0.7356865860573947
mOTUs2	CAMI_HIGH_S002	7.706204150834582	9707.69426825646	0.3899364357438727	0.8041237113402062	0.8764044943820225	0.8387096774193549	156.0	22.0	38.0	178.0	0.7222222222222222	4.481809035481431	0.8649162960943828	0.1949682178719364
