tool	sample	Weighted UniFrac error	Unweighted UniFrac error	L1 norm error	Completeness (recall)	Purity (precision)	F1 score	True positives	False positives	False negatives	Taxon counts	Jaccard index	Shannon diversity	Shannon equitability	Bray-Curtis distance
Metalign	CAMI_HIGH_S002	8.646580254726661	8563.013329028006	0.7323991424393292	0.9	0.6792452830188679	0.7741935483870968	36.0	17.0	4.0	53.0	0.631578947368421	2.9333058178141314	0.7388136393199802	0.3661995712196647
Bracken+Kraken2	CAMI_HIGH_S002	8.39865367482164	13340.723756132233	0.8731265133569254	1.0	0.40816326530612246	0.5797101449275363	40.0	58.0	0.0	98.0	0.40816326530612246	2.9766195572541236	0.6492127961869874	0.4365632566784625
CLARK	CAMI_HIGH_S002	8.491887651854311	9317.600278007669	0.8986524005766722	0.7	0.6363636363636364	0.6666666666666666	28.0	16.0	12.0	44.0	0.5	2.8399642176920428	0.7504814748809141	0.4493262002883363
GOTTCHA	CAMI_HIGH_S002	11.647238455780224	10859.898860991367	1.2774891327658742	0.525	0.75	0.6176470588235295	21.0	7.0	19.0	28.0	0.44680851063829785	2.178965983458805	0.6539112400829915	0.638744566382937
MEGAN+DIAMOND	CAMI_HIGH_S002	10.155508677868662	10105.385497113131	0.6477906507385001	0.85	0.7391304347826086	0.7906976744186046	34.0	12.0	6.0	46.0	0.6538461538461539	3.023684732217495	0.7897539672924829	0.3238953253692501
MetaPhlAn2	CAMI_HIGH_S002	9.722840360884154	10965.217264595882	1.0265960978817807	0.65	1.0	0.787878787878788	26.0	0.0	14.0	26.0	0.65	2.36252439001525	0.7251241215369023	0.5132980489408905
mOTUs2	CAMI_HIGH_S002	7.706204150834582	9707.69426825646	0.5972528347161814	0.9	0.72	0.7999999999999999	36.0	14.0	4.0	50.0	0.6666666666666666	2.9603717096015787	0.7567367843936247	0.2986264173580907
