tool	sample	Weighted UniFrac error	Unweighted UniFrac error	L1 norm error	Completeness (recall)	Purity (precision)	F1 score	True positives	False positives	False negatives	Taxon counts	Jaccard index	Shannon diversity	Shannon equitability	Bray-Curtis distance
Metalign	CAMI_HIGH_S002	8.646580254726674	8563.013329028005	0.7323991424393295	0.9	0.6792452830188679	0.7741935483870968	36.0	17.0	4.0	53.0	0.631578947368421	2.933305817814131	0.7388136393199801	0.3661995712196646
Bracken+Kraken2	CAMI_HIGH_S002	8.398653674821649	13340.72375613223	0.8731265133569245	1.0	0.40816326530612246	0.5797101449275363	40.0	58.0	0.0	98.0	0.40816326530612246	2.9766195572541227	0.6492127961869871	0.4365632566784626
CLARK	CAMI_HIGH_S002	8.491887651854313	9317.600278007669	0.8986524005766725	0.7	0.6363636363636364	0.6666666666666666	28.0	16.0	12.0	44.0	0.5	2.839964217692043	0.7504814748809142	0.4493262002883363
GOTTCHA	CAMI_HIGH_S002	11.647238455780224	10859.898860991367	1.2774891327658744	0.525	0.75	0.6176470588235295	21.0	7.0	19.0	28.0	0.44680851063829785	2.178965983458805	0.6539112400829915	0.6387445663829372
MEGAN+DIAMOND	CAMI_HIGH_S002	10.155508677868653	10105.38549711313	0.6477906507384997	0.85	0.7391304347826086	0.7906976744186046	34.0	12.0	6.0	46.0	0.6538461538461539	3.0236847322174962	0.7897539672924833	0.32389532536925003
MetaBinG2	CAMI_HIGH_S002	11.766516253016164	11489.401021897149	1.583634040914898	0.1	0.5	0.16666666666666669	4.0	4.0	36.0	8.0	0.09090909090909091	1.7990624899128167	0.8651661774821905	0.7918170204574488
MetaPhlAn2	CAMI_HIGH_S002	9.722840360884149	10965.217264595882	1.0265960978817807	0.65	1.0	0.787878787878788	26.0	0.0	14.0	26.0	0.65	2.362524390015251	0.7251241215369026	0.5132980489408904
mOTUs2	CAMI_HIGH_S002	7.70620415083459	9707.694268256462	0.5972528347161812	0.9	0.72	0.7999999999999999	36.0	14.0	4.0	50.0	0.6666666666666666	2.96037170960158	0.756736784393625	0.2986264173580907
