tool	sample	Weighted UniFrac error	Unweighted UniFrac error	L1 norm error	Completeness (recall)	Purity (precision)	F1 score	True positives	False positives	False negatives	Taxon counts	Jaccard index	Shannon diversity	Shannon equitability	Bray-Curtis distance
Metalign	CAMI_HIGH_S002	8.646580254726661	8563.013329028006	0.10770895361257199	0.8333333333333334	0.9090909090909091	0.8695652173913043	10.0	1.0	2.0	11.0	0.7692307692307693	1.1752617875768956	0.49012223382272735	0.05385447680628601
Bracken+Kraken2	CAMI_HIGH_S002	8.39865367482164	13340.723756132233	0.20207645920535366	0.9166666666666666	0.55	0.6874999999999999	11.0	9.0	1.0	20.0	0.5238095238095238	1.152914685629434	0.38485237676518813	0.10103822960267683
CLARK	CAMI_HIGH_S002	8.491887651854311	9317.600278007669	0.18717765034711345	0.4166666666666667	0.7142857142857143	0.5263157894736842	5.0	2.0	7.0	7.0	0.35714285714285715	1.098775356239262	0.564658834208089	0.09358882517355673
GOTTCHA	CAMI_HIGH_S002	11.647238455780224	10859.898860991367	0.7463127097701802	0.4166666666666667	1.0	0.5882352941176471	5.0	0.0	7.0	5.0	0.4166666666666667	0.5328806247084295	0.3310973480812971	0.3731563548850902
MEGAN+DIAMOND	CAMI_HIGH_S002	10.155508677868662	10105.385497113131	0.16341391176865255	0.8333333333333334	1.0	0.9090909090909091	10.0	0.0	2.0	10.0	0.8333333333333334	1.2653948361353053	0.5495539947624326	0.08170695588432626
MetaPhlAn2	CAMI_HIGH_S002	9.722840360884154	10965.217264595882	0.4987074928703798	0.4166666666666667	1.0	0.5882352941176471	5.0	0.0	7.0	5.0	0.4166666666666667	0.9186928296791397	0.5708159492090729	0.24935374643518993
mOTUs2	CAMI_HIGH_S002	7.706204150834582	9707.69426825646	0.0546350101126697	0.9166666666666666	1.0	0.9565217391304348	11.0	0.0	1.0	11.0	0.9166666666666666	1.2683672864353273	0.5289502426664066	0.027317505056334845
