tool	sample	Weighted UniFrac error	Unweighted UniFrac error	L1 norm error	Completeness (recall)	Purity (precision)	F1 score	True positives	False positives	False negatives	Taxon counts	Jaccard index	Shannon diversity	Shannon equitability	Bray-Curtis distance
Metalign	CAMI_HIGH_S002	8.646580254726661	8563.013329028006	1.7658272412259288	0.6378600823045267	0.1952141057934509	0.29893924783027964	155.0	639.0	88.0	794.0	0.17573696145124718	6.155116446616071	0.9218270944701397	0.8829136206129649
Bracken+Kraken2	CAMI_HIGH_S002	8.39865367482164	13340.723756132233	1.9675576776163937	0.06584362139917696	0.010936431989063569	0.018757327080890975	16.0	1447.0	227.0	1463.0	0.009467455621301775	6.114790941910186	0.8389936732986489	0.9837788388081878
CLARK	CAMI_HIGH_S002	8.491887651854311	9317.600278007669	1.965400866592331	0.06172839506172839	0.03968253968253968	0.048309178743961345	15.0	363.0	228.0	378.0	0.024752475247524754	5.031587970065814	0.8477974171434288	0.9827004332961644
GOTTCHA	CAMI_HIGH_S002	11.647238455780224	10859.898860991367	1.994587419157489	0.00823045267489712	0.020833333333333332	0.011799410029498527	2.0	94.0	241.0	96.0	0.005934718100890208	1.665499747667735	0.3648932285186007	0.9972937095787457
MEGAN+DIAMOND	CAMI_HIGH_S002	10.155508677868662	10105.385497113131	1.830295440162621	0.31275720164609055	0.5891472868217055	0.40860215053763443	76.0	53.0	167.0	129.0	0.25675675675675674	4.520025646286837	0.9300823303858649	0.9151477200813103
MetaPhlAn2	CAMI_HIGH_S002	9.722840360884154	10965.217264595882	1.9606222737771255	0.01646090534979424	0.10526315789473684	0.028469750889679714	4.0	34.0	239.0	38.0	0.01444043321299639	2.2117202046770545	0.6080186441119012	0.9803111368885624
mOTUs2	CAMI_HIGH_S002	7.706204150834582	9707.69426825646	1.8251086490923822	0.49794238683127573	0.4245614035087719	0.45833333333333326	121.0	164.0	122.0	285.0	0.2972972972972973	5.183235287699042	0.9169827880064503	0.9125543245461906
