tool	sample	Weighted UniFrac error	Unweighted UniFrac error	L1 norm error	Completeness (recall)	Purity (precision)	F1 score	True positives	False positives	False negatives	Taxon counts	Jaccard index	Shannon diversity	Shannon equitability	Bray-Curtis distance
Metalign	CAMI_HIGH_S002	8.646580254726674	8563.013329028005	1.7658272412259282	0.6378600823045267	0.1952141057934509	0.29893924783027964	155.0	639.0	88.0	794.0	0.17573696145124718	6.1551164466160815	0.9218270944701412	0.8829136206129649
Bracken+Kraken2	CAMI_HIGH_S002	8.398653674821649	13340.72375613223	1.9675576776164017	0.06584362139917696	0.010936431989063569	0.018757327080890975	16.0	1447.0	227.0	1463.0	0.009467455621301775	6.11479094191019	0.8389936732986496	0.9837788388081878
CLARK	CAMI_HIGH_S002	8.491887651854313	9317.600278007669	1.9654008665923302	0.06172839506172839	0.03968253968253968	0.048309178743961345	15.0	363.0	228.0	378.0	0.024752475247524754	5.031587970065819	0.8477974171434296	0.9827004332961643
GOTTCHA	CAMI_HIGH_S002	11.647238455780224	10859.898860991367	1.9945874191574895	0.00823045267489712	0.020833333333333332	0.011799410029498527	2.0	94.0	241.0	96.0	0.005934718100890208	1.6654997476677362	0.364893228518601	0.9972937095787457
MEGAN+DIAMOND	CAMI_HIGH_S002	10.155508677868653	10105.38549711313	1.8302954401626201	0.31275720164609055	0.5891472868217055	0.40860215053763443	76.0	53.0	167.0	129.0	0.25675675675675674	4.520025646286837	0.9300823303858649	0.9151477200813103
MetaBinG2	CAMI_HIGH_S002	11.766516253016164	11489.401021897149	1.996659608373401	0.00411522633744856	0.09090909090909091	0.007874015748031498	1.0	10.0	242.0	11.0	0.003952569169960474	2.127950133255368	0.8874241329030297	0.9983298041867005
MetaPhlAn2	CAMI_HIGH_S002	9.722840360884149	10965.217264595882	1.960622273777125	0.01646090534979424	0.10526315789473684	0.028469750889679714	4.0	34.0	239.0	38.0	0.01444043321299639	2.211720204677055	0.6080186441119013	0.9803111368885625
mOTUs2	CAMI_HIGH_S002	7.70620415083459	9707.694268256462	1.8251086490923816	0.49794238683127573	0.4245614035087719	0.45833333333333326	121.0	164.0	122.0	285.0	0.2972972972972973	5.183235287699046	0.9169827880064509	0.9125543245461906
