tool	sample	Weighted UniFrac error	Unweighted UniFrac error	L1 norm error	Completeness (recall)	Purity (precision)	F1 score	True positives	False positives	False negatives	Taxon counts	Jaccard index	Shannon diversity	Shannon equitability	Bray-Curtis distance
Metalign	CAMI_HIGH_S002	8.646580254726661	8563.013329028006	1.9328062015813947	0.05493482309124767	0.0743073047858942	0.06316916488222697	59.0	735.0	1015.0	794.0	0.0326147042564953	6.155116446616076	0.9218270944701404	0.9664031007906977
Bracken+Kraken2	CAMI_HIGH_S002	8.39865367482164	13340.723756132233	na	0.0	0.0	na	0.0	0.0	1074.0	0.0	0.0	na	na	na
CLARK	CAMI_HIGH_S002	8.491887651854311	9317.600278007669	na	0.0	0.0	na	0.0	0.0	1074.0	0.0	0.0	na	na	na
GOTTCHA	CAMI_HIGH_S002	11.647238455780224	10859.898860991367	na	0.0	0.0	na	0.0	0.0	1074.0	0.0	0.0	na	na	na
MEGAN+DIAMOND	CAMI_HIGH_S002	10.155508677868662	10105.385497113131	1.9999999999999973	0.0	0.0	na	0.0	57.0	1074.0	57.0	0.0	3.4563322014322084	0.8548821106795939	1.0
MetaPhlAn2	CAMI_HIGH_S002	9.722840360884154	10965.217264595882	na	0.0	0.0	na	0.0	0.0	1074.0	0.0	0.0	na	na	na
mOTUs2	CAMI_HIGH_S002	7.706204150834582	9707.69426825646	na	0.0	0.0	na	0.0	0.0	1074.0	0.0	0.0	na	na	na
