tool	sample	Weighted UniFrac error	Unweighted UniFrac error	L1 norm error	Completeness (recall)	Purity (precision)	F1 score	True positives	False positives	False negatives	Taxon counts	Jaccard index	Shannon diversity	Shannon equitability	Bray-Curtis distance
Metalign	CAMI_HIGH_S002	8.646580254726674	8563.013329028005	1.9328062015813947	0.05493482309124767	0.0743073047858942	0.06316916488222697	59.0	735.0	1015.0	794.0	0.0326147042564953	6.155116446616066	0.921827094470139	0.9664031007906977
Bracken+Kraken2	CAMI_HIGH_S002	8.398653674821649	13340.72375613223	na	0.0	0.0	na	0.0	0.0	1074.0	0.0	0.0	na	na	na
CLARK	CAMI_HIGH_S002	8.491887651854313	9317.600278007669	na	0.0	0.0	na	0.0	0.0	1074.0	0.0	0.0	na	na	na
GOTTCHA	CAMI_HIGH_S002	11.647238455780224	10859.898860991367	na	0.0	0.0	na	0.0	0.0	1074.0	0.0	0.0	na	na	na
MEGAN+DIAMOND	CAMI_HIGH_S002	10.155508677868653	10105.38549711313	1.9999999999999998	0.0	0.0	na	0.0	57.0	1074.0	57.0	0.0	3.456332201432207	0.8548821106795935	1.0
MetaBinG2	CAMI_HIGH_S002	11.766516253016164	11489.401021897149	2.000000000000001	0.0	0.0	na	0.0	11.0	1074.0	11.0	0.0	2.127950133255368	0.8874241329030297	1.0
MetaPhlAn2	CAMI_HIGH_S002	9.722840360884149	10965.217264595882	na	0.0	0.0	na	0.0	0.0	1074.0	0.0	0.0	na	na	na
mOTUs2	CAMI_HIGH_S002	7.70620415083459	9707.694268256462	na	0.0	0.0	na	0.0	0.0	1074.0	0.0	0.0	na	na	na
