tool	sample	Weighted UniFrac error	Unweighted UniFrac error	L1 norm error	Completeness (recall)	Purity (precision)	F1 score	True positives	False positives	False negatives	Taxon counts	Jaccard index	Shannon diversity	Shannon equitability	Bray-Curtis distance
Metalign	CAMI_HIGH_S002	8.646580254726661	8563.013329028006	0.0284691844753747	1.0	0.5	0.6666666666666666	2.0	2.0	0.0	4.0	0.5	0.1015363008766814	0.07324295887249899	0.01423459223768735
Bracken+Kraken2	CAMI_HIGH_S002	8.39865367482164	13340.723756132233	0.010360984060984046	1.0	0.5	0.6666666666666666	2.0	2.0	0.0	4.0	0.5	0.0779537690970584	0.05623175804746474	0.005180492030492023
CLARK	CAMI_HIGH_S002	8.491887651854311	9317.600278007669	0.01616148873386686	1.0	0.6666666666666666	0.8	2.0	1.0	0.0	3.0	0.6666666666666666	0.08453966885773032	0.07695132280034937	0.00808074436693343
GOTTCHA	CAMI_HIGH_S002	11.647238455780224	10859.898860991367	0.09667998345332761	1.0	1.0	1.0	2.0	0.0	0.0	2.0	1.0	0.216689845862579	0.3126173660369366	0.048339991726663804
MEGAN+DIAMOND	CAMI_HIGH_S002	10.155508677868662	10105.385497113131	0.008492215939015987	1.0	1.0	1.0	2.0	0.0	0.0	2.0	1.0	0.024541875272791634	0.03540644175017197	0.004246107969507994
MetaPhlAn2	CAMI_HIGH_S002	9.722840360884154	10965.217264595882	0.07628158406098408	1.0	1.0	1.0	2.0	0.0	0.0	2.0	1.0	0.1868989257277592	0.2696381532949129	0.03814079203049204
mOTUs2	CAMI_HIGH_S002	7.706204150834582	9707.69426825646	0.003987999530342517	1.0	1.0	1.0	2.0	0.0	0.0	2.0	1.0	0.036552735862320586	0.05273445075949408	0.0019939997651712586
