tool	sample	Weighted UniFrac error	Unweighted UniFrac error	L1 norm error	Completeness (recall)	Purity (precision)	F1 score	True positives	False positives	False negatives	Taxon counts	Jaccard index	Shannon diversity	Shannon equitability	Bray-Curtis distance
Metalign	CAMI_MED_S002	8.951512370070946	2023.7177739430037	0.27125201955277684	1.0	0.9375	0.967741935483871	15.0	1.0	0.0	16.0	0.9375	1.9675862469082945	0.709656730233981	0.13562600977638836
Bracken_custom	CAMI_MED_S002	7.99011754107249	2470.1152986074158	0.2744392572377321	1.0	0.8823529411764706	0.9375	15.0	2.0	0.0	17.0	0.8823529411764706	1.9825860670626636	0.6997658934587192	0.13721962861886605
Bracken_original	CAMI_MED_S002	8.916882657178101	7277.024206380857	0.3201136998011998	1.0	0.45454545454545453	0.625	15.0	18.0	0.0	33.0	0.45454545454545453	1.9196772403613787	0.5490270524558057	0.16005684990059985
