tool	sample	Weighted UniFrac error	Unweighted UniFrac error	L1 norm error	Completeness (recall)	Purity (precision)	F1 score	True positives	False positives	False negatives	Taxon counts	Jaccard index	Shannon diversity	Shannon equitability	Bray-Curtis distance
Metalign	CAMI_MED_S002	8.951512370070946	2023.7177739430037	0.3446164258023021	0.8113207547169812	0.9347826086956522	0.8686868686868686	43.0	3.0	10.0	46.0	0.7678571428571429	3.0338357642394946	0.7924053077996687	0.17230821290115098
Bracken_custom	CAMI_MED_S002	7.99011754107249	2470.1152986074158	0.3436035288240283	0.9056603773584906	0.75	0.8205128205128206	48.0	16.0	5.0	64.0	0.6956521739130435	3.0826152929252637	0.741212299345293	0.17180176441201414
Bracken_original	CAMI_MED_S002	8.916882657178101	7277.024206380857	0.6042411038923846	0.9245283018867925	0.30246913580246915	0.45581395348837206	49.0	113.0	4.0	162.0	0.29518072289156627	3.3504427573463516	0.6585512168377083	0.3021205519461924
