tool	sample	Weighted UniFrac error	Unweighted UniFrac error	L1 norm error	Completeness (recall)	Purity (precision)	F1 score	True positives	False positives	False negatives	Taxon counts	Jaccard index	Shannon diversity	Shannon equitability	Bray-Curtis distance
Metalign	CAMI_MED_S002	8.951512370070946	2023.7177739430037	0.4248171303321261	0.8450704225352113	0.8108108108108109	0.8275862068965518	60.0	14.0	11.0	74.0	0.7058823529411765	3.353644288305758	0.7791806619284029	0.21240856516606302
Bracken_custom	CAMI_MED_S002	7.99011754107249	2470.1152986074158	0.4435317055389647	0.9014084507042254	0.5818181818181818	0.7071823204419889	64.0	46.0	7.0	110.0	0.5470085470085471	3.470402092221415	0.738307964751251	0.22176585276948246
Bracken_original	CAMI_MED_S002	8.916882657178101	7277.024206380857	0.7529974803881736	0.704225352112676	0.13850415512465375	0.23148148148148148	50.0	311.0	21.0	361.0	0.13089005235602094	3.8613526248829007	0.6557026062017484	0.3764987401940875
