tool	sample	Weighted UniFrac error	Unweighted UniFrac error	L1 norm error	Completeness (recall)	Purity (precision)	F1 score	True positives	False positives	False negatives	Taxon counts	Jaccard index	Shannon diversity	Shannon equitability	Bray-Curtis distance
Metalign	CAMI_MED_S002	8.951512370070946	2023.7177739430037	0.7857454244031388	0.8620689655172413	0.8333333333333334	0.847457627118644	25.0	5.0	4.0	30.0	0.7352941176470589	2.742814460225537	0.8064261353997431	0.39287271220156933
Bracken_custom	CAMI_MED_S002	7.99011754107249	2470.1152986074158	0.7907407811641575	0.896551724137931	0.6842105263157895	0.7761194029850746	26.0	12.0	3.0	38.0	0.6341463414634146	2.772768580299997	0.762255094050765	0.39537039058207873
Bracken_original	CAMI_MED_S002	8.916882657178101	7277.024206380857	0.9575250832357756	0.9310344827586207	0.3333333333333333	0.49090909090909085	27.0	54.0	2.0	81.0	0.3253012048192771	2.87844573668967	0.6550185553129305	0.47876254161788767
