tool	sample	Weighted UniFrac error	Unweighted UniFrac error	L1 norm error	Completeness (recall)	Purity (precision)	F1 score	True positives	False positives	False negatives	Taxon counts	Jaccard index	Shannon diversity	Shannon equitability	Bray-Curtis distance
Metalign	CAMI_MED_S002	8.951512370070946	2023.7177739430037	0.23150069194557157	1.0	1.0	1.0	6.0	0.0	0.0	6.0	1.0	1.3151535759589525	0.7340011862895643	0.11575034597278579
Bracken_custom	CAMI_MED_S002	7.99011754107249	2470.1152986074158	0.23320991794652307	1.0	0.75	0.8571428571428571	6.0	2.0	0.0	8.0	0.75	1.321170885214175	0.6353488947551241	0.11660495897326152
Bracken_original	CAMI_MED_S002	8.916882657178101	7277.024206380857	0.11086117980875367	1.0	0.35294117647058826	0.5217391304347826	6.0	11.0	0.0	17.0	0.35294117647058826	1.3967781283845833	0.49300139409369825	0.05543058990437684
