tool	sample	Weighted UniFrac error	Unweighted UniFrac error	L1 norm error	Completeness (recall)	Purity (precision)	F1 score	True positives	False positives	False negatives	Taxon counts	Jaccard index	Shannon diversity	Shannon equitability	Bray-Curtis distance
Metalign	CAMI_MED_S002	8.951512370070946	2023.7177739430037	1.5423448011988663	0.6111111111111112	0.3697478991596639	0.46073298429319376	44.0	75.0	28.0	119.0	0.29931972789115646	3.558395551944698	0.7445707475593907	0.7711724005994325
Bracken_custom	CAMI_MED_S002	7.99011754107249	2470.1152986074158	1.5641374415487193	0.6527777777777778	0.1910569105691057	0.2955974842767296	47.0	199.0	25.0	246.0	0.17343173431734318	3.7400821506859576	0.6793563886707054	0.7820687207743598
Bracken_original	CAMI_MED_S002	8.916882657178101	7277.024206380857	1.7474708462083757	0.2916666666666667	0.02681992337164751	0.04912280701754387	21.0	762.0	51.0	783.0	0.025179856115107913	4.27717682557701	0.6419168011092712	0.8737354231041908
