tool	sample	Weighted UniFrac error	Unweighted UniFrac error	L1 norm error	Completeness (recall)	Purity (precision)	F1 score	True positives	False positives	False negatives	Taxon counts	Jaccard index	Shannon diversity	Shannon equitability	Bray-Curtis distance
Metalign	CAMI_MED_S002	8.951512370070946	2023.7177739430037	0.6635099310557799	0.6666666666666666	1.0	0.8	2.0	0.0	1.0	2.0	0.6666666666666666	0.11425179001965118	0.16483049087403792	0.33175496552788997
Bracken_custom	CAMI_MED_S002	7.99011754107249	2470.1152986074158	0.6616863789487156	1.0	0.75	0.8571428571428571	3.0	1.0	0.0	4.0	0.75	0.1224433697134241	0.08832422113764542	0.3308431894743578
Bracken_original	CAMI_MED_S002	8.916882657178101	7277.024206380857	0.6444758702283021	1.0	0.75	0.8571428571428571	3.0	1.0	0.0	4.0	0.75	0.1960021281694215	0.1413856491568537	0.32223793511415105
