tool	sample	Weighted UniFrac error	Unweighted UniFrac error	L1 norm error	Completeness (recall)	Purity (precision)	F1 score	True positives	False positives	False negatives	Taxon counts	Jaccard index	Shannon diversity	Shannon equitability	Bray-Curtis distance
Metalign	CAMI_HIGH_S003	8.82564668683997	9796.674238493111	0.1942344114919961	0.7619047619047619	0.8421052631578947	0.8	16.0	3.0	5.0	19.0	0.6666666666666666	2.1067643121747293	0.7155061888126296	0.09711720574599804
Bracken_custom	CAMI_HIGH_S003	7.725656958090961	9605.006702549437	0.1282658543298205	0.7619047619047619	0.8888888888888888	0.8205128205128205	16.0	2.0	5.0	18.0	0.6956521739130435	2.12211150500283	0.7342001938696864	0.06413292716491024
Bracken_original	CAMI_HIGH_S003	8.440854050276592	10157.475687536533	0.34389924113832376	0.6666666666666666	0.8235294117647058	0.7368421052631577	14.0	3.0	7.0	17.0	0.5833333333333334	1.9049190566967438	0.6723528465277999	0.1719496205691619
