tool	sample	Weighted UniFrac error	Unweighted UniFrac error	L1 norm error	Completeness (recall)	Purity (precision)	F1 score	True positives	False positives	False negatives	Taxon counts	Jaccard index	Shannon diversity	Shannon equitability	Bray-Curtis distance
Metalign	CAMI_HIGH_S003	8.82564668683997	9796.674238493111	0.3426815476702623	0.6136363636363636	0.8571428571428571	0.7152317880794702	54.0	9.0	34.0	63.0	0.5567010309278351	3.56578082572849	0.8606480506208667	0.17134077383513122
Bracken_custom	CAMI_HIGH_S003	7.725656958090961	9605.006702549437	0.26509930546770905	0.7159090909090909	0.875	0.7875000000000001	63.0	9.0	25.0	72.0	0.6494845360824743	3.6661495890132274	0.8572447525683181	0.13254965273385452
Bracken_original	CAMI_HIGH_S003	8.440854050276592	10157.475687536533	0.5984857592699927	0.6022727272727273	0.7361111111111112	0.6625000000000001	53.0	19.0	35.0	72.0	0.4953271028037383	3.552982701302108	0.8307832789433544	0.2992428796349964
