tool	sample	Weighted UniFrac error	Unweighted UniFrac error	L1 norm error	Completeness (recall)	Purity (precision)	F1 score	True positives	False positives	False negatives	Taxon counts	Jaccard index	Shannon diversity	Shannon equitability	Bray-Curtis distance
Metalign	CAMI_HIGH_S003	8.82564668683997	9796.674238493111	0.5448734831034275	0.5309278350515464	0.8442622950819673	0.6518987341772152	103.0	19.0	91.0	122.0	0.4835680751173709	4.246441196461191	0.8839347615091422	0.2724367415517137
Bracken_custom	CAMI_HIGH_S003	7.725656958090961	9605.006702549437	0.4402073040788028	0.654639175257732	0.900709219858156	0.7582089552238805	127.0	14.0	67.0	141.0	0.6105769230769231	4.328308102160003	0.8746247945016479	0.2201036520394015
Bracken_original	CAMI_HIGH_S003	8.440854050276592	10157.475687536533	1.0028441531681591	0.4020618556701031	0.6	0.4814814814814815	78.0	52.0	116.0	130.0	0.3170731707317073	4.174572988644156	0.8576360436962973	0.5014220765840792
