tool	sample	Weighted UniFrac error	Unweighted UniFrac error	L1 norm error	Completeness (recall)	Purity (precision)	F1 score	True positives	False positives	False negatives	Taxon counts	Jaccard index	Shannon diversity	Shannon equitability	Bray-Curtis distance
Metalign	CAMI_HIGH_S003	8.82564668683997	9796.674238493111	0.7264861490975376	0.7	0.7	0.7	28.0	12.0	12.0	40.0	0.5384615384615384	2.92470887130921	0.7928447941142389	0.3632430745487688
Bracken_custom	CAMI_HIGH_S003	7.725656958090961	9605.006702549437	0.6479180056814288	0.75	0.6976744186046512	0.7228915662650603	30.0	13.0	10.0	43.0	0.5660377358490566	2.9992319215416154	0.7974135460188242	0.32395900284071444
Bracken_original	CAMI_HIGH_S003	8.440854050276592	10157.475687536533	0.8797938510434158	0.7	0.6511627906976745	0.674698795180723	28.0	15.0	12.0	43.0	0.509090909090909	2.8983180506331028	0.7705833142299198	0.43989692552170795
