tool	sample	Weighted UniFrac error	Unweighted UniFrac error	L1 norm error	Completeness (recall)	Purity (precision)	F1 score	True positives	False positives	False negatives	Taxon counts	Jaccard index	Shannon diversity	Shannon equitability	Bray-Curtis distance
Metalign	CAMI_HIGH_S003	8.82564668683997	9796.674238493111	0.08753486026532956	0.6666666666666666	1.0	0.8	8.0	0.0	4.0	8.0	0.6666666666666666	1.2260585311332097	0.5896095209018295	0.04376743013266478
Bracken_custom	CAMI_HIGH_S003	7.725656958090961	9605.006702549437	0.045250216907659464	0.6666666666666666	1.0	0.8	8.0	0.0	4.0	8.0	0.6666666666666666	1.265879948910964	0.6087595748848741	0.02262510845382973
Bracken_original	CAMI_HIGH_S003	8.440854050276592	10157.475687536533	0.24719347851273774	0.4166666666666667	0.625	0.5	5.0	3.0	7.0	8.0	0.3333333333333333	1.1375845621285383	0.5470625354582285	0.12359673925636884
