tool	sample	Weighted UniFrac error	Unweighted UniFrac error	L1 norm error	Completeness (recall)	Purity (precision)	F1 score	True positives	False positives	False negatives	Taxon counts	Jaccard index	Shannon diversity	Shannon equitability	Bray-Curtis distance
Metalign	CAMI_HIGH_S003	8.82564668683997	9796.674238493111	1.8274421825549003	0.2757201646090535	0.23426573426573427	0.2533081285444234	67.0	219.0	176.0	286.0	0.14502164502164502	5.477920792711237	0.9685163939297141	0.9137210912774493
Bracken_custom	CAMI_HIGH_S003	7.725656958090961	9605.006702549437	1.8170009900933428	0.3991769547325103	0.3702290076335878	0.3841584158415842	97.0	165.0	146.0	262.0	0.23774509803921567	5.200531067368991	0.9339456392930306	0.9085004950466717
Bracken_original	CAMI_HIGH_S003	8.440854050276592	10157.475687536533	1.9679903248119035	0.037037037037037035	0.05232558139534884	0.04337349397590361	9.0	163.0	234.0	172.0	0.022167487684729065	4.584130299853624	0.8905556519783624	0.9839951624059512
