tool	sample	Weighted UniFrac error	Unweighted UniFrac error	L1 norm error	Completeness (recall)	Purity (precision)	F1 score	True positives	False positives	False negatives	Taxon counts	Jaccard index	Shannon diversity	Shannon equitability	Bray-Curtis distance
Metalign	CAMI_HIGH_S003	8.82564668683997	9796.674238493111	0.026350902916282486	1.0	0.5	0.6666666666666666	2.0	2.0	0.0	4.0	0.5	0.11136284186426985	0.08033130984844199	0.013175451458141247
Bracken_custom	CAMI_HIGH_S003	7.725656958090961	9605.006702549437	0.012534349002161325	1.0	0.6666666666666666	0.8	2.0	1.0	0.0	3.0	0.6666666666666666	0.054632598925725716	0.04972873459476676	0.006267174501080663
Bracken_original	CAMI_HIGH_S003	8.440854050276592	10157.475687536533	0.01180213296778049	1.0	0.6666666666666666	0.8	2.0	1.0	0.0	3.0	0.6666666666666666	0.10598985023217156	0.09647611930562615	0.005901066483890245
