tool	sample	Weighted UniFrac error	Unweighted UniFrac error	L1 norm error	Completeness (recall)	Purity (precision)	F1 score	True positives	False positives	False negatives	Taxon counts	Jaccard index	Shannon diversity	Shannon equitability	Bray-Curtis distance
Metalign	CAMI_MED_S001	9.783542914094053	2273.120276957428	0.2098426695833849	0.6666666666666666	0.9090909090909091	0.7692307692307692	10.0	1.0	5.0	11.0	0.625	1.521428586424836	0.63448500177796	0.10492133479169247
Bracken_custom	CAMI_MED_S001	8.673650440864957	2182.705634787832	0.18671625922692006	0.6666666666666666	0.9090909090909091	0.7692307692307692	10.0	1.0	5.0	11.0	0.625	1.5042016612505729	0.6273008159756505	0.09335812961346
Bracken_original	CAMI_MED_S001	9.347223432147617	2327.681403367621	0.20897148128050122	0.6666666666666666	0.8333333333333334	0.7407407407407408	10.0	2.0	5.0	12.0	0.5882352941176471	1.4956097931247947	0.6018776573568236	0.10448574064025062
