tool	sample	Weighted UniFrac error	Unweighted UniFrac error	L1 norm error	Completeness (recall)	Purity (precision)	F1 score	True positives	False positives	False negatives	Taxon counts	Jaccard index	Shannon diversity	Shannon equitability	Bray-Curtis distance
Metalign	CAMI_MED_S001	9.783542914094053	2273.120276957428	0.48730491541839116	0.6226415094339622	0.9428571428571428	0.7500000000000001	33.0	2.0	20.0	35.0	0.6	2.827742484722894	0.7953489885708378	0.24365245770919564
Bracken_custom	CAMI_MED_S001	8.673650440864957	2182.705634787832	0.46291531690679755	0.6792452830188679	0.8571428571428571	0.7578947368421052	36.0	6.0	17.0	42.0	0.6101694915254238	2.9370689986525167	0.7858021972529101	0.23145765845339883
Bracken_original	CAMI_MED_S001	9.347223432147617	2327.681403367621	0.8648939343090477	0.660377358490566	0.7	0.6796116504854369	35.0	15.0	18.0	50.0	0.5147058823529411	2.8835595624113033	0.7371018929107029	0.43244696715452396
