tool	sample	Weighted UniFrac error	Unweighted UniFrac error	L1 norm error	Completeness (recall)	Purity (precision)	F1 score	True positives	False positives	False negatives	Taxon counts	Jaccard index	Shannon diversity	Shannon equitability	Bray-Curtis distance
Metalign	CAMI_MED_S001	9.783542914094053	2273.120276957428	0.9072133538075924	0.5774647887323944	0.82	0.6776859504132231	41.0	9.0	30.0	50.0	0.5125	3.0922186306966686	0.790439786884189	0.45360667690379614
Bracken_custom	CAMI_MED_S001	8.673650440864957	2182.705634787832	0.9459349934697978	0.6056338028169014	0.7413793103448276	0.6666666666666667	43.0	15.0	28.0	58.0	0.5	3.278831522490758	0.8075058593297487	0.4729674967348988
Bracken_original	CAMI_MED_S001	9.347223432147617	2327.681403367621	1.1289076476627793	0.43661971830985913	0.37349397590361444	0.40259740259740256	31.0	52.0	40.0	83.0	0.25203252032520324	3.119916874129549	0.7060487469552015	0.564453823831389
