tool	sample	Weighted UniFrac error	Unweighted UniFrac error	L1 norm error	Completeness (recall)	Purity (precision)	F1 score	True positives	False positives	False negatives	Taxon counts	Jaccard index	Shannon diversity	Shannon equitability	Bray-Curtis distance
Metalign	CAMI_MED_S001	9.783542914094053	2273.120276957428	0.639261887457142	0.5862068965517241	0.7727272727272727	0.6666666666666667	17.0	5.0	12.0	22.0	0.5	2.1599376256654743	0.6987731997400337	0.319630943728571
Bracken_custom	CAMI_MED_S001	8.673650440864957	2182.705634787832	0.5981549434016522	0.6206896551724138	0.75	0.679245283018868	18.0	6.0	11.0	24.0	0.5142857142857142	2.2301923993613033	0.7017478363848648	0.29907747170082605
Bracken_original	CAMI_MED_S001	9.347223432147617	2327.681403367621	0.6048212716076737	0.6206896551724138	0.6206896551724138	0.6206896551724138	18.0	11.0	11.0	29.0	0.45	2.314063054140366	0.687217034373146	0.3024106358038368
