tool	sample	Weighted UniFrac error	Unweighted UniFrac error	L1 norm error	Completeness (recall)	Purity (precision)	F1 score	True positives	False positives	False negatives	Taxon counts	Jaccard index	Shannon diversity	Shannon equitability	Bray-Curtis distance
Metalign	CAMI_MED_S001	9.783542914094053	2273.120276957428	0.12165584623312581	0.6666666666666666	1.0	0.8	4.0	0.0	2.0	4.0	0.6666666666666666	0.9168605552186861	0.6613750881003501	0.060827923116562904
Bracken_custom	CAMI_MED_S001	8.673650440864957	2182.705634787832	0.13516363557272393	0.6666666666666666	1.0	0.8	4.0	0.0	2.0	4.0	0.6666666666666666	0.9008994854695044	0.6498616100131364	0.06758181778636196
Bracken_original	CAMI_MED_S001	9.347223432147617	2327.681403367621	0.14093502311426967	0.8333333333333334	0.7142857142857143	0.7692307692307692	5.0	2.0	1.0	7.0	0.625	0.9341067052668892	0.48003588743312364	0.07046751155713482
