tool	sample	Weighted UniFrac error	Unweighted UniFrac error	L1 norm error	Completeness (recall)	Purity (precision)	F1 score	True positives	False positives	False negatives	Taxon counts	Jaccard index	Shannon diversity	Shannon equitability	Bray-Curtis distance
Metalign	CAMI_MED_S001	9.783542914094053	2273.120276957428	1.6728499342916487	0.4027777777777778	0.3918918918918919	0.3972602739726028	29.0	45.0	43.0	74.0	0.24786324786324787	3.4061731571103078	0.7913851401756044	0.8364249671458247
Bracken_custom	CAMI_MED_S001	8.673650440864957	2182.705634787832	1.7056175327789975	0.4027777777777778	0.27358490566037735	0.3258426966292135	29.0	77.0	43.0	106.0	0.19463087248322147	3.639731664412032	0.7804822987840582	0.8528087663894992
Bracken_original	CAMI_MED_S001	9.347223432147617	2327.681403367621	1.8347598748481997	0.1388888888888889	0.125	0.13157894736842105	10.0	70.0	62.0	80.0	0.07042253521126761	2.956873044308509	0.6747729511526726	0.9173799374241003
