tool	sample	Weighted UniFrac error	Unweighted UniFrac error	L1 norm error	Completeness (recall)	Purity (precision)	F1 score	True positives	False positives	False negatives	Taxon counts	Jaccard index	Shannon diversity	Shannon equitability	Bray-Curtis distance
Metalign	CAMI_MED_S001	9.783542914094053	2273.120276957428	0.7160986582986892	0.3333333333333333	1.0	0.5	1.0	0.0	2.0	1.0	0.3333333333333333	0.0	0.0	0.3580493291493446
Bracken_custom	CAMI_MED_S001	8.673650440864957	2182.705634787832	0.7160986582986891	0.3333333333333333	0.5	0.4	1.0	1.0	2.0	2.0	0.25	0.0088104567966221	0.012710802328453166	0.35804932914934456
Bracken_original	CAMI_MED_S001	9.347223432147617	2327.681403367621	0.7101153292429698	1.0	1.0	1.0	3.0	0.0	0.0	3.0	1.0	0.0303227441213149	0.027600951158189155	0.3550576646214849
