rank	sample	Weighted UniFrac error	Unweighted UniFrac error	L1 norm error	Completeness (recall)	Purity (precision)	F1 score	True positives	False positives	False negatives	Taxon counts	Jaccard index	Shannon diversity	Shannon equitability	Bray-Curtis distance
superkingdom	CAMI_HIGH_S003	7.613483761879233	21216.566015674216	0.012535771158597227	1.0	0.5	0.6666666666666666	2.0	2.0	0.0	4.0	0.5	0.05555609935654709	0.04007525451641251	0.006267885579298613
phylum	CAMI_HIGH_S003	7.613483761879233	21216.566015674216	0.04289005967486439	1.0	0.2608695652173913	0.41379310344827586	12.0	34.0	0.0	46.0	0.2608695652173913	1.2905365262258048	0.2442715807467221	0.021445029837432197
class	CAMI_HIGH_S003	7.613483761879233	21216.566015674216	0.12605834234229732	1.0	0.26582278481012656	0.41999999999999993	21.0	58.0	0.0	79.0	0.26582278481012656	2.1519159816508986	0.40849922618902257	0.06302917117114869
order	CAMI_HIGH_S003	7.613483761879233	21216.566015674216	0.6448985482556335	1.0	0.2631578947368421	0.4166666666666667	40.0	112.0	0.0	152.0	0.2631578947368421	3.0486479237725597	0.5063338483983651	0.322449274127817
family	CAMI_HIGH_S003	7.613483761879233	21216.566015674216	0.26186106691787797	0.9545454545454546	0.32432432432432434	0.484149855907781	84.0	175.0	4.0	259.0	0.3193916349809886	3.7755929885593087	0.556320974638951	0.1309305334589388
genus	CAMI_HIGH_S003	7.613483761879233	21216.566015674216	0.42664830387636565	0.9587628865979382	0.28615384615384615	0.4407582938388626	186.0	464.0	8.0	650.0	0.2826747720364742	4.570971288292961	0.5598390893934745	0.21332415193818427
species	CAMI_HIGH_S003	7.613483761879233	21216.566015674216	1.7840042337487616	0.6419753086419753	0.05758582502768549	0.10569105691056911	156.0	2553.0	87.0	2709.0	0.055793991416309016	5.973813550703751	0.5828886264940017	0.8920021168743668
strain	CAMI_HIGH_S003	7.613483761879233	21216.566015674216	na	0.0	0.0	na	0.0	0.0	1074.0	0.0	0.0	na	na	na
