rank	sample	Weighted UniFrac error	Unweighted UniFrac error	L1 norm error	Completeness (recall)	Purity (precision)	F1 score	True positives	False positives	False negatives	Taxon counts	Jaccard index	Shannon diversity	Shannon equitability	Bray-Curtis distance
superkingdom	CAMI_HIGH_S003	8.421195349026425	32533.96004150268	0.012684070839822863	1.0	0.5	0.6666666666666666	2.0	2.0	0.0	4.0	0.5	0.10985987187321612	0.07924714617209291	0.006342035419911432
phylum	CAMI_HIGH_S003	8.421195349026425	32533.96004150268	0.2423384193844557	1.0	0.2857142857142857	0.4444444444444445	12.0	30.0	0.0	42.0	0.2857142857142857	1.1827667217791968	0.31070963736807694	0.12116920969222784
class	CAMI_HIGH_S003	8.421195349026425	32533.96004150268	0.33971882974075385	1.0	0.25925925925925924	0.4117647058823529	21.0	60.0	0.0	81.0	0.25925925925925924	1.978254092847535	0.44411761393446314	0.16985941487037698
order	CAMI_HIGH_S003	8.421195349026425	32533.96004150268	0.8797696146026043	1.0	0.22099447513812154	0.3619909502262444	40.0	141.0	0.0	181.0	0.22099447513812154	3.026519829344414	0.5756581062242772	0.4398848073013019
family	CAMI_HIGH_S003	8.421195349026425	32533.96004150268	0.6123182584710594	0.9545454545454546	0.2198952879581152	0.3574468085106383	84.0	298.0	4.0	382.0	0.21761658031088082	3.8025436277151883	0.6132631242017751	0.3061591292355299
genus	CAMI_HIGH_S003	8.421195349026425	32533.96004150268	1.0396046253138034	0.6443298969072165	0.09928514694201747	0.17205781142463863	125.0	1134.0	69.0	1259.0	0.09412650602409639	4.8722082687643695	0.6442435043624607	0.5198023126569012
species	CAMI_HIGH_S003	8.421195349026425	32533.96004150268	1.9666045336129372	0.06584362139917696	0.0037426900584795323	0.007082779991146525	16.0	4259.0	227.0	4275.0	0.003553976010661928	6.616297076648487	0.7449943836947222	0.9833022668064653
strain	CAMI_HIGH_S003	8.421195349026425	32533.96004150268	na	0.0	0.0	na	0.0	0.0	1074.0	0.0	0.0	na	na	na
