rank	sample	Weighted UniFrac error	Unweighted UniFrac error	L1 norm error	Completeness (recall)	Purity (precision)	F1 score	True positives	False positives	False negatives	Taxon counts	Jaccard index	Shannon diversity	Shannon equitability	Bray-Curtis distance
superkingdom	CAMI_HIGH_S003	8.646200688948161	14616.978974490072	0.026350902916282486	1.0	0.5	0.6666666666666666	2.0	2.0	0.0	4.0	0.5	0.11136284186426985	0.08033130984844199	0.013175451458141245
phylum	CAMI_HIGH_S003	8.646200688948161	14616.978974490072	0.08565921868758472	0.9166666666666666	0.9166666666666666	0.9166666666666666	11.0	1.0	1.0	12.0	0.8461538461538461	1.2354125699951632	0.4971665917915115	0.04282960934379236
class	CAMI_HIGH_S003	8.646200688948161	14616.978974490072	0.1920992245027607	0.9523809523809523	0.8	0.8695652173913043	20.0	5.0	1.0	25.0	0.7692307692307693	2.119887606685479	0.6585801136868271	0.09604961225138038
order	CAMI_HIGH_S003	8.646200688948161	14616.978974490072	0.7209054534552405	0.925	0.6981132075471698	0.7956989247311829	37.0	16.0	3.0	53.0	0.6607142857142857	2.9602496383605783	0.7455999968808631	0.36045272672762046
family	CAMI_HIGH_S003	8.646200688948161	14616.978974490072	0.33132997236148853	0.8977272727272727	0.7821782178217822	0.835978835978836	79.0	22.0	9.0	101.0	0.7181818181818181	3.6568131535946535	0.7923548562275675	0.16566498618074432
genus	CAMI_HIGH_S003	8.646200688948161	14616.978974490072	0.49816036094673	0.8608247422680413	0.7522522522522522	0.8028846153846154	167.0	55.0	27.0	222.0	0.6706827309236948	4.441542913579409	0.8221003401909975	0.2490801804733651
species	CAMI_HIGH_S003	8.646200688948161	14616.978974490072	1.7621406854010535	0.6584362139917695	0.09956440572495333	0.17297297297297298	160.0	1447.0	83.0	1607.0	0.09467455621301775	6.320362827850311	0.8561712746516259	0.8810703427005244
strain	CAMI_HIGH_S003	8.646200688948161	14616.978974490072	1.928497928497933	0.056797020484171325	0.037958929682638455	0.04550540842969041	61.0	1546.0	1013.0	1607.0	0.023282442748091603	6.320362827850295	0.8561712746516237	0.9642489642489643
