tool	sample	Weighted UniFrac error	Unweighted UniFrac error	L1 norm error	Completeness (recall)	Purity (precision)	F1 score	True positives	False positives	False negatives	Taxon counts	Jaccard index	Shannon diversity	Shannon equitability	Bray-Curtis distance
Metalign	CAMI_MED_S002	8.951704919446886	2911.2663775319947	0.2712520195527768	1.0	0.9375	0.967741935483871	15.0	1.0	0.0	16.0	0.9375	1.9675862469082948	0.7096567302339811	0.13562600977638836
Bracken+Kraken2	CAMI_MED_S002	8.926871393117857	28557.224270846364	0.3210758844902503	1.0	0.18518518518518517	0.3125	15.0	66.0	0.0	81.0	0.18518518518518517	1.9344029460959704	0.43314884558770006	0.1605379422451252
CLARK	CAMI_MED_S002	9.164687092311357	44931.289501101426	0.35302012164342744	1.0	0.13392857142857142	0.23622047244094488	15.0	97.0	0.0	112.0	0.13392857142857142	1.8045050818168171	0.37190721897086504	0.17651006082171364
GOTTCHA	CAMI_MED_S002	11.230652174851748	2540.7847141123443	0.9524659862659866	0.5333333333333333	0.8888888888888888	0.6666666666666667	8.0	1.0	7.0	9.0	0.5	1.4980011891693272	0.6817697219577855	0.4762329931329931
MEGAN+DIAMOND	CAMI_MED_S002	10.091013211169724	2155.156186547174	0.30040502928035645	1.0	0.9375	0.967741935483871	15.0	1.0	0.0	16.0	0.9375	2.107440929300591	0.7600986444170978	0.15020251464017825
MetaBinG2	CAMI_MED_S002	11.462961807763667	2783.006204743494	0.6439884617244929	0.3333333333333333	1.0	0.5	5.0	0.0	10.0	5.0	0.3333333333333333	1.204166059755884	0.7481904399373279	0.32199423086224643
MetaPhlAn2	CAMI_MED_S002	10.48230238993435	2482.382753152192	0.8634971038391446	0.6666666666666666	1.0	0.8	10.0	0.0	5.0	10.0	0.6666666666666666	1.5141429516492992	0.6575839287139928	0.4317485519195723
mOTUs2	CAMI_MED_S002	8.34696711759587	1997.481316708777	0.13592789153841053	1.0	0.9375	0.967741935483871	15.0	1.0	0.0	16.0	0.9375	1.9434001409898023	0.7009334364672251	0.06796394576920528
