tool	sample	Weighted UniFrac error	Unweighted UniFrac error	L1 norm error	Completeness (recall)	Purity (precision)	F1 score	True positives	False positives	False negatives	Taxon counts	Jaccard index	Shannon diversity	Shannon equitability	Bray-Curtis distance
Metalign	CAMI_MED_S002	8.951704919446895	2911.2663775319947	0.27125201955277684	1.0	0.9375	0.967741935483871	15.0	1.0	0.0	16.0	0.9375	1.967586246908295	0.7096567302339812	0.13562600977638836
Bracken+Kraken2	CAMI_MED_S002	8.926871393117953	28557.22427084636	0.3210758844902501	1.0	0.18518518518518517	0.3125	15.0	66.0	0.0	81.0	0.18518518518518517	1.9344029460959697	0.43314884558769995	0.1605379422451251
CLARK	CAMI_MED_S002	9.164687092311311	44931.289501101426	0.3530201216434272	1.0	0.13392857142857142	0.23622047244094488	15.0	97.0	0.0	112.0	0.13392857142857142	1.8045050818168158	0.37190721897086476	0.17651006082171367
GOTTCHA	CAMI_MED_S002	11.23065217485175	2540.7847141123443	0.9524659862659864	0.5333333333333333	0.8888888888888888	0.6666666666666667	8.0	1.0	7.0	9.0	0.5	1.4980011891693272	0.6817697219577855	0.4762329931329931
MEGAN+DIAMOND	CAMI_MED_S002	10.091013211169727	2155.156186547174	0.3004050292803565	1.0	0.9375	0.967741935483871	15.0	1.0	0.0	16.0	0.9375	2.1074409293005907	0.7600986444170977	0.15020251464017825
MetaPhlAn2	CAMI_MED_S002	10.482302389934352	2482.382753152192	0.8634971038391447	0.6666666666666666	1.0	0.8	10.0	0.0	5.0	10.0	0.6666666666666666	1.5141429516492992	0.6575839287139928	0.4317485519195724
mOTUs2	CAMI_MED_S002	8.346967117595863	1997.481316708777	0.13592789153841053	1.0	0.9375	0.967741935483871	15.0	1.0	0.0	16.0	0.9375	1.9434001409898023	0.7009334364672251	0.06796394576920527
