tool	sample	Weighted UniFrac error	Unweighted UniFrac error	L1 norm error	Completeness (recall)	Purity (precision)	F1 score	True positives	False positives	False negatives	Taxon counts	Jaccard index	Shannon diversity	Shannon equitability	Bray-Curtis distance
Metalign	CAMI_MED_S002	8.951704919446895	2911.2663775319947	0.344659083321464	0.8301886792452831	0.8979591836734694	0.8627450980392157	44.0	5.0	9.0	49.0	0.7586206896551724	3.0343124076181174	0.779664058253459	0.17232954166073197
Bracken+Kraken2	CAMI_MED_S002	8.926871393117953	28557.22427084636	0.606743421707669	0.9811320754716981	0.13978494623655913	0.2447058823529411	52.0	320.0	1.0	372.0	0.13941018766756033	3.4033502643802946	0.5503344638690233	0.3033717108538349
CLARK	CAMI_MED_S002	9.164687092311311	44931.289501101426	0.7119372526471507	0.9811320754716981	0.10743801652892562	0.19366852886405958	52.0	432.0	1.0	484.0	0.10721649484536082	2.949109085973556	0.4595967162306013	0.35596862632357534
GOTTCHA	CAMI_MED_S002	11.23065217485175	2540.7847141123443	1.3926802507454736	0.41509433962264153	0.8461538461538461	0.5569620253164558	22.0	4.0	31.0	26.0	0.38596491228070173	1.696369993150005	0.5147008368792779	0.696340125372737
MEGAN+DIAMOND	CAMI_MED_S002	10.091013211169727	2155.156186547174	0.37815328366912654	0.8113207547169812	0.9148936170212766	0.8600000000000001	43.0	4.0	10.0	47.0	0.7543859649122807	2.930987223731642	0.7612661972828866	0.18907664183456313
MetaPhlAn2	CAMI_MED_S002	10.482302389934352	2482.382753152192	1.1233030780758841	0.6226415094339622	0.9705882352941176	0.7586206896551724	33.0	1.0	20.0	34.0	0.6111111111111112	2.0833135977174253	0.5907829285107457	0.5616515390379422
mOTUs2	CAMI_MED_S002	8.346967117595863	1997.481316708777	0.26710501783053736	0.8679245283018868	0.9583333333333334	0.910891089108911	46.0	2.0	7.0	48.0	0.8363636363636363	2.880506639295588	0.74408604233652	0.13355250891526865
