tool	sample	Weighted UniFrac error	Unweighted UniFrac error	L1 norm error	Completeness (recall)	Purity (precision)	F1 score	True positives	False positives	False negatives	Taxon counts	Jaccard index	Shannon diversity	Shannon equitability	Bray-Curtis distance
Metalign	CAMI_MED_S002	8.951704919446886	2911.2663775319947	0.3446590833214641	0.8301886792452831	0.8979591836734694	0.8627450980392157	44.0	5.0	9.0	49.0	0.7586206896551724	3.0343124076181183	0.7796640582534592	0.17232954166073194
Bracken+Kraken2	CAMI_MED_S002	8.926871393117857	28557.224270846364	0.6067434217076692	0.9811320754716981	0.13978494623655913	0.2447058823529411	52.0	320.0	1.0	372.0	0.13941018766756033	3.403350264380295	0.5503344638690233	0.3033717108538349
CLARK	CAMI_MED_S002	9.164687092311357	44931.289501101426	0.7119372526471497	0.9811320754716981	0.10743801652892562	0.19366852886405958	52.0	432.0	1.0	484.0	0.10721649484536082	2.949109085973558	0.4595967162306016	0.35596862632357534
GOTTCHA	CAMI_MED_S002	11.230652174851748	2540.7847141123443	1.3926802507454732	0.41509433962264153	0.8461538461538461	0.5569620253164558	22.0	4.0	31.0	26.0	0.38596491228070173	1.6963699931500051	0.514700836879278	0.6963401253727372
MEGAN+DIAMOND	CAMI_MED_S002	10.091013211169724	2155.156186547174	0.3781532836691264	0.8113207547169812	0.9148936170212766	0.8600000000000001	43.0	4.0	10.0	47.0	0.7543859649122807	2.9309872237316434	0.7612661972828869	0.18907664183456316
MetaBinG2	CAMI_MED_S002	11.462961807763667	2783.006204743494	1.1062458514075066	0.1320754716981132	0.875	0.22950819672131148	7.0	1.0	46.0	8.0	0.12962962962962962	1.6698471859950699	0.803026751425826	0.5531229257037534
MetaPhlAn2	CAMI_MED_S002	10.48230238993435	2482.382753152192	1.1233030780758841	0.6226415094339622	0.9705882352941176	0.7586206896551724	33.0	1.0	20.0	34.0	0.6111111111111112	2.083313597717425	0.5907829285107455	0.5616515390379422
mOTUs2	CAMI_MED_S002	8.34696711759587	1997.481316708777	0.2671050178305373	0.8679245283018868	0.9583333333333334	0.910891089108911	46.0	2.0	7.0	48.0	0.8363636363636363	2.8805066392955885	0.7440860423365201	0.13355250891526865
