tool	sample	Weighted UniFrac error	Unweighted UniFrac error	L1 norm error	Completeness (recall)	Purity (precision)	F1 score	True positives	False positives	False negatives	Taxon counts	Jaccard index	Shannon diversity	Shannon equitability	Bray-Curtis distance
Metalign	CAMI_MED_S002	8.951704919446886	2911.2663775319947	0.4248546308454091	0.8450704225352113	0.759493670886076	0.8	60.0	19.0	11.0	79.0	0.6666666666666666	3.3540357662372333	0.7676108926082092	0.21242731542270443
Bracken+Kraken2	CAMI_MED_S002	8.926871393117857	28557.224270846364	0.7619319761159659	0.7605633802816901	0.045531197301854974	0.08591885441527447	54.0	1132.0	17.0	1186.0	0.04488778054862843	4.038623100401991	0.5363800085727042	0.3809659880579855
CLARK	CAMI_MED_S002	9.164687092311357	44931.289501101426	0.8396175295491536	0.7746478873239436	0.03790489317711923	0.07227332457293036	55.0	1396.0	16.0	1451.0	0.03749147920927062	3.3578074271823555	0.45077798983874795	0.4198087647745793
GOTTCHA	CAMI_MED_S002	11.230652174851748	2540.7847141123443	1.4108049843320136	0.2535211267605634	0.5454545454545454	0.3461538461538461	18.0	15.0	53.0	33.0	0.20930232558139536	1.7674733847692286	0.501217437193724	0.7054024921660069
MEGAN+DIAMOND	CAMI_MED_S002	10.091013211169724	2155.156186547174	0.3744970813062687	0.7605633802816901	0.84375	0.8	54.0	10.0	17.0	64.0	0.6666666666666666	3.1288207086513653	0.7523223533670029	0.18724854065313426
MetaBinG2	CAMI_MED_S002	11.462961807763667	2783.006204743494	1.2413443530918642	0.08450704225352113	0.75	0.1518987341772152	6.0	2.0	65.0	8.0	0.0821917808219178	1.6698471859950699	0.803026751425826	0.6206721765459318
MetaPhlAn2	CAMI_MED_S002	10.48230238993435	2482.382753152192	1.2023206282278631	0.4084507042253521	0.6904761904761905	0.5132743362831858	29.0	13.0	42.0	42.0	0.34523809523809523	2.114676787848494	0.5657741330331171	0.6011603141139313
mOTUs2	CAMI_MED_S002	8.34696711759587	1997.481316708777	0.2501262571693637	0.8591549295774648	0.7625	0.8079470198675496	61.0	19.0	10.0	80.0	0.6777777777777778	3.16551285269976	0.722385580145006	0.12506312858468177
