tool	sample	Weighted UniFrac error	Unweighted UniFrac error	L1 norm error	Completeness (recall)	Purity (precision)	F1 score	True positives	False positives	False negatives	Taxon counts	Jaccard index	Shannon diversity	Shannon equitability	Bray-Curtis distance
Metalign	CAMI_MED_S002	8.951704919446895	2911.2663775319947	0.4248546308454092	0.8450704225352113	0.759493670886076	0.8	60.0	19.0	11.0	79.0	0.6666666666666666	3.354035766237232	0.7676108926082089	0.2124273154227044
Bracken+Kraken2	CAMI_MED_S002	8.926871393117953	28557.22427084636	0.7619319761159683	0.7605633802816901	0.045531197301854974	0.08591885441527447	54.0	1132.0	17.0	1186.0	0.04488778054862843	4.038623100402	0.5363800085727054	0.3809659880579855
CLARK	CAMI_MED_S002	9.164687092311311	44931.289501101426	0.8396175295491538	0.7746478873239436	0.03790489317711923	0.07227332457293036	55.0	1396.0	16.0	1451.0	0.03749147920927062	3.357807427182353	0.45077798983874756	0.4198087647745793
GOTTCHA	CAMI_MED_S002	11.23065217485175	2540.7847141123443	1.4108049843320145	0.2535211267605634	0.5454545454545454	0.3461538461538461	18.0	15.0	53.0	33.0	0.20930232558139536	1.767473384769229	0.5012174371937241	0.7054024921660068
MEGAN+DIAMOND	CAMI_MED_S002	10.091013211169727	2155.156186547174	0.3744970813062686	0.7605633802816901	0.84375	0.8	54.0	10.0	17.0	64.0	0.6666666666666666	3.128820708651365	0.7523223533670028	0.18724854065313426
MetaPhlAn2	CAMI_MED_S002	10.482302389934352	2482.382753152192	1.2023206282278631	0.4084507042253521	0.6904761904761905	0.5132743362831858	29.0	13.0	42.0	42.0	0.34523809523809523	2.1146767878484947	0.5657741330331172	0.6011603141139311
mOTUs2	CAMI_MED_S002	8.346967117595863	1997.481316708777	0.25012625716936354	0.8591549295774648	0.7625	0.8079470198675496	61.0	19.0	10.0	80.0	0.6777777777777778	3.165512852699759	0.7223855801450058	0.12506312858468183
