tool	sample	Weighted UniFrac error	Unweighted UniFrac error	L1 norm error	Completeness (recall)	Purity (precision)	F1 score	True positives	False positives	False negatives	Taxon counts	Jaccard index	Shannon diversity	Shannon equitability	Bray-Curtis distance
Metalign	CAMI_MED_S002	8.951704919446895	2911.2663775319947	0.7857506340615589	0.8620689655172413	0.8064516129032258	0.8333333333333334	25.0	6.0	4.0	31.0	0.7142857142857143	2.742885804083729	0.798746658258142	0.3928753170307794
Bracken+Kraken2	CAMI_MED_S002	8.926871393117953	28557.22427084636	0.9583488728431471	0.9655172413793104	0.1590909090909091	0.27317073170731704	28.0	148.0	1.0	176.0	0.15819209039548024	2.9049221222064268	0.5525296584495171	0.47917443642157365
CLARK	CAMI_MED_S002	9.164687092311311	44931.289501101426	1.0032674929349776	0.9655172413793104	0.11067193675889328	0.19858156028368795	28.0	225.0	1.0	253.0	0.11023622047244094	2.6217148960066505	0.45574650866848754	0.5016337464674891
GOTTCHA	CAMI_MED_S002	11.23065217485175	2540.7847141123443	1.3463398832091074	0.5517241379310345	0.8421052631578947	0.6666666666666666	16.0	3.0	13.0	19.0	0.5	1.6865974518396902	0.5630000606959423	0.6731699416045538
MEGAN+DIAMOND	CAMI_MED_S002	10.091013211169727	2155.156186547174	0.7459282071737567	0.896551724137931	0.8387096774193549	0.8666666666666666	26.0	5.0	3.0	31.0	0.7647058823529411	2.661821860515249	0.7751402966902822	0.37296410358687837
MetaPhlAn2	CAMI_MED_S002	10.482302389934352	2482.382753152192	1.0443049324477809	0.6551724137931034	0.95	0.7755102040816326	19.0	1.0	10.0	20.0	0.6333333333333333	2.0253124569880327	0.6760659071130214	0.5221524662238903
mOTUs2	CAMI_MED_S002	8.346967117595863	1997.481316708777	0.6609599901762283	0.896551724137931	0.8387096774193549	0.8666666666666666	26.0	5.0	3.0	31.0	0.7647058823529411	2.6303979973345006	0.7659894579394256	0.3304799950881141
