tool	sample	Weighted UniFrac error	Unweighted UniFrac error	L1 norm error	Completeness (recall)	Purity (precision)	F1 score	True positives	False positives	False negatives	Taxon counts	Jaccard index	Shannon diversity	Shannon equitability	Bray-Curtis distance
Metalign	CAMI_MED_S002	8.951704919446886	2911.2663775319947	0.7857506340615588	0.8620689655172413	0.8064516129032258	0.8333333333333334	25.0	6.0	4.0	31.0	0.7142857142857143	2.74288580408373	0.7987466582581422	0.3928753170307793
Bracken+Kraken2	CAMI_MED_S002	8.926871393117857	28557.224270846364	0.9583488728431466	0.9655172413793104	0.1590909090909091	0.27317073170731704	28.0	148.0	1.0	176.0	0.15819209039548024	2.904922122206425	0.5525296584495167	0.4791744364215737
CLARK	CAMI_MED_S002	9.164687092311357	44931.289501101426	1.0032674929349772	0.9655172413793104	0.11067193675889328	0.19858156028368795	28.0	225.0	1.0	253.0	0.11023622047244094	2.6217148960066488	0.4557465086684872	0.5016337464674891
GOTTCHA	CAMI_MED_S002	11.230652174851748	2540.7847141123443	1.3463398832091078	0.5517241379310345	0.8421052631578947	0.6666666666666666	16.0	3.0	13.0	19.0	0.5	1.6865974518396902	0.5630000606959423	0.6731699416045538
MEGAN+DIAMOND	CAMI_MED_S002	10.091013211169724	2155.156186547174	0.7459282071737563	0.896551724137931	0.8387096774193549	0.8666666666666666	26.0	5.0	3.0	31.0	0.7647058823529411	2.66182186051525	0.7751402966902825	0.3729641035868783
MetaBinG2	CAMI_MED_S002	11.462961807763667	2783.006204743494	1.4235495881214941	0.1724137931034483	0.7142857142857143	0.2777777777777778	5.0	2.0	24.0	7.0	0.16129032258064516	1.5587438044416222	0.8010358572816685	0.7117747940607471
MetaPhlAn2	CAMI_MED_S002	10.48230238993435	2482.382753152192	1.0443049324477807	0.6551724137931034	0.95	0.7755102040816326	19.0	1.0	10.0	20.0	0.6333333333333333	2.0253124569880323	0.6760659071130213	0.5221524662238902
mOTUs2	CAMI_MED_S002	8.34696711759587	1997.481316708777	0.6609599901762283	0.896551724137931	0.8387096774193549	0.8666666666666666	26.0	5.0	3.0	31.0	0.7647058823529411	2.630397997334502	0.765989457939426	0.33047999508811415
