tool	sample	Weighted UniFrac error	Unweighted UniFrac error	L1 norm error	Completeness (recall)	Purity (precision)	F1 score	True positives	False positives	False negatives	Taxon counts	Jaccard index	Shannon diversity	Shannon equitability	Bray-Curtis distance
Metalign	CAMI_MED_S002	8.951704919446895	2911.2663775319947	0.23150069194557163	1.0	1.0	1.0	6.0	0.0	0.0	6.0	1.0	1.3151535759589525	0.7340011862895643	0.11575034597278579
Bracken+Kraken2	CAMI_MED_S002	8.926871393117953	28557.22427084636	0.11183033083814094	1.0	0.14285714285714285	0.25	6.0	36.0	0.0	42.0	0.14285714285714285	1.4036480387039778	0.3687345653774178	0.055915165419070476
CLARK	CAMI_MED_S002	9.164687092311311	44931.289501101426	0.1827611065108059	1.0	0.12	0.21428571428571425	6.0	44.0	0.0	50.0	0.12	1.3634867814828942	0.34181304451625216	0.09138055325540295
GOTTCHA	CAMI_MED_S002	11.23065217485175	2540.7847141123443	0.8962175600158389	0.6666666666666666	1.0	0.8	4.0	0.0	2.0	4.0	0.6666666666666666	0.9286443940586415	0.6698753310288693	0.4481087800079194
MEGAN+DIAMOND	CAMI_MED_S002	10.091013211169727	2155.156186547174	0.20762394493514505	1.0	1.0	1.0	6.0	0.0	0.0	6.0	1.0	1.4088818066943678	0.7863119078708468	0.10381197246757252
MetaPhlAn2	CAMI_MED_S002	10.482302389934352	2482.382753152192	0.8048223426970504	0.8333333333333334	1.0	0.9090909090909091	5.0	0.0	1.0	5.0	0.8333333333333334	1.034506037560119	0.6427747411489398	0.40241117134852517
mOTUs2	CAMI_MED_S002	8.346967117595863	1997.481316708777	0.105935700390107	1.0	1.0	1.0	6.0	0.0	0.0	6.0	1.0	1.3289497109964894	0.7417009558593497	0.0529678501950535
