tool	sample	Weighted UniFrac error	Unweighted UniFrac error	L1 norm error	Completeness (recall)	Purity (precision)	F1 score	True positives	False positives	False negatives	Taxon counts	Jaccard index	Shannon diversity	Shannon equitability	Bray-Curtis distance
Metalign	CAMI_MED_S002	8.951704919446886	2911.2663775319947	0.23150069194557163	1.0	1.0	1.0	6.0	0.0	0.0	6.0	1.0	1.3151535759589528	0.7340011862895645	0.11575034597278581
Bracken+Kraken2	CAMI_MED_S002	8.926871393117857	28557.224270846364	0.11183033083814095	1.0	0.14285714285714285	0.25	6.0	36.0	0.0	42.0	0.14285714285714285	1.4036480387039776	0.3687345653774177	0.05591516541907048
CLARK	CAMI_MED_S002	9.164687092311357	44931.289501101426	0.18276110651080593	1.0	0.12	0.21428571428571425	6.0	44.0	0.0	50.0	0.12	1.3634867814828942	0.34181304451625216	0.091380553255403
GOTTCHA	CAMI_MED_S002	11.230652174851748	2540.7847141123443	0.8962175600158389	0.6666666666666666	1.0	0.8	4.0	0.0	2.0	4.0	0.6666666666666666	0.9286443940586415	0.6698753310288693	0.4481087800079194
MEGAN+DIAMOND	CAMI_MED_S002	10.091013211169724	2155.156186547174	0.20762394493514505	1.0	1.0	1.0	6.0	0.0	0.0	6.0	1.0	1.408881806694368	0.7863119078708469	0.10381197246757252
MetaBinG2	CAMI_MED_S002	11.462961807763667	2783.006204743494	0.5886083906379596	0.8333333333333334	1.0	0.9090909090909091	5.0	0.0	1.0	5.0	0.8333333333333334	1.204166059755884	0.7481904399373279	0.2943041953189798
MetaPhlAn2	CAMI_MED_S002	10.48230238993435	2482.382753152192	0.8048223426970503	0.8333333333333334	1.0	0.9090909090909091	5.0	0.0	1.0	5.0	0.8333333333333334	1.034506037560119	0.6427747411489398	0.4024111713485251
mOTUs2	CAMI_MED_S002	8.34696711759587	1997.481316708777	0.105935700390107	1.0	1.0	1.0	6.0	0.0	0.0	6.0	1.0	1.3289497109964894	0.7417009558593497	0.05296785019505349
