tool	sample	Weighted UniFrac error	Unweighted UniFrac error	L1 norm error	Completeness (recall)	Purity (precision)	F1 score	True positives	False positives	False negatives	Taxon counts	Jaccard index	Shannon diversity	Shannon equitability	Bray-Curtis distance
Metalign	CAMI_MED_S002	8.951704919446886	2911.2663775319947	1.542270676104106	0.6666666666666666	0.1563517915309446	0.2532981530343008	48.0	259.0	24.0	307.0	0.14501510574018128	3.5831879431316747	0.6256824174592948	0.7711353380520529
Bracken+Kraken2	CAMI_MED_S002	8.926871393117857	28557.224270846364	1.7479755981765193	0.2916666666666667	0.005545286506469501	0.010883648613630474	21.0	3766.0	51.0	3787.0	0.0054715997915581035	4.868958265640704	0.5531510573033098	0.8739877990882492
CLARK	CAMI_MED_S002	9.164687092311357	44931.289501101426	1.761597488534936	0.3333333333333333	0.004914004914004914	0.009685230024213076	24.0	4860.0	48.0	4884.0	0.004866180048661801	3.8494653595744035	0.4465960240399311	0.8807987442674701
GOTTCHA	CAMI_MED_S002	11.230652174851748	2540.7847141123443	1.7994379520496946	0.16666666666666666	0.3333333333333333	0.2222222222222222	12.0	24.0	60.0	36.0	0.125	1.752005662068725	0.4782246980665997	0.8997189760248474
MEGAN+DIAMOND	CAMI_MED_S002	10.091013211169724	2155.156186547174	1.5804587549167837	0.4583333333333333	0.6	0.5196850393700787	33.0	22.0	39.0	55.0	0.35106382978723405	3.00646516230183	0.7502408767459202	0.7902293774583915
MetaBinG2	CAMI_MED_S002	11.462961807763667	2783.006204743494	1.8620973758887869	0.027777777777777776	0.25	0.049999999999999996	2.0	6.0	70.0	8.0	0.02564102564102564	1.6698471859950699	0.803026751425826	0.9310486879443931
MetaPhlAn2	CAMI_MED_S002	10.48230238993435	2482.382753152192	1.7768108670419367	0.3055555555555556	0.5945945945945946	0.4036697247706422	22.0	15.0	50.0	37.0	0.25287356321839083	1.9519699194989293	0.5405744375034904	0.8884054335209683
mOTUs2	CAMI_MED_S002	8.34696711759587	1997.481316708777	1.6173399373979118	0.6111111111111112	0.4489795918367347	0.5176470588235293	44.0	54.0	28.0	98.0	0.3492063492063492	3.0000556208515086	0.6543242966952048	0.8086699686989556
