tool	sample	Weighted UniFrac error	Unweighted UniFrac error	L1 norm error	Completeness (recall)	Purity (precision)	F1 score	True positives	False positives	False negatives	Taxon counts	Jaccard index	Shannon diversity	Shannon equitability	Bray-Curtis distance
Metalign	CAMI_MED_S002	8.951704919446895	2911.2663775319947	1.5422706761041058	0.6666666666666666	0.1563517915309446	0.2532981530343008	48.0	259.0	24.0	307.0	0.14501510574018128	3.583187943131676	0.6256824174592951	0.7711353380520531
Bracken+Kraken2	CAMI_MED_S002	8.926871393117953	28557.22427084636	1.7479755981765448	0.2916666666666667	0.005545286506469501	0.010883648613630474	21.0	3766.0	51.0	3787.0	0.0054715997915581035	4.86895826564072	0.5531510573033116	0.8739877990882492
CLARK	CAMI_MED_S002	9.164687092311311	44931.289501101426	1.76159748853494	0.3333333333333333	0.004914004914004914	0.009685230024213076	24.0	4860.0	48.0	4884.0	0.004866180048661801	3.8494653595744155	0.4465960240399325	0.8807987442674702
GOTTCHA	CAMI_MED_S002	11.23065217485175	2540.7847141123443	1.7994379520496946	0.16666666666666666	0.3333333333333333	0.2222222222222222	12.0	24.0	60.0	36.0	0.125	1.752005662068725	0.4782246980665997	0.8997189760248473
MEGAN+DIAMOND	CAMI_MED_S002	10.091013211169727	2155.156186547174	1.5804587549167841	0.4583333333333333	0.6	0.5196850393700787	33.0	22.0	39.0	55.0	0.35106382978723405	3.006465162301831	0.7502408767459204	0.7902293774583916
MetaPhlAn2	CAMI_MED_S002	10.482302389934352	2482.382753152192	1.7768108670419367	0.3055555555555556	0.5945945945945946	0.4036697247706422	22.0	15.0	50.0	37.0	0.25287356321839083	1.9519699194989293	0.5405744375034904	0.8884054335209687
mOTUs2	CAMI_MED_S002	8.346967117595863	1997.481316708777	1.617339937397911	0.6111111111111112	0.4489795918367347	0.5176470588235293	44.0	54.0	28.0	98.0	0.3492063492063492	3.000055620851508	0.6543242966952046	0.8086699686989554
