tool	sample	Weighted UniFrac error	Unweighted UniFrac error	L1 norm error	Completeness (recall)	Purity (precision)	F1 score	True positives	False positives	False negatives	Taxon counts	Jaccard index	Shannon diversity	Shannon equitability	Bray-Curtis distance
Metalign	CAMI_MED_S002	8.951704919446895	2911.2663775319947	1.9011732093856737	0.05603448275862069	0.04234527687296417	0.04823747680890538	13.0	294.0	219.0	307.0	0.024714828897338403	3.5831879431316755	0.625682417459295	0.9505866046928374
Bracken+Kraken2	CAMI_MED_S002	8.926871393117953	28557.22427084636	na	0.0	0.0	na	0.0	0.0	232.0	0.0	0.0	na	na	na
CLARK	CAMI_MED_S002	9.164687092311311	44931.289501101426	na	0.0	0.0	na	0.0	0.0	232.0	0.0	0.0	na	na	na
GOTTCHA	CAMI_MED_S002	11.23065217485175	2540.7847141123443	na	0.0	0.0	na	0.0	0.0	232.0	0.0	0.0	na	na	na
MEGAN+DIAMOND	CAMI_MED_S002	10.091013211169727	2155.156186547174	2.000000000000001	0.0	0.0	na	0.0	34.0	232.0	34.0	0.0	2.3560367930058193	0.6681213609780497	1.0
MetaPhlAn2	CAMI_MED_S002	10.482302389934352	2482.382753152192	na	0.0	0.0	na	0.0	0.0	232.0	0.0	0.0	na	na	na
mOTUs2	CAMI_MED_S002	8.346967117595863	1997.481316708777	na	0.0	0.0	na	0.0	0.0	232.0	0.0	0.0	na	na	na
