tool	sample	Weighted UniFrac error	Unweighted UniFrac error	L1 norm error	Completeness (recall)	Purity (precision)	F1 score	True positives	False positives	False negatives	Taxon counts	Jaccard index	Shannon diversity	Shannon equitability	Bray-Curtis distance
Metalign	CAMI_MED_S002	8.951704919446895	2911.2663775319947	0.6633973200293463	1.0	1.0	1.0	3.0	0.0	0.0	3.0	1.0	0.11486612558790986	0.10455565332076024	0.3316986600146732
Bracken+Kraken2	CAMI_MED_S002	8.926871393117953	28557.22427084636	0.6444758702283021	1.0	0.75	0.8571428571428571	3.0	1.0	0.0	4.0	0.75	0.1960021281694215	0.1413856491568537	0.32223793511415105
CLARK	CAMI_MED_S002	9.164687092311311	44931.289501101426	0.6454309645944926	1.0	0.75	0.8571428571428571	3.0	1.0	0.0	4.0	0.75	0.22152984661210764	0.1598000055580902	0.3227154822972463
GOTTCHA	CAMI_MED_S002	11.23065217485175	2540.7847141123443	0.6457158702283021	0.6666666666666666	1.0	0.8	2.0	0.0	1.0	2.0	0.6666666666666666	0.4247689543733195	0.6128120639979785	0.322857935114151
MEGAN+DIAMOND	CAMI_MED_S002	10.091013211169727	2155.156186547174	0.6587927789487157	1.0	1.0	1.0	3.0	0.0	0.0	3.0	1.0	0.12571370226054665	0.11442954312203647	0.32939638947435784
MetaPhlAn2	CAMI_MED_S002	10.482302389934352	2482.382753152192	0.5585466702283021	1.0	1.0	1.0	3.0	0.0	0.0	3.0	1.0	0.5356487124525033	0.4875684697664278	0.27927333511415103
mOTUs2	CAMI_MED_S002	8.346967117595863	1997.481316708777	0.645715870228302	0.6666666666666666	1.0	0.8	2.0	0.0	1.0	2.0	0.6666666666666666	0.2087156410677028	0.3011130203243357	0.322857935114151
