rank	sample	Weighted UniFrac error	Unweighted UniFrac error	L1 norm error	Completeness (recall)	Purity (precision)	F1 score	True positives	False positives	False negatives	Taxon counts	Jaccard index	Shannon diversity	Shannon equitability	Bray-Curtis distance
superkingdom	CAMI_HIGH_S001	8.327501745170531	13320.700448198098	0.010731701414794341	1.0	0.5	0.6666666666666666	2.0	2.0	0.0	4.0	0.5	0.08218564071071274	0.05928440814281369	0.0053658507073971705
phylum	CAMI_HIGH_S001	8.327501745170531	13320.700448198098	0.2333325655284926	0.9166666666666666	0.55	0.6874999999999999	11.0	9.0	1.0	20.0	0.5238095238095238	1.1438910282535317	0.38184020593284695	0.11666628276424629
class	CAMI_HIGH_S001	8.327501745170531	13320.700448198098	0.3103353745687901	1.0	0.5384615384615384	0.7000000000000001	21.0	18.0	0.0	39.0	0.5384615384615384	1.9223232219873816	0.524714310189979	0.15516768728439506
order	CAMI_HIGH_S001	8.327501745170531	13320.700448198098	0.8615745801518102	1.0	0.40404040404040403	0.5755395683453237	40.0	59.0	0.0	99.0	0.40404040404040403	2.958927338572871	0.6439282184307348	0.4307872900759051
family	CAMI_HIGH_S001	8.327501745170531	13320.700448198098	0.6090504255445004	0.8977272727272727	0.42245989304812837	0.5745454545454545	79.0	108.0	9.0	187.0	0.4030612244897959	3.762105305803549	0.719179352094139	0.3045252127722501
genus	CAMI_HIGH_S001	8.327501745170531	13320.700448198098	0.9979918060247299	0.5824742268041238	0.23890063424947147	0.33883058470764615	113.0	360.0	81.0	473.0	0.20397111913357402	4.688266988376472	0.7611940865758217	0.49899590301236574
species	CAMI_HIGH_S001	8.327501745170531	13320.700448198098	1.9699314518605586	0.06584362139917696	0.011004126547455296	0.018856806128461995	16.0	1438.0	227.0	1454.0	0.009518143961927425	6.186983832538707	0.8496184085782146	0.9849657259302788
strain	CAMI_HIGH_S001	8.327501745170531	13320.700448198098	na	0.0	0.0	na	0.0	0.0	1074.0	0.0	0.0	na	na	na
