rank	sample	Weighted UniFrac error	Unweighted UniFrac error	L1 norm error	Completeness (recall)	Purity (precision)	F1 score	True positives	False positives	False negatives	Taxon counts	Jaccard index	Shannon diversity	Shannon equitability	Bray-Curtis distance
superkingdom	CAMI_HIGH_S001	7.601699587822393	8036.4101067717975	0.007728113987051398	1.0	0.5	0.6666666666666666	2.0	2.0	0.0	4.0	0.5	0.04043305231188252	0.029166282029178474	0.0038640569935256995
phylum	CAMI_HIGH_S001	7.601699587822393	8036.4101067717975	0.05542831278103315	0.9166666666666666	0.6875	0.7857142857142857	11.0	5.0	1.0	16.0	0.6470588235294118	1.2664240343144035	0.4567659184919961	0.027714156390516567
class	CAMI_HIGH_S001	7.601699587822393	8036.4101067717975	0.10821050989235997	0.9523809523809523	0.7407407407407407	0.8333333333333334	20.0	7.0	1.0	27.0	0.7142857142857143	2.1014934469315136	0.6376205899654359	0.054105254946179994
order	CAMI_HIGH_S001	7.601699587822393	8036.4101067717975	0.6345983202445847	0.925	0.6491228070175439	0.7628865979381444	37.0	20.0	3.0	57.0	0.6166666666666667	2.9732742236269227	0.735403542191391	0.3172991601222924
family	CAMI_HIGH_S001	7.601699587822393	8036.4101067717975	0.2537501673967926	0.9090909090909091	0.7339449541284404	0.8121827411167513	80.0	29.0	8.0	109.0	0.6837606837606838	3.7102130066818186	0.7908629033323514	0.12687508369839626
genus	CAMI_HIGH_S001	7.601699587822393	8036.4101067717975	0.36428390561259166	0.8865979381443299	0.7319148936170212	0.8018648018648018	172.0	63.0	22.0	235.0	0.669260700389105	4.421857822578556	0.8099255540778397	0.1821419528062958
species	CAMI_HIGH_S001	7.601699587822393	8036.4101067717975	1.7853513591991257	0.6213991769547325	0.234472049689441	0.34047350620067646	151.0	493.0	92.0	644.0	0.20516304347826086	5.647174769759585	0.8731350993463807	0.8926756795995654
strain	CAMI_HIGH_S001	7.601699587822393	8036.4101067717975	na	0.0	0.0	na	0.0	0.0	1074.0	0.0	0.0	na	na	na
