rank	sample	Weighted UniFrac error	Unweighted UniFrac error	L1 norm error	Completeness (recall)	Purity (precision)	F1 score	True positives	False positives	False negatives	Taxon counts	Jaccard index	Shannon diversity	Shannon equitability	Bray-Curtis distance
superkingdom	CAMI_HIGH_S001	8.618576492549868	8639.033036499653	0.032828454350891684	1.0	0.5	0.6666666666666666	2.0	2.0	0.0	4.0	0.5	0.11213491244131084	0.08088824104479864	0.016414227175445842
phylum	CAMI_HIGH_S001	8.618576492549868	8639.033036499653	0.09541515293782338	0.75	1.0	0.8571428571428571	9.0	0.0	3.0	9.0	0.75	1.2182223265447236	0.5544368741868079	0.047707576468911675
class	CAMI_HIGH_S001	8.618576492549868	8639.033036499653	0.17780037117546932	0.8571428571428571	0.8181818181818182	0.8372093023255814	18.0	4.0	3.0	22.0	0.72	2.0904999200806342	0.6763090289521501	0.08890018558773465
order	CAMI_HIGH_S001	8.618576492549868	8639.033036499653	0.705827379507966	0.85	0.6938775510204082	0.7640449438202247	34.0	15.0	6.0	49.0	0.6181818181818182	2.897310801665265	0.7444616091528766	0.35291368975398296
family	CAMI_HIGH_S001	8.618576492549868	8639.033036499653	0.3269195884340572	0.875	0.8651685393258427	0.8700564971751412	77.0	12.0	11.0	89.0	0.77	3.611186579118284	0.804517515267957	0.16345979421702855
genus	CAMI_HIGH_S001	8.618576492549868	8639.033036499653	0.4324836658584785	0.8298969072164949	0.8655913978494624	0.8473684210526317	161.0	25.0	33.0	186.0	0.7351598173515982	4.324858827906769	0.8276059093453341	0.21624183292923937
species	CAMI_HIGH_S001	8.618576492549868	8639.033036499653	1.7754270721862877	0.6008230452674898	0.19035202086049544	0.2891089108910891	146.0	621.0	97.0	767.0	0.16898148148148148	6.023310352268194	0.9067854453287564	0.8877135360931424
strain	CAMI_HIGH_S001	8.618576492549868	8639.033036499653	1.928867359806241	0.054003724394785846	0.07561929595827901	0.0630092341118957	58.0	709.0	1016.0	767.0	0.03252944475602917	6.02331035226819	0.9067854453287558	0.9644336799031191
