rank	sample	Weighted UniFrac error	Unweighted UniFrac error	L1 norm error	Completeness (recall)	Purity (precision)	F1 score	True positives	False positives	False negatives	Taxon counts	Jaccard index	Shannon diversity	Shannon equitability	Bray-Curtis distance
superkingdom	CAMI_MED_S002	9.223380658787173	2447.3901718384755	0.6457158702283021	0.6666666666666666	1.0	0.8	2.0	0.0	1.0	2.0	0.6666666666666666	0.21863902036517735	0.31542943042566246	0.32285793511415106
phylum	CAMI_MED_S002	9.223380658787173	2447.3901718384755	0.18187725440139935	1.0	1.0	1.0	6.0	0.0	0.0	6.0	1.0	1.3515809651750215	0.7543316993085707	0.09093862720069967
class	CAMI_MED_S002	9.223380658787173	2447.3901718384755	0.35321700986440846	0.8666666666666667	1.0	0.9285714285714286	13.0	0.0	2.0	13.0	0.8666666666666667	1.786502473289866	0.6965059439060117	0.17660850493220426
order	CAMI_MED_S002	9.223380658787173	2447.3901718384755	1.0118065392948277	0.6551724137931034	0.7916666666666666	0.7169811320754716	19.0	5.0	10.0	24.0	0.5588235294117647	2.514496967104814	0.7912065375020778	0.5059032696474138
family	CAMI_MED_S002	9.223380658787173	2447.3901718384755	0.7191565633104117	0.6037735849056604	0.9696969696969697	0.7441860465116279	32.0	1.0	21.0	33.0	0.5925925925925926	2.6959970453305377	0.7710542585527262	0.3595782816552058
genus	CAMI_MED_S002	9.223380658787173	2447.3901718384755	0.8500348950409687	0.36619718309859156	0.7647058823529411	0.49523809523809526	26.0	8.0	45.0	34.0	0.3291139240506329	2.6635737625314766	0.7553322310461725	0.42501744752048426
species	CAMI_MED_S002	9.223380658787173	2447.3901718384755	1.7693128846092534	0.19444444444444445	0.42424242424242425	0.26666666666666666	14.0	19.0	58.0	33.0	0.15384615384615385	2.587077996648541	0.7399034468449676	0.8846564423046265
strain	CAMI_MED_S002	9.223380658787173	2447.3901718384755	na	0.0	0.0	na	0.0	0.0	232.0	0.0	0.0	na	na	na
