rank	sample	Weighted UniFrac error	Unweighted UniFrac error	L1 norm error	Completeness (recall)	Purity (precision)	F1 score	True positives	False positives	False negatives	Taxon counts	Jaccard index	Shannon diversity	Shannon equitability	Bray-Curtis distance
superkingdom	CAMI_MED_S002	11.243638012111903	2634.774456264342	0.6457158702283021	0.6666666666666666	1.0	0.8	2.0	0.0	1.0	2.0	0.6666666666666666	0.4247689543733195	0.6128120639979785	0.322857935114151
phylum	CAMI_MED_S002	11.243638012111903	2634.774456264342	0.8963701983816064	0.5	1.0	0.6666666666666666	3.0	0.0	3.0	3.0	0.5	0.9277156393537322	0.8444431660949632	0.4481850991908032
class	CAMI_MED_S002	11.243638012111903	2634.774456264342	0.9526390847447692	0.4666666666666667	1.0	0.6363636363636364	7.0	0.0	8.0	7.0	0.4666666666666667	1.4923892854898446	0.7669363799836079	0.47631954237238466
order	CAMI_MED_S002	11.243638012111903	2634.774456264342	1.3478406999874901	0.4482758620689655	1.0	0.6190476190476191	13.0	0.0	16.0	13.0	0.4482758620689655	1.6750775472362296	0.6530645692334487	0.6739203499937452
family	CAMI_MED_S002	11.243638012111903	2634.774456264342	1.3971345611407153	0.2641509433962264	0.9333333333333333	0.411764705882353	14.0	1.0	39.0	15.0	0.25925925925925924	1.6771331293557048	0.6193138992301881	0.6985672805703576
genus	CAMI_MED_S002	11.243638012111903	2634.774456264342	1.4126133553046127	0.18309859154929578	0.7647058823529411	0.29545454545454547	13.0	4.0	58.0	17.0	0.17333333333333334	1.7402842789659287	0.6142439935265949	0.7063066776523063
species	CAMI_MED_S002	11.243638012111903	2634.774456264342	1.800484275877434	0.125	0.5	0.2	9.0	9.0	63.0	18.0	0.1111111111111111	1.719324710775461	0.5948455267314534	0.9002421379387167
strain	CAMI_MED_S002	11.243638012111903	2634.774456264342	na	0.0	0.0	na	0.0	0.0	232.0	0.0	0.0	na	na	na
