rank	sample	Weighted UniFrac error	Unweighted UniFrac error	L1 norm error	Completeness (recall)	Purity (precision)	F1 score	True positives	False positives	False negatives	Taxon counts	Jaccard index	Shannon diversity	Shannon equitability	Bray-Curtis distance
superkingdom	CAMI_MED_S002	10.067609786142807	2171.172549867568	0.6599589822503122	0.6666666666666666	1.0	0.8	2.0	0.0	1.0	2.0	0.6666666666666666	0.12074466837299995	0.1741977342755095	0.32997949112515607
phylum	CAMI_MED_S002	10.067609786142807	2171.172549867568	0.20762394493514505	1.0	1.0	1.0	6.0	0.0	0.0	6.0	1.0	1.4088818066943678	0.7863119078708468	0.10381197246757251
class	CAMI_MED_S002	10.067609786142807	2171.172549867568	0.30040502928035645	1.0	0.9375	0.967741935483871	15.0	1.0	0.0	16.0	0.9375	2.1074409293005907	0.7600986444170977	0.15020251464017823
order	CAMI_MED_S002	10.067609786142807	2171.172549867568	0.7460606876897049	0.8620689655172413	0.8620689655172413	0.8620689655172413	25.0	4.0	4.0	29.0	0.7575757575757576	2.656093517031613	0.7887912589617295	0.37303034384485245
family	CAMI_MED_S002	10.067609786142807	2171.172549867568	0.37983683710285554	0.7547169811320755	0.9302325581395349	0.8333333333333334	40.0	3.0	13.0	43.0	0.7142857142857143	2.916279153255538	0.7753586790257179	0.18991841855142774
genus	CAMI_MED_S002	10.067609786142807	2171.172549867568	0.3776076771044503	0.6901408450704225	0.8448275862068966	0.7596899224806202	49.0	9.0	22.0	58.0	0.6125	3.1033531716139904	0.7642893062538928	0.18880383855222505
species	CAMI_MED_S002	10.067609786142807	2171.172549867568	1.5804587549167834	0.4583333333333333	0.6	0.5196850393700787	33.0	22.0	39.0	55.0	0.35106382978723405	3.0064651623018293	0.75024087674592	0.7902293774583916
strain	CAMI_MED_S002	10.067609786142807	2171.172549867568	1.999999999999999	0.0	0.0	na	0.0	23.0	232.0	23.0	0.0	2.339726260646678	0.7462065306197162	1.0
