rank	sample	Weighted UniFrac error	Unweighted UniFrac error	L1 norm error	Completeness (recall)	Purity (precision)	F1 score	True positives	False positives	False negatives	Taxon counts	Jaccard index	Shannon diversity	Shannon equitability	Bray-Curtis distance
superkingdom	CAMI_MED_S002	11.462961807763671	2783.006204743494	0.6701220739339188	0.6666666666666666	1.0	0.8	2.0	0.0	1.0	2.0	0.6666666666666666	0.10179882056157052	0.14686465359252324	0.3350610369669594
phylum	CAMI_MED_S002	11.462961807763671	2783.006204743494	0.5886083906379594	0.8333333333333334	1.0	0.9090909090909091	5.0	0.0	1.0	5.0	0.8333333333333334	1.2041660597558843	0.748190439937328	0.2943041953189797
class	CAMI_MED_S002	11.462961807763671	2783.006204743494	0.6439884617244929	0.3333333333333333	1.0	0.5	5.0	0.0	10.0	5.0	0.3333333333333333	1.2041660597558843	0.748190439937328	0.32199423086224643
order	CAMI_MED_S002	11.462961807763671	2783.006204743494	1.423549588121494	0.1724137931034483	0.7142857142857143	0.2777777777777778	5.0	2.0	24.0	7.0	0.16129032258064516	1.5587438044416222	0.8010358572816685	0.7117747940607471
family	CAMI_MED_S002	11.462961807763671	2783.006204743494	1.1062458514075066	0.1320754716981132	0.875	0.22950819672131148	7.0	1.0	46.0	8.0	0.12962962962962962	1.6698471859950699	0.803026751425826	0.5531229257037533
genus	CAMI_MED_S002	11.462961807763671	2783.006204743494	1.2413443530918635	0.08450704225352113	0.75	0.1518987341772152	6.0	2.0	65.0	8.0	0.0821917808219178	1.66984718599507	0.8030267514258261	0.6206721765459319
species	CAMI_MED_S002	11.462961807763671	2783.006204743494	1.8620973758887864	0.027777777777777776	0.25	0.049999999999999996	2.0	6.0	70.0	8.0	0.02564102564102564	1.66984718599507	0.8030267514258261	0.9310486879443931
strain	CAMI_MED_S002	11.462961807763671	2783.006204743494	1.999999999999999	0.0	0.0	na	0.0	7.0	232.0	7.0	0.0	1.529748151266076	0.7861350391788271	1.0
