rank	sample	Weighted UniFrac error	Unweighted UniFrac error	L1 norm error	Completeness (recall)	Purity (precision)	F1 score	True positives	False positives	False negatives	Taxon counts	Jaccard index	Shannon diversity	Shannon equitability	Bray-Curtis distance
superkingdom	CAMI_MED_S002	8.96739673746522	2316.7741913637824	0.6635099310557802	0.6666666666666666	1.0	0.8	2.0	0.0	1.0	2.0	0.6666666666666666	0.11425179001965118	0.16483049087403792	0.33175496552789
phylum	CAMI_MED_S002	8.96739673746522	2316.7741913637824	0.23150069194557163	1.0	1.0	1.0	6.0	0.0	0.0	6.0	1.0	1.315153575958953	0.7340011862895646	0.11575034597278579
class	CAMI_MED_S002	8.96739673746522	2316.7741913637824	0.27125201955277684	1.0	0.9375	0.967741935483871	15.0	1.0	0.0	16.0	0.9375	1.9675862469082948	0.7096567302339811	0.13562600977638836
order	CAMI_MED_S002	8.96739673746522	2316.7741913637824	0.7864069669233881	0.8275862068965517	0.8275862068965517	0.8275862068965517	24.0	5.0	5.0	29.0	0.7058823529411765	2.7397663693689833	0.8136399377122706	0.3932034834616939
family	CAMI_MED_S002	8.96739673746522	2316.7741913637824	0.34541849396620433	0.7735849056603774	0.9534883720930233	0.8541666666666667	41.0	2.0	12.0	43.0	0.7454545454545455	3.0286785190670833	0.805242589042247	0.17270924698310205
genus	CAMI_MED_S002	8.96739673746522	2316.7741913637824	0.4318821145238792	0.704225352112676	0.819672131147541	0.7575757575757576	50.0	11.0	21.0	61.0	0.6097560975609756	3.3181161414060587	0.8071559116235072	0.21594105726193957
species	CAMI_MED_S002	8.96739673746522	2316.7741913637824	1.5466607148550846	0.5	0.4931506849315068	0.496551724137931	36.0	37.0	36.0	73.0	0.3302752293577982	3.4620782580470864	0.8069248306704471	0.773330357427542
strain	CAMI_MED_S002	8.96739673746522	2316.7741913637824	1.9016532132257042	0.04741379310344827	0.1506849315068493	0.0721311475409836	11.0	62.0	221.0	73.0	0.03741496598639456	3.462078258047087	0.8069248306704472	0.9508266066128529
