rank	sample	Weighted UniFrac error	Unweighted UniFrac error	L1 norm error	Completeness (recall)	Purity (precision)	F1 score	True positives	False positives	False negatives	Taxon counts	Jaccard index	Shannon diversity	Shannon equitability	Bray-Curtis distance
superkingdom	CAMI_MED_S002	10.499730902104428	2594.3912191101144	0.5585466702283021	1.0	1.0	1.0	3.0	0.0	0.0	3.0	1.0	0.5356487124525035	0.4875684697664279	0.27927333511415103
phylum	CAMI_MED_S002	10.499730902104428	2594.3912191101144	0.8048223426970504	0.8333333333333334	1.0	0.9090909090909091	5.0	0.0	1.0	5.0	0.8333333333333334	1.034506037560119	0.6427747411489398	0.40241117134852517
class	CAMI_MED_S002	10.499730902104428	2594.3912191101144	0.8634971038391446	0.6666666666666666	1.0	0.8	10.0	0.0	5.0	10.0	0.6666666666666666	1.5141429516492992	0.6575839287139928	0.43174855191957234
order	CAMI_MED_S002	10.499730902104428	2594.3912191101144	1.0445333542762274	0.6206896551724138	0.9473684210526315	0.75	18.0	1.0	11.0	19.0	0.6	2.0242773863215526	0.6874917091658045	0.5222666771381135
family	CAMI_MED_S002	10.499730902104428	2594.3912191101144	1.1290243507797049	0.41509433962264153	0.9565217391304348	0.5789473684210527	22.0	1.0	31.0	23.0	0.4074074074074074	2.0622020717650984	0.6576960216633665	0.5645121753898522
genus	CAMI_MED_S002	10.499730902104428	2594.3912191101144	1.2078077628538295	0.28169014084507044	0.7692307692307693	0.4123711340206186	20.0	6.0	51.0	26.0	0.2597402597402597	2.087544884298963	0.6407253007814954	0.6039038814269145
species	CAMI_MED_S002	10.499730902104428	2594.3912191101144	1.7794829489867883	0.2222222222222222	0.64	0.32989690721649484	16.0	9.0	56.0	25.0	0.19753086419753085	1.923519696148595	0.5975749922653059	0.8897414744933939
strain	CAMI_MED_S002	10.499730902104428	2594.3912191101144	na	0.0	0.0	na	0.0	0.0	232.0	0.0	0.0	na	na	na
