rank	sample	Weighted UniFrac error	Unweighted UniFrac error	L1 norm error	Completeness (recall)	Purity (precision)	F1 score	True positives	False positives	False negatives	Taxon counts	Jaccard index	Shannon diversity	Shannon equitability	Bray-Curtis distance
superkingdom	CAMI_MED_S002	8.361556609844078	2259.532714654492	0.645715870228302	0.6666666666666666	1.0	0.8	2.0	0.0	1.0	2.0	0.6666666666666666	0.2087156410677028	0.3011130203243357	0.322857935114151
phylum	CAMI_MED_S002	8.361556609844078	2259.532714654492	0.105935700390107	1.0	1.0	1.0	6.0	0.0	0.0	6.0	1.0	1.3289497109964894	0.7417009558593497	0.05296785019505349
class	CAMI_MED_S002	8.361556609844078	2259.532714654492	0.13638308201541585	0.9333333333333333	0.9333333333333333	0.9333333333333333	14.0	1.0	1.0	15.0	0.875	1.9414114956157886	0.7169038058547106	0.06819154100770791
order	CAMI_MED_S002	8.361556609844078	2259.532714654492	0.6629433768634638	0.7931034482758621	0.8214285714285714	0.8070175438596492	23.0	5.0	6.0	28.0	0.6764705882352942	2.623521932731583	0.7873232044192993	0.3314716884317319
family	CAMI_MED_S002	8.361556609844078	2259.532714654492	0.2701678481381346	0.7358490566037735	0.975	0.8387096774193549	39.0	1.0	14.0	40.0	0.7222222222222222	2.8681960310733543	0.7775250090849855	0.13508392406906725
genus	CAMI_MED_S002	8.361556609844078	2259.532714654492	0.2582154444124311	0.647887323943662	0.8518518518518519	0.7360000000000001	46.0	8.0	25.0	54.0	0.5822784810126582	3.1210798277949365	0.7824247455898283	0.1291077222062155
species	CAMI_MED_S002	8.361556609844078	2259.532714654492	1.6229289289927626	0.3888888888888889	0.6511627906976745	0.4869565217391305	28.0	15.0	44.0	43.0	0.3218390804597701	2.9102330389902775	0.7737511829927275	0.8114644644963812
strain	CAMI_MED_S002	8.361556609844078	2259.532714654492	na	0.0	0.0	na	0.0	0.0	232.0	0.0	0.0	na	na	na
