rank	sample	Weighted UniFrac error	Unweighted UniFrac error	L1 norm error	Completeness (recall)	Purity (precision)	F1 score	True positives	False positives	False negatives	Taxon counts	Jaccard index	Shannon diversity	Shannon equitability	Bray-Curtis distance
superkingdom	CAMI_MED_S002	8.361556609844078	2259.5327146544923	0.645715870228302	0.6666666666666666	1.0	0.8	2.0	0.0	1.0	2.0	0.6666666666666666	0.2087156410677028	0.3011130203243357	0.322857935114151
phylum	CAMI_MED_S002	8.361556609844078	2259.5327146544923	0.105935700390107	1.0	1.0	1.0	6.0	0.0	0.0	6.0	1.0	1.3289497109964894	0.7417009558593497	0.0529678501950535
class	CAMI_MED_S002	8.361556609844078	2259.5327146544923	0.13638308201541585	0.9333333333333333	0.9333333333333333	0.9333333333333333	14.0	1.0	1.0	15.0	0.875	1.941411495615789	0.7169038058547107	0.06819154100770791
order	CAMI_MED_S002	8.361556609844078	2259.5327146544923	0.6629433768634639	0.7931034482758621	0.8214285714285714	0.8070175438596492	23.0	5.0	6.0	28.0	0.6764705882352942	2.6235219327315824	0.7873232044192991	0.33147168843173197
family	CAMI_MED_S002	8.361556609844078	2259.5327146544923	0.2701678481381346	0.7358490566037735	0.975	0.8387096774193549	39.0	1.0	14.0	40.0	0.7222222222222222	2.868196031073355	0.7775250090849857	0.13508392406906727
genus	CAMI_MED_S002	8.361556609844078	2259.5327146544923	0.25821544441243105	0.647887323943662	0.8518518518518519	0.7360000000000001	46.0	8.0	25.0	54.0	0.5822784810126582	3.1210798277949356	0.7824247455898281	0.12910772220621555
species	CAMI_MED_S002	8.361556609844078	2259.5327146544923	1.6229289289927629	0.3888888888888889	0.6511627906976745	0.4869565217391305	28.0	15.0	44.0	43.0	0.3218390804597701	2.9102330389902784	0.7737511829927277	0.8114644644963812
strain	CAMI_MED_S002	8.361556609844078	2259.5327146544923	na	0.0	0.0	na	0.0	0.0	232.0	0.0	0.0	na	na	na
