tool	sample	Weighted UniFrac error	Unweighted UniFrac error	L1 norm error	Completeness (recall)	Purity (precision)	F1 score	True positives	False positives	False negatives	Taxon counts	Jaccard index	Shannon diversity	Shannon equitability	Bray-Curtis distance
Metalign	CAMI_MED_S001	9.758181092133514	2154.2406979726184	0.20886358990482493	0.9333333333333333	0.9333333333333333	0.9333333333333333	14.0	1.0	1.0	15.0	0.875	1.5310901260452323	0.5653846909566372	0.10443179495241249
Bracken+Kraken2	CAMI_MED_S001	9.351455168850896	8140.450773286129	0.21188770064161136	1.0	0.46875	0.6382978723404256	15.0	17.0	0.0	32.0	0.46875	1.546987216818218	0.44636615720445255	0.10594385032080571
CLARK	CAMI_MED_S001	9.434400636682525	3517.3296095272203	0.11957080575903595	0.9333333333333333	1.0	0.9655172413793104	14.0	0.0	1.0	14.0	0.9333333333333333	1.383450224139028	0.5242213606404367	0.05978540287951798
GOTTCHA	CAMI_MED_S001	11.211194622321083	2572.3379409932077	0.6079199102000638	0.4666666666666667	0.875	0.608695652173913	7.0	1.0	8.0	8.0	0.4375	0.8332697252962336	0.4007180334692617	0.303959955100032
MEGAN+DIAMOND	CAMI_MED_S001	11.237323955979337	2250.453110555632	0.2231215931827041	0.8666666666666667	0.9285714285714286	0.896551724137931	13.0	1.0	2.0	14.0	0.8125	1.4400105452926086	0.5456533774893568	0.11156079659135204
MetaBinG2	CAMI_MED_S001	11.590368799748797	2778.007799561096	0.2709786787725085	0.3333333333333333	1.0	0.5	5.0	0.0	10.0	5.0	0.3333333333333333	1.2381657755254922	0.7693156511100828	0.13548933938625424
MetaPhlAn2	CAMI_MED_S001	10.423953659773023	2572.075441108208	0.49120295370159617	0.6666666666666666	1.0	0.8	10.0	0.0	5.0	10.0	0.6666666666666666	1.4113961750988193	0.612961570624773	0.2456014768507981
mOTUs2	CAMI_MED_S001	8.94865261502352	2092.5755754920547	0.15554257035308458	1.0	0.9375	0.967741935483871	15.0	1.0	0.0	16.0	0.9375	1.545407760567055	0.5573880280803523	0.07777128517654229
