tool	sample	Weighted UniFrac error	Unweighted UniFrac error	L1 norm error	Completeness (recall)	Purity (precision)	F1 score	True positives	False positives	False negatives	Taxon counts	Jaccard index	Shannon diversity	Shannon equitability	Bray-Curtis distance
Metalign	CAMI_MED_S001	9.758181092133515	2154.2406979726184	0.20886358990482493	0.9333333333333333	0.9333333333333333	0.9333333333333333	14.0	1.0	1.0	15.0	0.875	1.5310901260452323	0.5653846909566372	0.1044317949524125
Bracken+Kraken2	CAMI_MED_S001	9.351455168850896	8140.450773286132	0.21188770064161133	1.0	0.46875	0.6382978723404256	15.0	17.0	0.0	32.0	0.46875	1.5469872168182173	0.44636615720445233	0.10594385032080567
CLARK	CAMI_MED_S001	9.434400636682529	3517.329609527219	0.11957080575903596	0.9333333333333333	1.0	0.9655172413793104	14.0	0.0	1.0	14.0	0.9333333333333333	1.383450224139028	0.5242213606404367	0.05978540287951798
GOTTCHA	CAMI_MED_S001	11.211194622321088	2572.337940993208	0.6079199102000639	0.4666666666666667	0.875	0.608695652173913	7.0	1.0	8.0	8.0	0.4375	0.8332697252962338	0.4007180334692618	0.3039599551000319
MEGAN+DIAMOND	CAMI_MED_S001	11.237323955979335	2250.4531105556316	0.22312159318270414	0.8666666666666667	0.9285714285714286	0.896551724137931	13.0	1.0	2.0	14.0	0.8125	1.4400105452926086	0.5456533774893568	0.11156079659135205
MetaPhlAn2	CAMI_MED_S001	10.423953659773023	2572.0754411082085	0.49120295370159617	0.6666666666666666	1.0	0.8	10.0	0.0	5.0	10.0	0.6666666666666666	1.4113961750988195	0.6129615706247731	0.24560147685079808
mOTUs2	CAMI_MED_S001	8.948652615023517	2092.5755754920547	0.1555425703530846	1.0	0.9375	0.967741935483871	15.0	1.0	0.0	16.0	0.9375	1.5454077605670549	0.5573880280803521	0.07777128517654228
