tool	sample	Weighted UniFrac error	Unweighted UniFrac error	L1 norm error	Completeness (recall)	Purity (precision)	F1 score	True positives	False positives	False negatives	Taxon counts	Jaccard index	Shannon diversity	Shannon equitability	Bray-Curtis distance
Metalign	CAMI_MED_S001	9.758181092133514	2154.2406979726184	0.4843107454183514	0.7358490566037735	0.9285714285714286	0.8210526315789474	39.0	3.0	14.0	42.0	0.6964285714285714	2.846909118133528	0.761680247020081	0.2421553727091757
Bracken+Kraken2	CAMI_MED_S001	9.351455168850896	8140.450773286129	0.8728710104943072	0.9056603773584906	0.3157894736842105	0.46829268292682924	48.0	104.0	5.0	152.0	0.3057324840764331	3.0976755002334366	0.6165902010168887	0.4364355052471539
CLARK	CAMI_MED_S001	9.434400636682525	3517.3296095272203	0.9048816002977449	0.8301886792452831	0.5569620253164557	0.6666666666666666	44.0	35.0	9.0	79.0	0.5	2.6334965632816694	0.6027069442640856	0.45244080014887267
GOTTCHA	CAMI_MED_S001	11.211194622321083	2572.3379409932077	1.6197498833092363	0.41509433962264153	0.8461538461538461	0.5569620253164558	22.0	4.0	31.0	26.0	0.38596491228070173	0.9918385832016049	0.3044227117358256	0.8098749416546182
MEGAN+DIAMOND	CAMI_MED_S001	11.237323955979337	2250.453110555632	0.5157541321106307	0.6792452830188679	0.9230769230769231	0.7826086956521738	36.0	3.0	17.0	39.0	0.6428571428571429	2.7834202428216717	0.7597579928161449	0.25787706605531535
MetaBinG2	CAMI_MED_S001	11.590368799748797	2778.007799561096	1.4361544241385515	0.11320754716981132	0.8571428571428571	0.2	6.0	1.0	47.0	7.0	0.1111111111111111	1.7051479883040537	0.8762727246845683	0.7180772120692761
MetaPhlAn2	CAMI_MED_S001	10.423953659773023	2572.075441108208	1.2346266972204905	0.5283018867924528	0.9333333333333333	0.6746987951807228	28.0	2.0	25.0	30.0	0.509090909090909	2.238187972625225	0.6580588308966148	0.6173133486102453
mOTUs2	CAMI_MED_S001	8.94865261502352	2092.5755754920547	0.4662772886219536	0.8113207547169812	0.9772727272727273	0.88659793814433	43.0	1.0	10.0	44.0	0.7962962962962963	2.815992936232979	0.7441468870885356	0.2331386443109769
