tool	sample	Weighted UniFrac error	Unweighted UniFrac error	L1 norm error	Completeness (recall)	Purity (precision)	F1 score	True positives	False positives	False negatives	Taxon counts	Jaccard index	Shannon diversity	Shannon equitability	Bray-Curtis distance
Metalign	CAMI_MED_S001	9.758181092133515	2154.2406979726184	0.48431074541835123	0.7358490566037735	0.9285714285714286	0.8210526315789474	39.0	3.0	14.0	42.0	0.6964285714285714	2.8469091181335284	0.7616802470200812	0.24215537270917573
Bracken+Kraken2	CAMI_MED_S001	9.351455168850896	8140.450773286132	0.8728710104943079	0.9056603773584906	0.3157894736842105	0.46829268292682924	48.0	104.0	5.0	152.0	0.3057324840764331	3.097675500233436	0.6165902010168886	0.4364355052471539
CLARK	CAMI_MED_S001	9.434400636682529	3517.329609527219	0.9048816002977453	0.8301886792452831	0.5569620253164557	0.6666666666666666	44.0	35.0	9.0	79.0	0.5	2.633496563281669	0.6027069442640854	0.4524408001488725
GOTTCHA	CAMI_MED_S001	11.211194622321088	2572.337940993208	1.6197498833092354	0.41509433962264153	0.8461538461538461	0.5569620253164558	22.0	4.0	31.0	26.0	0.38596491228070173	0.9918385832016048	0.3044227117358255	0.8098749416546183
MEGAN+DIAMOND	CAMI_MED_S001	11.237323955979335	2250.4531105556316	0.5157541321106308	0.6792452830188679	0.9230769230769231	0.7826086956521738	36.0	3.0	17.0	39.0	0.6428571428571429	2.7834202428216703	0.7597579928161445	0.25787706605531535
MetaPhlAn2	CAMI_MED_S001	10.423953659773023	2572.0754411082085	1.2346266972204902	0.5283018867924528	0.9333333333333333	0.6746987951807228	28.0	2.0	25.0	30.0	0.509090909090909	2.2381879726252256	0.6580588308966149	0.6173133486102452
mOTUs2	CAMI_MED_S001	8.948652615023517	2092.5755754920547	0.4662772886219539	0.8113207547169812	0.9772727272727273	0.88659793814433	43.0	1.0	10.0	44.0	0.7962962962962963	2.8159929362329787	0.7441468870885355	0.23313864431097678
