tool	sample	Weighted UniFrac error	Unweighted UniFrac error	L1 norm error	Completeness (recall)	Purity (precision)	F1 score	True positives	False positives	False negatives	Taxon counts	Jaccard index	Shannon diversity	Shannon equitability	Bray-Curtis distance
Metalign	CAMI_MED_S001	9.758181092133515	2154.2406979726184	0.9018331050492248	0.7183098591549296	0.796875	0.7555555555555555	51.0	13.0	20.0	64.0	0.6071428571428571	3.125381009208445	0.751495280478928	0.4509165525246124
Bracken+Kraken2	CAMI_MED_S001	9.351455168850896	8140.450773286132	1.1619982136235343	0.6901408450704225	0.13031914893617022	0.2192393736017897	49.0	327.0	22.0	376.0	0.12311557788944724	3.653897991689156	0.6162143621303674	0.580999106811767
CLARK	CAMI_MED_S001	9.434400636682529	3517.329609527219	1.1164623313317583	0.5633802816901409	0.22727272727272727	0.32388663967611336	40.0	136.0	31.0	176.0	0.1932367149758454	3.0343163818235417	0.5868534521594921	0.5582311656658793
GOTTCHA	CAMI_MED_S001	11.211194622321088	2572.337940993208	1.5678384390426905	0.23943661971830985	0.5151515151515151	0.32692307692307687	17.0	16.0	54.0	33.0	0.19540229885057472	1.1910261541677838	0.34063308407897513	0.7839192195213449
MEGAN+DIAMOND	CAMI_MED_S001	11.237323955979335	2250.4531105556316	0.8348189574498741	0.6197183098591549	0.8148148148148148	0.704	44.0	10.0	27.0	54.0	0.5432098765432098	3.216457900065423	0.8063351125296601	0.4174094787249367
MetaPhlAn2	CAMI_MED_S001	10.423953659773023	2572.0754411082085	1.2798978329660744	0.3380281690140845	0.7058823529411765	0.45714285714285713	24.0	10.0	47.0	34.0	0.2962962962962963	2.4105981386041138	0.6835937850871058	0.6399489164830373
mOTUs2	CAMI_MED_S001	8.948652615023517	2092.5755754920547	0.7384322604588333	0.8028169014084507	0.8636363636363636	0.832116788321168	57.0	9.0	14.0	66.0	0.7125	3.1279525256792824	0.7465895684202308	0.36921613022941674
