tool	sample	Weighted UniFrac error	Unweighted UniFrac error	L1 norm error	Completeness (recall)	Purity (precision)	F1 score	True positives	False positives	False negatives	Taxon counts	Jaccard index	Shannon diversity	Shannon equitability	Bray-Curtis distance
Metalign	CAMI_MED_S001	9.758181092133514	2154.2406979726184	0.9018331050492249	0.7183098591549296	0.796875	0.7555555555555555	51.0	13.0	20.0	64.0	0.6071428571428571	3.1253810092084446	0.7514952804789279	0.45091655252461227
Bracken+Kraken2	CAMI_MED_S001	9.351455168850896	8140.450773286129	1.1619982136235343	0.6901408450704225	0.13031914893617022	0.2192393736017897	49.0	327.0	22.0	376.0	0.12311557788944724	3.6538979916891563	0.6162143621303675	0.580999106811767
CLARK	CAMI_MED_S001	9.434400636682525	3517.3296095272203	1.1164623313317585	0.5633802816901409	0.22727272727272727	0.32388663967611336	40.0	136.0	31.0	176.0	0.1932367149758454	3.0343163818235426	0.5868534521594924	0.5582311656658794
GOTTCHA	CAMI_MED_S001	11.211194622321083	2572.3379409932077	1.5678384390426896	0.23943661971830985	0.5151515151515151	0.32692307692307687	17.0	16.0	54.0	33.0	0.19540229885057472	1.191026154167784	0.3406330840789752	0.7839192195213451
MEGAN+DIAMOND	CAMI_MED_S001	11.237323955979337	2250.453110555632	0.8348189574498736	0.6197183098591549	0.8148148148148148	0.704	44.0	10.0	27.0	54.0	0.5432098765432098	3.2164579000654214	0.8063351125296596	0.4174094787249367
MetaBinG2	CAMI_MED_S001	11.590368799748797	2778.007799561096	1.7025597145690046	0.056338028169014086	0.4	0.09876543209876544	4.0	6.0	67.0	10.0	0.05194805194805195	2.0056554678814282	0.8710451022999889	0.8512798572845024
MetaPhlAn2	CAMI_MED_S001	10.423953659773023	2572.075441108208	1.2798978329660742	0.3380281690140845	0.7058823529411765	0.45714285714285713	24.0	10.0	47.0	34.0	0.2962962962962963	2.410598138604114	0.6835937850871059	0.6399489164830373
mOTUs2	CAMI_MED_S001	8.94865261502352	2092.5755754920547	0.7384322604588336	0.8028169014084507	0.8636363636363636	0.832116788321168	57.0	9.0	14.0	66.0	0.7125	3.127952525679284	0.7465895684202313	0.3692161302294167
