tool	sample	Weighted UniFrac error	Unweighted UniFrac error	L1 norm error	Completeness (recall)	Purity (precision)	F1 score	True positives	False positives	False negatives	Taxon counts	Jaccard index	Shannon diversity	Shannon equitability	Bray-Curtis distance
Metalign	CAMI_MED_S001	9.758181092133514	2154.2406979726184	0.6366482914643141	0.7586206896551724	0.8148148148148148	0.7857142857142857	22.0	5.0	7.0	27.0	0.6470588235294118	2.1713016326636754	0.6588013062964577	0.31832414573215706
Bracken+Kraken2	CAMI_MED_S001	9.351455168850896	8140.450773286129	0.6021106405851007	0.9310344827586207	0.35064935064935066	0.5094339622641509	27.0	50.0	2.0	77.0	0.34177215189873417	2.427136508136779	0.5587581100953223	0.30105532029255033
CLARK	CAMI_MED_S001	9.434400636682525	3517.3296095272203	0.5694409118377944	0.8275862068965517	0.631578947368421	0.716417910447761	24.0	14.0	5.0	38.0	0.5581395348837209	2.1549935606988866	0.5924240598224022	0.2847204559188972
GOTTCHA	CAMI_MED_S001	11.211194622321083	2572.3379409932077	1.0953484383490124	0.5172413793103449	0.8333333333333334	0.6382978723404256	15.0	3.0	14.0	18.0	0.46875	1.0699248209838466	0.370168584044919	0.5476742191745061
MEGAN+DIAMOND	CAMI_MED_S001	11.237323955979337	2250.453110555632	0.640929168014158	0.7241379310344828	0.8076923076923077	0.7636363636363636	21.0	5.0	8.0	26.0	0.6176470588235294	2.05342117846564	0.6302517910388882	0.32046458400707906
MetaBinG2	CAMI_MED_S001	11.590368799748797	2778.007799561096	0.6607033521893086	0.2413793103448276	0.875	0.3783783783783784	7.0	1.0	22.0	8.0	0.23333333333333334	1.851005796371206	0.8901456276938219	0.33035167609465443
MetaPhlAn2	CAMI_MED_S001	10.423953659773023	2572.075441108208	0.6373110716804764	0.5862068965517241	0.9444444444444444	0.7234042553191489	17.0	1.0	12.0	18.0	0.5666666666666667	2.116567171671214	0.7322819861801496	0.3186555358402382
mOTUs2	CAMI_MED_S001	8.94865261502352	2092.5755754920547	0.565806013542833	0.7931034482758621	0.8214285714285714	0.8070175438596492	23.0	5.0	6.0	28.0	0.6764705882352942	2.178634018032489	0.6538116167179483	0.2829030067714165
