tool	sample	Weighted UniFrac error	Unweighted UniFrac error	L1 norm error	Completeness (recall)	Purity (precision)	F1 score	True positives	False positives	False negatives	Taxon counts	Jaccard index	Shannon diversity	Shannon equitability	Bray-Curtis distance
Metalign	CAMI_MED_S001	9.758181092133514	2154.2406979726184	0.12003121230431807	1.0	1.0	1.0	6.0	0.0	0.0	6.0	1.0	0.9239797145648576	0.5156828974164352	0.060015606152159034
Bracken+Kraken2	CAMI_MED_S001	9.351455168850896	8140.450773286129	0.1411823387707444	1.0	0.375	0.5454545454545454	6.0	10.0	0.0	16.0	0.375	0.9561780280770763	0.34486832482844654	0.07059116938537222
CLARK	CAMI_MED_S001	9.434400636682525	3517.3296095272203	0.10528120599758925	1.0	0.8571428571428571	0.923076923076923	6.0	1.0	0.0	7.0	0.8571428571428571	0.8627628893253296	0.4433724186824236	0.052640602998794625
GOTTCHA	CAMI_MED_S001	11.211194622321083	2572.3379409932077	0.29816711492110526	0.5	1.0	0.6666666666666666	3.0	0.0	3.0	3.0	0.5	0.59100939290826	0.5379599327300113	0.14908355746055263
MEGAN+DIAMOND	CAMI_MED_S001	11.237323955979337	2250.453110555632	0.07761733948479158	0.8333333333333334	1.0	0.9090909090909091	5.0	0.0	1.0	5.0	0.8333333333333334	0.9268482293184369	0.5758831839102632	0.03880866974239579
MetaBinG2	CAMI_MED_S001	11.590368799748797	2778.007799561096	0.13475944825168906	0.5	1.0	0.6666666666666666	3.0	0.0	3.0	3.0	0.5	0.809644247684941	0.7369699538556083	0.06737972412584453
MetaPhlAn2	CAMI_MED_S001	10.423953659773023	2572.075441108208	0.3181979395168724	0.8333333333333334	1.0	0.9090909090909091	5.0	0.0	1.0	5.0	0.8333333333333334	0.8023729638001601	0.4985423529551743	0.1590989697584362
mOTUs2	CAMI_MED_S001	8.94865261502352	2092.5755754920547	0.04895416270451679	1.0	1.0	1.0	6.0	0.0	0.0	6.0	1.0	0.9736852169992027	0.5434240665231121	0.02447708135225839
