tool	sample	Weighted UniFrac error	Unweighted UniFrac error	L1 norm error	Completeness (recall)	Purity (precision)	F1 score	True positives	False positives	False negatives	Taxon counts	Jaccard index	Shannon diversity	Shannon equitability	Bray-Curtis distance
Metalign	CAMI_MED_S001	9.758181092133515	2154.2406979726184	0.12003121230431807	1.0	1.0	1.0	6.0	0.0	0.0	6.0	1.0	0.9239797145648577	0.5156828974164354	0.06001560615215903
Bracken+Kraken2	CAMI_MED_S001	9.351455168850896	8140.450773286132	0.1411823387707444	1.0	0.375	0.5454545454545454	6.0	10.0	0.0	16.0	0.375	0.9561780280770762	0.3448683248284465	0.0705911693853722
CLARK	CAMI_MED_S001	9.434400636682529	3517.329609527219	0.10528120599758926	1.0	0.8571428571428571	0.923076923076923	6.0	1.0	0.0	7.0	0.8571428571428571	0.8627628893253296	0.4433724186824236	0.052640602998794625
GOTTCHA	CAMI_MED_S001	11.211194622321088	2572.337940993208	0.2981671149211052	0.5	1.0	0.6666666666666666	3.0	0.0	3.0	3.0	0.5	0.59100939290826	0.5379599327300113	0.1490835574605526
MEGAN+DIAMOND	CAMI_MED_S001	11.237323955979335	2250.4531105556316	0.07761733948479158	0.8333333333333334	1.0	0.9090909090909091	5.0	0.0	1.0	5.0	0.8333333333333334	0.9268482293184369	0.5758831839102632	0.03880866974239579
MetaPhlAn2	CAMI_MED_S001	10.423953659773023	2572.0754411082085	0.3181979395168724	0.8333333333333334	1.0	0.9090909090909091	5.0	0.0	1.0	5.0	0.8333333333333334	0.8023729638001601	0.4985423529551743	0.1590989697584362
mOTUs2	CAMI_MED_S001	8.948652615023517	2092.5755754920547	0.04895416270451678	1.0	1.0	1.0	6.0	0.0	0.0	6.0	1.0	0.9736852169992027	0.5434240665231121	0.02447708135225839
