tool	sample	Weighted UniFrac error	Unweighted UniFrac error	L1 norm error	Completeness (recall)	Purity (precision)	F1 score	True positives	False positives	False negatives	Taxon counts	Jaccard index	Shannon diversity	Shannon equitability	Bray-Curtis distance
Metalign	CAMI_MED_S001	9.758181092133515	2154.2406979726184	1.6676399162280306	0.5694444444444444	0.33884297520661155	0.42487046632124353	41.0	80.0	31.0	121.0	0.26973684210526316	3.487495084079263	0.727199207496939	0.8338199581140155
Bracken+Kraken2	CAMI_MED_S001	9.351455168850896	8140.450773286132	1.831772832823557	0.2638888888888889	0.02043010752688172	0.03792415169660679	19.0	911.0	53.0	930.0	0.019328585961342827	4.285520455143019	0.6269794767252339	0.9158864164117791
CLARK	CAMI_MED_S001	9.434400636682529	3517.329609527219	1.8196142273220826	0.2361111111111111	0.060498220640569395	0.0963172804532578	17.0	264.0	55.0	281.0	0.050595238095238096	3.249679762057807	0.5763524915756683	0.909807113661041
GOTTCHA	CAMI_MED_S001	11.211194622321088	2572.337940993208	1.8413980000077637	0.1527777777777778	0.3142857142857143	0.20560747663551404	11.0	24.0	61.0	35.0	0.11458333333333333	1.0937339219565507	0.30763061816748305	0.9206990000038815
MEGAN+DIAMOND	CAMI_MED_S001	11.237323955979335	2250.4531105556316	1.6872637146001181	0.3611111111111111	0.48148148148148145	0.4126984126984127	26.0	28.0	46.0	54.0	0.26	2.7427821428695243	0.6875891482273266	0.843631857300059
MetaPhlAn2	CAMI_MED_S001	10.423953659773023	2572.0754411082085	1.788270796165712	0.25	0.5454545454545454	0.34285714285714286	18.0	15.0	54.0	33.0	0.20689655172413793	2.2591727276874036	0.6461226489497073	0.8941353980828561
mOTUs2	CAMI_MED_S001	8.948652615023517	2092.5755754920547	1.7097638887396442	0.5833333333333334	0.5121951219512195	0.5454545454545454	42.0	40.0	30.0	82.0	0.375	2.772427665886594	0.629136441493919	0.8548819443698218
