tool	sample	Weighted UniFrac error	Unweighted UniFrac error	L1 norm error	Completeness (recall)	Purity (precision)	F1 score	True positives	False positives	False negatives	Taxon counts	Jaccard index	Shannon diversity	Shannon equitability	Bray-Curtis distance
Metalign	CAMI_MED_S001	9.758181092133514	2154.2406979726184	1.6676399162280302	0.5694444444444444	0.33884297520661155	0.42487046632124353	41.0	80.0	31.0	121.0	0.26973684210526316	3.4874950840792627	0.7271992074969389	0.8338199581140153
Bracken+Kraken2	CAMI_MED_S001	9.351455168850896	8140.450773286129	1.831772832823562	0.2638888888888889	0.02043010752688172	0.03792415169660679	19.0	911.0	53.0	930.0	0.019328585961342827	4.285520455143023	0.6269794767252344	0.9158864164117791
CLARK	CAMI_MED_S001	9.434400636682525	3517.3296095272203	1.8196142273220803	0.2361111111111111	0.060498220640569395	0.0963172804532578	17.0	264.0	55.0	281.0	0.050595238095238096	3.2496797620578035	0.5763524915756676	0.9098071136610407
GOTTCHA	CAMI_MED_S001	11.211194622321083	2572.3379409932077	1.8413980000077634	0.1527777777777778	0.3142857142857143	0.20560747663551404	11.0	24.0	61.0	35.0	0.11458333333333333	1.0937339219565512	0.30763061816748316	0.9206990000038815
MEGAN+DIAMOND	CAMI_MED_S001	11.237323955979337	2250.453110555632	1.687263714600117	0.3611111111111111	0.48148148148148145	0.4126984126984127	26.0	28.0	46.0	54.0	0.26	2.742782142869524	0.6875891482273265	0.843631857300059
MetaBinG2	CAMI_MED_S001	11.590368799748797	2778.007799561096	1.9707199735784147	0.013888888888888888	0.1	0.024390243902439022	1.0	9.0	71.0	10.0	0.012345679012345678	2.0056554678814282	0.8710451022999889	0.9853599867892074
MetaPhlAn2	CAMI_MED_S001	10.423953659773023	2572.075441108208	1.7882707961657112	0.25	0.5454545454545454	0.34285714285714286	18.0	15.0	54.0	33.0	0.20689655172413793	2.2591727276874045	0.6461226489497075	0.8941353980828559
mOTUs2	CAMI_MED_S001	8.94865261502352	2092.5755754920547	1.709763888739644	0.5833333333333334	0.5121951219512195	0.5454545454545454	42.0	40.0	30.0	82.0	0.375	2.772427665886593	0.6291364414939188	0.8548819443698217
