tool	sample	Weighted UniFrac error	Unweighted UniFrac error	L1 norm error	Completeness (recall)	Purity (precision)	F1 score	True positives	False positives	False negatives	Taxon counts	Jaccard index	Shannon diversity	Shannon equitability	Bray-Curtis distance
Metalign	CAMI_MED_S001	9.758181092133514	2154.2406979726184	1.9633480733038553	0.0603448275862069	0.11570247933884298	0.07932011331444759	14.0	107.0	218.0	121.0	0.04129793510324484	3.4874950840792627	0.7271992074969389	0.9816740366519267
Bracken+Kraken2	CAMI_MED_S001	9.351455168850896	8140.450773286129	na	0.0	0.0	na	0.0	0.0	232.0	0.0	0.0	na	na	na
CLARK	CAMI_MED_S001	9.434400636682525	3517.3296095272203	na	0.0	0.0	na	0.0	0.0	232.0	0.0	0.0	na	na	na
GOTTCHA	CAMI_MED_S001	11.211194622321083	2572.3379409932077	na	0.0	0.0	na	0.0	0.0	232.0	0.0	0.0	na	na	na
MEGAN+DIAMOND	CAMI_MED_S001	11.237323955979337	2250.453110555632	1.9999999999999998	0.0	0.0	na	0.0	33.0	232.0	33.0	0.0	2.21906177102234	0.6346509286802849	1.0
MetaBinG2	CAMI_MED_S001	11.590368799748797	2778.007799561096	1.9999999999999998	0.0	0.0	na	0.0	7.0	232.0	7.0	0.0	1.590772529785378	0.8174953661440407	1.0
MetaPhlAn2	CAMI_MED_S001	10.423953659773023	2572.075441108208	na	0.0	0.0	na	0.0	0.0	232.0	0.0	0.0	na	na	na
mOTUs2	CAMI_MED_S001	8.94865261502352	2092.5755754920547	na	0.0	0.0	na	0.0	0.0	232.0	0.0	0.0	na	na	na
