tool	sample	Weighted UniFrac error	Unweighted UniFrac error	L1 norm error	Completeness (recall)	Purity (precision)	F1 score	True positives	False positives	False negatives	Taxon counts	Jaccard index	Shannon diversity	Shannon equitability	Bray-Curtis distance
Metalign	CAMI_MED_S001	9.758181092133515	2154.2406979726184	1.9633480733038546	0.0603448275862069	0.11570247933884298	0.07932011331444759	14.0	107.0	218.0	121.0	0.04129793510324484	3.487495084079263	0.727199207496939	0.9816740366519267
Bracken+Kraken2	CAMI_MED_S001	9.351455168850896	8140.450773286132	na	0.0	0.0	na	0.0	0.0	232.0	0.0	0.0	na	na	na
CLARK	CAMI_MED_S001	9.434400636682529	3517.329609527219	na	0.0	0.0	na	0.0	0.0	232.0	0.0	0.0	na	na	na
GOTTCHA	CAMI_MED_S001	11.211194622321088	2572.337940993208	na	0.0	0.0	na	0.0	0.0	232.0	0.0	0.0	na	na	na
MEGAN+DIAMOND	CAMI_MED_S001	11.237323955979335	2250.4531105556316	1.9999999999999993	0.0	0.0	na	0.0	33.0	232.0	33.0	0.0	2.21906177102234	0.6346509286802849	1.0
MetaPhlAn2	CAMI_MED_S001	10.423953659773023	2572.0754411082085	na	0.0	0.0	na	0.0	0.0	232.0	0.0	0.0	na	na	na
mOTUs2	CAMI_MED_S001	8.948652615023517	2092.5755754920547	na	0.0	0.0	na	0.0	0.0	232.0	0.0	0.0	na	na	na
