tool	sample	Weighted UniFrac error	Unweighted UniFrac error	L1 norm error	Completeness (recall)	Purity (precision)	F1 score	True positives	False positives	False negatives	Taxon counts	Jaccard index	Shannon diversity	Shannon equitability	Bray-Curtis distance
Metalign	CAMI_MED_S001	9.758181092133515	2154.2406979726184	0.7128787244111311	1.0	1.0	1.0	3.0	0.0	0.0	3.0	1.0	0.013076607728895687	0.011902841306052535	0.35643936220556555
Bracken+Kraken2	CAMI_MED_S001	9.351455168850896	8140.450773286132	0.7101186056538524	1.0	0.75	0.8571428571428571	3.0	1.0	0.0	4.0	0.75	0.038061946301707415	0.027455890588027655	0.3550593028269262
CLARK	CAMI_MED_S001	9.434400636682529	3517.329609527219	0.7107243430966719	1.0	0.75	0.8571428571428571	3.0	1.0	0.0	4.0	0.75	0.025933066777330913	0.018706753417348822	0.355362171548336
GOTTCHA	CAMI_MED_S001	11.211194622321088	2572.337940993208	0.7134586056538526	0.6666666666666666	1.0	0.8	2.0	0.0	1.0	2.0	0.6666666666666666	0.03730344426065859	0.053817494042930014	0.3567293028269263
MEGAN+DIAMOND	CAMI_MED_S001	11.237323955979335	2250.4531105556316	0.7130262564552481	1.0	0.75	0.8571428571428571	3.0	1.0	0.0	4.0	0.75	0.015311873432568408	0.011045181933942957	0.3565131282276241
MetaPhlAn2	CAMI_MED_S001	10.423953659773023	2572.0754411082085	0.5588160056538525	1.0	1.0	1.0	3.0	0.0	0.0	3.0	1.0	0.3069296735139903	0.2793794286482022	0.27940800282692624
mOTUs2	CAMI_MED_S001	8.948652615023517	2092.5755754920547	0.7134586056538523	0.6666666666666666	1.0	0.8	2.0	0.0	1.0	2.0	0.6666666666666666	0.016683915788491814	0.02406980257066622	0.3567293028269262
