rank	sample	Weighted UniFrac error	Unweighted UniFrac error	L1 norm error	Completeness (recall)	Purity (precision)	F1 score	True positives	False positives	False negatives	Taxon counts	Jaccard index	Shannon diversity	Shannon equitability	Bray-Curtis distance
superkingdom	CAMI_HIGH_S001	8.337279694959275	31551.959826566257	0.010731701414794341	1.0	0.5	0.6666666666666666	2.0	2.0	0.0	4.0	0.5	0.08218564071071274	0.05928440814281369	0.00536585070739717
phylum	CAMI_HIGH_S001	8.337279694959275	31551.959826566257	0.2334727454481042	1.0	0.2926829268292683	0.45283018867924524	12.0	29.0	0.0	41.0	0.2926829268292683	1.1501258903567293	0.3021349787241379	0.11673637272405214
class	CAMI_HIGH_S001	8.337279694959275	31551.959826566257	0.3107276309340346	1.0	0.2625	0.4158415841584159	21.0	59.0	0.0	80.0	0.2625	1.9366971717491377	0.4336625654386715	0.15536381546701736
order	CAMI_HIGH_S001	8.337279694959275	31551.959826566257	0.8628758739627728	1.0	0.22099447513812154	0.3619909502262444	40.0	141.0	0.0	181.0	0.22099447513812154	2.9810229210720625	0.5664446916059834	0.43143793698138666
family	CAMI_HIGH_S001	8.337279694959275	31551.959826566257	0.6141441298911008	0.9545454545454546	0.22105263157894736	0.358974358974359	84.0	296.0	4.0	380.0	0.21875	3.810439305737752	0.6129452701004797	0.3070720649455505
genus	CAMI_HIGH_S001	8.337279694959275	31551.959826566257	1.0114646698672771	0.6443298969072165	0.09976057462090981	0.17277125086385622	125.0	1128.0	69.0	1253.0	0.094553706505295	4.848291971100644	0.640861276086135	0.5057323349336417
species	CAMI_HIGH_S001	8.337279694959275	31551.959826566257	1.9702427410238457	0.06584362139917696	0.0037905709547500594	0.007168458781362006	16.0	4205.0	227.0	4221.0	0.0035971223021582736	6.593035624114612	0.7434762177138481	0.9851213705119383
strain	CAMI_HIGH_S001	8.337279694959275	31551.959826566257	na	0.0	0.0	na	0.0	0.0	1074.0	0.0	0.0	na	na	na
