rank	sample	Weighted UniFrac error	Unweighted UniFrac error	L1 norm error	Completeness (recall)	Purity (precision)	F1 score	True positives	False positives	False negatives	Taxon counts	Jaccard index	Shannon diversity	Shannon equitability	Bray-Curtis distance
superkingdom	CAMI_HIGH_S001	8.38710189789571	47277.02445940251	0.01874963595090477	1.0	0.5	0.6666666666666666	2.0	2.0	0.0	4.0	0.5	0.09336054192448826	0.06734539542458269	0.009374817975452386
phylum	CAMI_HIGH_S001	8.38710189789571	47277.02445940251	0.21182616957735603	1.0	0.23529411764705882	0.38095238095238093	12.0	39.0	0.0	51.0	0.23529411764705882	1.123278818980655	0.28159521468834625	0.10591308478867802
class	CAMI_HIGH_S001	8.38710189789571	47277.02445940251	0.3000891106422968	1.0	0.17647058823529413	0.3	21.0	98.0	0.0	119.0	0.17647058823529413	1.9311715967644347	0.3936928477998971	0.15004455532114838
order	CAMI_HIGH_S001	8.38710189789571	47277.02445940251	0.8491132717767111	1.0	0.15384615384615385	0.2666666666666667	40.0	220.0	0.0	260.0	0.15384615384615385	2.884984786551428	0.49544256362281686	0.42455663588835485
family	CAMI_HIGH_S001	8.38710189789571	47277.02445940251	0.6259072713965772	0.9659090909090909	0.1720647773279352	0.29209621993127144	85.0	409.0	3.0	494.0	0.1710261569416499	3.6722571262457295	0.5656379338355343	0.3129536356982882
genus	CAMI_HIGH_S001	8.38710189789571	47277.02445940251	0.9949575375319982	0.634020618556701	0.0823293172690763	0.1457345971563981	123.0	1371.0	71.0	1494.0	0.07859424920127796	4.627218064563534	0.6155689882121602	0.4974787687659973
species	CAMI_HIGH_S001	8.38710189789571	47277.02445940251	1.965136604932806	0.07407407407407407	0.003506038176860148	0.006695183187651106	18.0	5116.0	225.0	5134.0	0.003358835603657399	6.1997603216772905	0.7151881890623599	0.9825683024664007
strain	CAMI_HIGH_S001	8.38710189789571	47277.02445940251	na	0.0	0.0	na	0.0	0.0	1074.0	0.0	0.0	na	na	na
