rank	sample	Weighted UniFrac error	Unweighted UniFrac error	L1 norm error	Completeness (recall)	Purity (precision)	F1 score	True positives	False positives	False negatives	Taxon counts	Jaccard index	Shannon diversity	Shannon equitability	Bray-Curtis distance
superkingdom	CAMI_HIGH_S001	8.337279694959308	31551.959826566275	0.010731701414794341	1.0	0.5	0.6666666666666666	2.0	2.0	0.0	4.0	0.5	0.08218564071071274	0.05928440814281369	0.0053658507073971705
phylum	CAMI_HIGH_S001	8.337279694959308	31551.959826566275	0.23347274544810426	1.0	0.2926829268292683	0.45283018867924524	12.0	29.0	0.0	41.0	0.2926829268292683	1.1501258903567293	0.3021349787241379	0.1167363727240521
class	CAMI_HIGH_S001	8.337279694959308	31551.959826566275	0.3107276309340346	1.0	0.2625	0.4158415841584159	21.0	59.0	0.0	80.0	0.2625	1.9366971717491368	0.43366256543867127	0.15536381546701733
order	CAMI_HIGH_S001	8.337279694959308	31551.959826566275	0.8628758739627734	1.0	0.22099447513812154	0.3619909502262444	40.0	141.0	0.0	181.0	0.22099447513812154	2.9810229210720625	0.5664446916059834	0.43143793698138666
family	CAMI_HIGH_S001	8.337279694959308	31551.959826566275	0.6141441298911003	0.9545454545454546	0.22105263157894736	0.358974358974359	84.0	296.0	4.0	380.0	0.21875	3.8104393057377512	0.6129452701004795	0.30707206494555056
genus	CAMI_HIGH_S001	8.337279694959308	31551.959826566275	1.0114646698672751	0.6443298969072165	0.09976057462090981	0.17277125086385622	125.0	1128.0	69.0	1253.0	0.094553706505295	4.848291971100645	0.6408612760861351	0.5057323349336417
species	CAMI_HIGH_S001	8.337279694959308	31551.959826566275	1.9702427410238283	0.06584362139917696	0.0037905709547500594	0.007168458781362006	16.0	4205.0	227.0	4221.0	0.0035971223021582736	6.593035624114628	0.7434762177138499	0.9851213705119385
strain	CAMI_HIGH_S001	8.337279694959308	31551.959826566275	na	0.0	0.0	na	0.0	0.0	1074.0	0.0	0.0	na	na	na
