rank	sample	Weighted UniFrac error	Unweighted UniFrac error	L1 norm error	Completeness (recall)	Purity (precision)	F1 score	True positives	False positives	False negatives	Taxon counts	Jaccard index	Shannon diversity	Shannon equitability	Bray-Curtis distance
superkingdom	CAMI_HIGH_S001	10.10652244330006	10220.342485412733	0.00943861738801748	1.0	1.0	1.0	2.0	0.0	0.0	2.0	1.0	0.025938160923313587	0.03742085613384441	0.00471930869400874
phylum	CAMI_HIGH_S001	10.10652244330006	10220.342485412733	0.18998033758653776	0.75	1.0	0.8571428571428571	9.0	0.0	3.0	9.0	0.75	1.3182872212788725	0.5999783703844617	0.09499016879326885
class	CAMI_HIGH_S001	10.10652244330006	10220.342485412733	0.3263579038391462	0.8095238095238095	0.8947368421052632	0.8500000000000001	17.0	2.0	4.0	19.0	0.7391304347826086	2.2231063515345544	0.7550186528789629	0.1631789519195731
order	CAMI_HIGH_S001	10.10652244330006	10220.342485412733	0.6646832219097014	0.8	0.7272727272727273	0.761904761904762	32.0	12.0	8.0	44.0	0.6153846153846154	3.0206999931395266	0.7982422355540901	0.33234161095485065
family	CAMI_HIGH_S001	10.10652244330006	10220.342485412733	0.3535078814027326	0.7386363636363636	0.8783783783783784	0.802469135802469	65.0	9.0	23.0	74.0	0.6701030927835051	3.6782200916697745	0.8545921151326074	0.17675394070136627
genus	CAMI_HIGH_S001	10.10652244330006	10220.342485412733	0.47732964036308856	0.6391752577319587	0.9185185185185185	0.7537993920972644	124.0	11.0	70.0	135.0	0.6048780487804878	4.268269785048469	0.8701387746533644	0.23866482018154436
species	CAMI_HIGH_S001	10.10652244330006	10220.342485412733	1.83411062357995	0.26337448559670784	0.5470085470085471	0.35555555555555557	64.0	53.0	179.0	117.0	0.21621621621621623	4.415467881327953	0.927195844121446	0.9170553117899751
strain	CAMI_HIGH_S001	10.10652244330006	10220.342485412733	2.000000000000001	0.0	0.0	na	0.0	58.0	1074.0	58.0	0.0	3.35153503357694	0.8254111743156616	1.0
