rank	sample	Weighted UniFrac error	Unweighted UniFrac error	L1 norm error	Completeness (recall)	Purity (precision)	F1 score	True positives	False positives	False negatives	Taxon counts	Jaccard index	Shannon diversity	Shannon equitability	Bray-Curtis distance
superkingdom	CAMI_HIGH_S001	8.61648506972356	13418.98557950964	0.032828454350891684	1.0	0.5	0.6666666666666666	2.0	2.0	0.0	4.0	0.5	0.11213491244131085	0.08088824104479865	0.016414227175445842
phylum	CAMI_HIGH_S001	8.61648506972356	13418.98557950964	0.09532520205316189	0.9166666666666666	0.8461538461538461	0.8799999999999999	11.0	2.0	1.0	13.0	0.7857142857142857	1.2210295435719596	0.476044308641002	0.04766260102658094
class	CAMI_HIGH_S001	8.61648506972356	13418.98557950964	0.177712185272529	0.9523809523809523	0.7407407407407407	0.8333333333333334	20.0	7.0	1.0	27.0	0.7142857142857143	2.0930726357008043	0.6350656057313654	0.08885609263626451
order	CAMI_HIGH_S001	8.61648506972356	13418.98557950964	0.7057352035161408	0.9	0.631578947368421	0.7422680412371133	36.0	21.0	4.0	57.0	0.5901639344262295	2.9004080779882986	0.7173809793269703	0.35286760175807025
family	CAMI_HIGH_S001	8.61648506972356	13418.98557950964	0.3268981223463193	0.8977272727272727	0.7821782178217822	0.835978835978836	79.0	22.0	9.0	101.0	0.7181818181818181	3.61440905276544	0.7831667752934999	0.16344906117315958
genus	CAMI_HIGH_S001	8.61648506972356	13418.98557950964	0.4328136118128549	0.8402061855670103	0.7511520737327189	0.7931873479318734	163.0	54.0	31.0	217.0	0.657258064516129	4.330498324121419	0.8049406967349588	0.21640680590642747
species	CAMI_HIGH_S001	8.61648506972356	13418.98557950964	1.7749932233132657	0.6255144032921811	0.10475534114403859	0.179456906729634	152.0	1299.0	91.0	1451.0	0.09857328145265888	6.108957446986034	0.8391415551714234	0.8874966116566332
strain	CAMI_HIGH_S001	8.61648506972356	13418.98557950964	1.9288673598062362	0.054003724394785846	0.03997243280496209	0.04594059405940594	58.0	1393.0	1016.0	1451.0	0.023510336441021483	6.108957446986026	0.8391415551714223	0.9644336799031191
