rank	sample	Weighted UniFrac error	Unweighted UniFrac error	L1 norm error	Completeness (recall)	Purity (precision)	F1 score	True positives	False positives	False negatives	Taxon counts	Jaccard index	Shannon diversity	Shannon equitability	Bray-Curtis distance
superkingdom	CAMI_HIGH_S001	11.514055883275951	11500.286724218884	0.017388017388017464	0.5	1.0	0.6666666666666666	1.0	0.0	1.0	1.0	0.5	0.0	0.0	0.008694008694008732
phylum	CAMI_HIGH_S001	11.514055883275951	11500.286724218884	0.3421208564931972	0.25	1.0	0.4	3.0	0.0	9.0	3.0	0.25	0.9756973091468781	0.8881179640997405	0.1710604282465986
class	CAMI_HIGH_S001	11.514055883275951	11500.286724218884	0.6484461646992714	0.23809523809523808	0.8333333333333334	0.37037037037037035	5.0	1.0	16.0	6.0	0.22727272727272727	1.5784080858255272	0.8809263257336398	0.3242230823496357
order	CAMI_HIGH_S001	11.514055883275951	11500.286724218884	1.5316215824386237	0.125	0.625	0.20833333333333334	5.0	3.0	35.0	8.0	0.11627906976744186	1.7700545420568647	0.8512163033094747	0.765810791219312
family	CAMI_HIGH_S001	11.514055883275951	11500.286724218884	1.4613920019039748	0.06818181818181818	0.75	0.125	6.0	2.0	82.0	8.0	0.06666666666666667	1.6888677738108502	0.8121737206646991	0.7306960009519878
genus	CAMI_HIGH_S001	11.514055883275951	11500.286724218884	1.7291974183091665	0.03608247422680412	0.6363636363636364	0.06829268292682926	7.0	4.0	187.0	11.0	0.03535353535353535	2.029095189234796	0.8461984191940206	0.8645987091545831
species	CAMI_HIGH_S001	11.514055883275951	11500.286724218884	1.9948786231384117	0.00411522633744856	0.09090909090909091	0.007874015748031498	1.0	10.0	242.0	11.0	0.003952569169960474	2.0290951892347957	0.8461984191940205	0.9974393115692065
strain	CAMI_HIGH_S001	11.514055883275951	11500.286724218884	2.0	0.0	0.0	na	0.0	11.0	1074.0	11.0	0.0	2.029095189234796	0.8461984191940206	1.0
