rank	sample	Weighted UniFrac error	Unweighted UniFrac error	L1 norm error	Completeness (recall)	Purity (precision)	F1 score	True positives	False positives	False negatives	Taxon counts	Jaccard index	Shannon diversity	Shannon equitability	Bray-Curtis distance
superkingdom	CAMI_HIGH_S001	9.645827858167866	10904.955835606275	0.10976018261198256	1.0	1.0	1.0	2.0	0.0	0.0	2.0	1.0	0.23669058278606414	0.3414723300105734	0.05488009130599128
phylum	CAMI_HIGH_S001	9.645827858167866	10904.955835606275	0.5136147258023469	0.5	1.0	0.6666666666666666	6.0	0.0	6.0	6.0	0.5	1.0060016010788981	0.5614601838897018	0.2568073629011734
class	CAMI_HIGH_S001	9.645827858167866	10904.955835606275	0.8893149522111536	0.6190476190476191	1.0	0.7647058823529412	13.0	0.0	8.0	13.0	0.6190476190476191	1.8425118647227345	0.7183423950897105	0.44465747610557677
order	CAMI_HIGH_S001	9.645827858167866	10904.955835606275	0.9005582622283389	0.7	1.0	0.8235294117647058	28.0	0.0	12.0	28.0	0.7	2.473543157925517	0.7423143298595021	0.4502791311141695
family	CAMI_HIGH_S001	9.645827858167866	10904.955835606275	1.1626634984052495	0.6136363636363636	1.0	0.7605633802816901	54.0	0.0	34.0	54.0	0.6136363636363636	3.0346795700833544	0.7607650305588798	0.5813317492026249
genus	CAMI_HIGH_S001	9.645827858167866	10904.955835606275	1.4556512292064394	0.31443298969072164	0.782051282051282	0.44852941176470584	61.0	17.0	133.0	78.0	0.2890995260663507	3.152714564214475	0.7236459193464252	0.7278256146032198
species	CAMI_HIGH_S001	9.645827858167866	10904.955835606275	1.9790246617177631	0.01646090534979424	0.08	0.027303754266211608	4.0	46.0	239.0	50.0	0.01384083044982699	2.6413528107890736	0.6751884656925718	0.9895123308588828
strain	CAMI_HIGH_S001	9.645827858167866	10904.955835606275	na	0.0	0.0	na	0.0	0.0	1074.0	0.0	0.0	na	na	na
