rank	sample	Weighted UniFrac error	Unweighted UniFrac error	L1 norm error	Completeness (recall)	Purity (precision)	F1 score	True positives	False positives	False negatives	Taxon counts	Jaccard index	Shannon diversity	Shannon equitability	Bray-Curtis distance
superkingdom	CAMI_HIGH_S001	7.667788678602335	9283.6965357006	0.005518776422463099	1.0	1.0	1.0	2.0	0.0	0.0	2.0	1.0	0.0363434912148667	0.0524325745442798	0.0027593882112315494
phylum	CAMI_HIGH_S001	7.667788678602335	9283.6965357006	0.05949667897553064	0.9166666666666666	1.0	0.9565217391304348	11.0	0.0	1.0	11.0	0.9166666666666666	1.3052289710971199	0.5443227591728403	0.029748339487765306
class	CAMI_HIGH_S001	7.667788678602335	9283.6965357006	0.07505530373707811	0.9523809523809523	0.8695652173913043	0.909090909090909	20.0	3.0	1.0	23.0	0.8333333333333334	2.113033887303323	0.673907761197117	0.037527651868539055
order	CAMI_HIGH_S001	7.667788678602335	9283.6965357006	0.5826101644019059	0.9	0.72	0.7999999999999999	36.0	14.0	4.0	50.0	0.6666666666666666	2.9284588644740994	0.7485791521191727	0.2913050822009529
family	CAMI_HIGH_S001	7.667788678602335	9283.6965357006	0.2536942866662232	0.875	0.8555555555555555	0.8651685393258427	77.0	13.0	11.0	90.0	0.7623762376237624	3.6481609819701992	0.8107367309387646	0.12684714333311162
genus	CAMI_HIGH_S001	7.667788678602335	9283.6965357006	0.31137706251524616	0.8247422680412371	0.851063829787234	0.8376963350785339	160.0	28.0	34.0	188.0	0.7207207207207207	4.409887344622855	0.8421533888708668	0.15568853125762303
species	CAMI_HIGH_S001	7.667788678602335	9283.6965357006	1.8254786449263727	0.5020576131687243	0.4178082191780822	0.4560747663551402	122.0	170.0	121.0	292.0	0.29539951573849876	5.05620030437872	0.8906851486774704	0.9127393224631868
strain	CAMI_HIGH_S001	7.667788678602335	9283.6965357006	na	0.0	0.0	na	0.0	0.0	1074.0	0.0	0.0	na	na	na
