tool	sample	Weighted UniFrac error	Unweighted UniFrac error	L1 norm error	Completeness (recall)	Purity (precision)	F1 score	True positives	False positives	False negatives	Taxon counts	Jaccard index	Shannon diversity	Shannon equitability	Bray-Curtis distance
Metalign	CAMI_MED_S001	9.758390039937616	2978.6309670545875	0.20886358990482495	0.9333333333333333	0.9333333333333333	0.9333333333333333	14.0	1.0	1.0	15.0	0.875	1.5310901260452325	0.5653846909566373	0.10443179495241248
Bracken+Kraken2	CAMI_MED_S001	9.332982859523545	24397.794079675306	0.21359946086975504	1.0	0.19736842105263158	0.32967032967032966	15.0	61.0	0.0	76.0	0.19736842105263158	1.5600532755528114	0.3502316213342753	0.1067997304348775
CLARK	CAMI_MED_S001	9.436806292670827	43405.88641183881	0.12052246595124153	1.0	0.13513513513513514	0.2380952380952381	15.0	96.0	0.0	111.0	0.13513513513513514	1.4028775764624086	0.288669080148717	0.06026123297562079
GOTTCHA	CAMI_MED_S001	11.211194622321083	2572.337940993208	0.6079199102000639	0.4666666666666667	0.875	0.608695652173913	7.0	1.0	8.0	8.0	0.4375	0.8332697252962337	0.40071803346926177	0.30395995510003193
MEGAN+DIAMOND	CAMI_MED_S001	11.237958817378798	2272.4528951710304	0.22312159318270414	0.8666666666666667	0.9285714285714286	0.896551724137931	13.0	1.0	2.0	14.0	0.8125	1.4400105452926084	0.5456533774893567	0.11156079659135204
MetaBinG2	CAMI_MED_S001	11.590368799748804	2778.0077995610964	0.2709786787725084	0.3333333333333333	1.0	0.5	5.0	0.0	10.0	5.0	0.3333333333333333	1.2381657755254922	0.7693156511100828	0.1354893393862542
MetaPhlAn2	CAMI_MED_S001	10.422788586448881	2526.075135774586	0.49120295370159617	0.6666666666666666	1.0	0.8	10.0	0.0	5.0	10.0	0.6666666666666666	1.4113961750988193	0.612961570624773	0.2456014768507981
mOTUs2	CAMI_MED_S001	8.94776257434282	2050.5752966185273	0.15554257035308458	1.0	0.9375	0.967741935483871	15.0	1.0	0.0	16.0	0.9375	1.5454077605670549	0.5573880280803521	0.07777128517654229
