tool	sample	Weighted UniFrac error	Unweighted UniFrac error	L1 norm error	Completeness (recall)	Purity (precision)	F1 score	True positives	False positives	False negatives	Taxon counts	Jaccard index	Shannon diversity	Shannon equitability	Bray-Curtis distance
Metalign	CAMI_MED_S001	9.758390039937623	2978.6309670545875	0.20886358990482495	0.9333333333333333	0.9333333333333333	0.9333333333333333	14.0	1.0	1.0	15.0	0.875	1.5310901260452323	0.5653846909566372	0.10443179495241248
Bracken+Kraken2	CAMI_MED_S001	9.332982859523577	24397.794079675292	0.213599460869755	1.0	0.19736842105263158	0.32967032967032966	15.0	61.0	0.0	76.0	0.19736842105263158	1.5600532755528114	0.3502316213342753	0.1067997304348775
CLARK	CAMI_MED_S001	9.436806292670777	43405.88641183883	0.12052246595124151	1.0	0.13513513513513514	0.2380952380952381	15.0	96.0	0.0	111.0	0.13513513513513514	1.4028775764624086	0.288669080148717	0.0602612329756208
GOTTCHA	CAMI_MED_S001	11.211194622321083	2572.337940993208	0.6079199102000638	0.4666666666666667	0.875	0.608695652173913	7.0	1.0	8.0	8.0	0.4375	0.8332697252962336	0.4007180334692617	0.303959955100032
MEGAN+DIAMOND	CAMI_MED_S001	11.237958817378786	2272.4528951710304	0.22312159318270414	0.8666666666666667	0.9285714285714286	0.896551724137931	13.0	1.0	2.0	14.0	0.8125	1.4400105452926086	0.5456533774893568	0.11156079659135205
MetaPhlAn2	CAMI_MED_S001	10.422788586448878	2526.0751357745853	0.4912029537015961	0.6666666666666666	1.0	0.8	10.0	0.0	5.0	10.0	0.6666666666666666	1.411396175098819	0.6129615706247729	0.24560147685079808
mOTUs2	CAMI_MED_S001	8.947762574342821	2050.5752966185273	0.1555425703530846	1.0	0.9375	0.967741935483871	15.0	1.0	0.0	16.0	0.9375	1.545407760567055	0.5573880280803523	0.0777712851765423
