tool	sample	Weighted UniFrac error	Unweighted UniFrac error	L1 norm error	Completeness (recall)	Purity (precision)	F1 score	True positives	False positives	False negatives	Taxon counts	Jaccard index	Shannon diversity	Shannon equitability	Bray-Curtis distance
Metalign	CAMI_MED_S001	9.758390039937623	2978.6309670545875	0.4842955252050755	0.7547169811320755	0.8888888888888888	0.8163265306122449	40.0	5.0	13.0	45.0	0.6896551724137931	2.8471032603103654	0.7479263706623356	0.2421477626025378
Bracken+Kraken2	CAMI_MED_S001	9.332982859523577	24397.794079675292	0.8752350467165756	0.9811320754716981	0.15339233038348082	0.2653061224489796	52.0	287.0	1.0	339.0	0.15294117647058825	3.145913039705242	0.5093880587319307	0.43761752335828846
CLARK	CAMI_MED_S001	9.436806292670777	43405.88641183883	0.9080522792592503	0.9811320754716981	0.10993657505285412	0.19771863117870725	52.0	421.0	1.0	473.0	0.10970464135021098	2.706446207367541	0.4227555783994116	0.4540261396296256
GOTTCHA	CAMI_MED_S001	11.211194622321083	2572.337940993208	1.6197498833092359	0.41509433962264153	0.8461538461538461	0.5569620253164558	22.0	4.0	31.0	26.0	0.38596491228070173	0.9918385832016051	0.3009367949706957	0.8098749416546182
MEGAN+DIAMOND	CAMI_MED_S001	11.237958817378786	2272.4528951710304	0.5157541321106307	0.6792452830188679	0.9230769230769231	0.7826086956521738	36.0	3.0	17.0	39.0	0.6428571428571429	2.7834202428216717	0.7597579928161449	0.25787706605531535
MetaPhlAn2	CAMI_MED_S001	10.422788586448878	2526.0751357745853	1.2343204633490863	0.6037735849056604	0.9411764705882353	0.735632183908046	32.0	2.0	21.0	34.0	0.5818181818181818	2.2395885668747697	0.635099148609754	0.6171602316745433
mOTUs2	CAMI_MED_S001	8.947762574342821	2050.5752966185273	0.46613833930319304	0.8490566037735849	0.9574468085106383	0.9	45.0	2.0	8.0	47.0	0.8181818181818182	2.8176645042519843	0.7318328531094516	0.23306916965159655
