tool	sample	Weighted UniFrac error	Unweighted UniFrac error	L1 norm error	Completeness (recall)	Purity (precision)	F1 score	True positives	False positives	False negatives	Taxon counts	Jaccard index	Shannon diversity	Shannon equitability	Bray-Curtis distance
Metalign	CAMI_MED_S001	9.758390039937623	2978.6309670545875	0.9018403065066589	0.7464788732394366	0.7571428571428571	0.75177304964539	53.0	17.0	18.0	70.0	0.6022727272727273	3.125668567365866	0.7357119142866517	0.4509201532533293
Bracken+Kraken2	CAMI_MED_S001	9.332982859523577	24397.794079675292	1.1709100981495524	0.7464788732394366	0.05028462998102467	0.09422222222222222	53.0	1001.0	18.0	1054.0	0.049440298507462684	3.799366200112897	0.5063600616695191	0.5854550490747812
CLARK	CAMI_MED_S001	9.436806292670777	43405.88641183883	1.1286635209966274	0.7746478873239436	0.038924274593064405	0.07412398921832886	55.0	1358.0	16.0	1413.0	0.03848845346396081	3.265992850560084	0.43931662339392424	0.5643317604983128
GOTTCHA	CAMI_MED_S001	11.211194622321083	2572.337940993208	1.5678384390426903	0.23943661971830985	0.5151515151515151	0.32692307692307687	17.0	16.0	54.0	33.0	0.19540229885057472	1.1910261541677836	0.33774940079259896	0.7839192195213451
MEGAN+DIAMOND	CAMI_MED_S001	11.237958817378786	2272.4528951710304	0.8348189574498737	0.6197183098591549	0.8148148148148148	0.704	44.0	10.0	27.0	54.0	0.5432098765432098	3.2164579000654223	0.8063351125296598	0.4174094787249369
MetaPhlAn2	CAMI_MED_S001	10.422788586448878	2526.0751357745853	1.2794479038157862	0.39436619718309857	0.6829268292682927	0.5	28.0	13.0	43.0	41.0	0.3333333333333333	2.4139191116174503	0.6500261926409137	0.639723951907893
mOTUs2	CAMI_MED_S001	8.947762574342821	2050.5752966185273	0.7388474422965626	0.8309859154929577	0.8082191780821918	0.8194444444444445	59.0	14.0	12.0	73.0	0.6941176470588235	3.1316082783724304	0.7299004503662712	0.36942372114828126
