tool	sample	Weighted UniFrac error	Unweighted UniFrac error	L1 norm error	Completeness (recall)	Purity (precision)	F1 score	True positives	False positives	False negatives	Taxon counts	Jaccard index	Shannon diversity	Shannon equitability	Bray-Curtis distance
Metalign	CAMI_MED_S001	9.758390039937616	2978.6309670545875	0.6366508564456208	0.7586206896551724	0.7586206896551724	0.7586206896551724	22.0	7.0	7.0	29.0	0.6111111111111112	2.1713774446789986	0.644843089027827	0.31832542822281046
Bracken+Kraken2	CAMI_MED_S001	9.332982859523545	24397.794079675306	0.6032859332515202	0.9655172413793104	0.16666666666666666	0.28426395939086296	28.0	140.0	1.0	168.0	0.16568047337278108	2.4531917638461924	0.4670723635114628	0.30164296662575996
CLARK	CAMI_MED_S001	9.436806292670827	43405.88641183881	0.5697198147476076	0.9655172413793104	0.11382113821138211	0.20363636363636362	28.0	218.0	1.0	246.0	0.11336032388663968	2.1929067385363075	0.3805774355101698	0.2848599073738049
GOTTCHA	CAMI_MED_S001	11.211194622321083	2572.337940993208	1.0953484383490124	0.5172413793103449	0.8333333333333334	0.6382978723404256	15.0	3.0	14.0	18.0	0.46875	1.0699248209838463	0.37016858404491887	0.5476742191745061
MEGAN+DIAMOND	CAMI_MED_S001	11.237958817378798	2272.4528951710304	0.6409291680141577	0.7241379310344828	0.8076923076923077	0.7636363636363636	21.0	5.0	8.0	26.0	0.6176470588235294	2.05342117846564	0.6302517910388882	0.3204645840070789
MetaBinG2	CAMI_MED_S001	11.590368799748804	2778.0077995610964	0.6607033521893085	0.2413793103448276	0.875	0.3783783783783784	7.0	1.0	22.0	8.0	0.23333333333333334	1.851005796371206	0.8901456276938219	0.3303516760946543
MetaPhlAn2	CAMI_MED_S001	10.422788586448881	2526.075135774586	0.6371671807451207	0.6551724137931034	0.95	0.7755102040816326	19.0	1.0	10.0	20.0	0.6333333333333333	2.1174922761749366	0.706836286696223	0.31858359037256034
mOTUs2	CAMI_MED_S001	8.94776257434282	2050.5752966185273	0.5656114542983322	0.8620689655172413	0.8333333333333334	0.847457627118644	25.0	5.0	4.0	30.0	0.7352941176470589	2.1798620652314757	0.6409101915061993	0.2828057271491662
