tool	sample	Weighted UniFrac error	Unweighted UniFrac error	L1 norm error	Completeness (recall)	Purity (precision)	F1 score	True positives	False positives	False negatives	Taxon counts	Jaccard index	Shannon diversity	Shannon equitability	Bray-Curtis distance
Metalign	CAMI_MED_S001	9.758390039937623	2978.6309670545875	0.6366508564456208	0.7586206896551724	0.7586206896551724	0.7586206896551724	22.0	7.0	7.0	29.0	0.6111111111111112	2.171377444678999	0.6448430890278272	0.3183254282228105
Bracken+Kraken2	CAMI_MED_S001	9.332982859523577	24397.794079675292	0.6032859332515198	0.9655172413793104	0.16666666666666666	0.28426395939086296	28.0	140.0	1.0	168.0	0.16568047337278108	2.453191763846193	0.4670723635114629	0.30164296662576
CLARK	CAMI_MED_S001	9.436806292670777	43405.88641183883	0.5697198147476084	0.9655172413793104	0.11382113821138211	0.20363636363636362	28.0	218.0	1.0	246.0	0.11336032388663968	2.1929067385363075	0.3805774355101698	0.2848599073738049
GOTTCHA	CAMI_MED_S001	11.211194622321083	2572.337940993208	1.0953484383490124	0.5172413793103449	0.8333333333333334	0.6382978723404256	15.0	3.0	14.0	18.0	0.46875	1.0699248209838461	0.3701685840449188	0.5476742191745061
MEGAN+DIAMOND	CAMI_MED_S001	11.237958817378786	2272.4528951710304	0.640929168014158	0.7241379310344828	0.8076923076923077	0.7636363636363636	21.0	5.0	8.0	26.0	0.6176470588235294	2.05342117846564	0.6302517910388882	0.3204645840070789
MetaPhlAn2	CAMI_MED_S001	10.422788586448878	2526.0751357745853	0.6371671807451207	0.6551724137931034	0.95	0.7755102040816326	19.0	1.0	10.0	20.0	0.6333333333333333	2.1174922761749366	0.706836286696223	0.31858359037256045
mOTUs2	CAMI_MED_S001	8.947762574342821	2050.5752966185273	0.5656114542983324	0.8620689655172413	0.8333333333333334	0.847457627118644	25.0	5.0	4.0	30.0	0.7352941176470589	2.179862065231476	0.6409101915061994	0.28280572714916613
