tool	sample	Weighted UniFrac error	Unweighted UniFrac error	L1 norm error	Completeness (recall)	Purity (precision)	F1 score	True positives	False positives	False negatives	Taxon counts	Jaccard index	Shannon diversity	Shannon equitability	Bray-Curtis distance
Metalign	CAMI_MED_S001	9.758390039937616	2978.6309670545875	0.12003121230431807	1.0	1.0	1.0	6.0	0.0	0.0	6.0	1.0	0.9239797145648578	0.5156828974164355	0.060015606152159034
Bracken+Kraken2	CAMI_MED_S001	9.332982859523545	24397.794079675306	0.14133597486976898	1.0	0.16216216216216217	0.27906976744186046	6.0	31.0	0.0	37.0	0.16216216216216217	0.9616720029477699	0.2526286492516949	0.0706679874348845
CLARK	CAMI_MED_S001	9.436806292670827	43405.88641183881	0.10602908643419764	1.0	0.12	0.21428571428571425	6.0	44.0	0.0	50.0	0.12	0.8748496069940784	0.22141119842340837	0.05301454321709883
GOTTCHA	CAMI_MED_S001	11.211194622321083	2572.337940993208	0.2981671149211052	0.5	1.0	0.6666666666666666	3.0	0.0	3.0	3.0	0.5	0.59100939290826	0.5379599327300113	0.1490835574605526
MEGAN+DIAMOND	CAMI_MED_S001	11.237958817378798	2272.4528951710304	0.07761733948479158	0.8333333333333334	1.0	0.9090909090909091	5.0	0.0	1.0	5.0	0.8333333333333334	0.9268482293184368	0.575883183910263	0.03880866974239578
MetaBinG2	CAMI_MED_S001	11.590368799748804	2778.0077995610964	0.13475944825168906	0.5	1.0	0.6666666666666666	3.0	0.0	3.0	3.0	0.5	0.8096442476849411	0.7369699538556084	0.06737972412584453
MetaPhlAn2	CAMI_MED_S001	10.422788586448881	2526.075135774586	0.3181979395168724	0.8333333333333334	1.0	0.9090909090909091	5.0	0.0	1.0	5.0	0.8333333333333334	0.80237296380016	0.4985423529551742	0.1590989697584362
mOTUs2	CAMI_MED_S001	8.94776257434282	2050.5752966185273	0.04895416270451679	1.0	1.0	1.0	6.0	0.0	0.0	6.0	1.0	0.9736852169992027	0.5434240665231121	0.024477081352258394
