tool	sample	Weighted UniFrac error	Unweighted UniFrac error	L1 norm error	Completeness (recall)	Purity (precision)	F1 score	True positives	False positives	False negatives	Taxon counts	Jaccard index	Shannon diversity	Shannon equitability	Bray-Curtis distance
Metalign	CAMI_MED_S001	9.758390039937616	2978.6309670545875	1.6678347303964447	0.5833333333333334	0.13680781758957655	0.2216358839050132	42.0	265.0	30.0	307.0	0.12462908011869436	3.5071819605457963	0.6124105468009731	0.8339173651982228
Bracken+Kraken2	CAMI_MED_S001	9.332982859523545	24397.794079675306	1.8315909756351194	0.2916666666666667	0.0065298507462686565	0.012773722627737225	21.0	3195.0	51.0	3216.0	0.006427915518824609	4.730275230567594	0.5391905067667644	0.9157954878175617
CLARK	CAMI_MED_S001	9.436806292670827	43405.88641183881	1.8189238211794028	0.3333333333333333	0.005095541401273885	0.010037641154328732	24.0	4686.0	48.0	4710.0	0.005044136191677175	3.97647508996071	0.46221937828890164	0.909461910589714
GOTTCHA	CAMI_MED_S001	11.211194622321083	2572.337940993208	1.8413980000077637	0.1527777777777778	0.3142857142857143	0.20560747663551404	11.0	24.0	61.0	35.0	0.11458333333333333	1.093733921956551	0.3076306181674831	0.9206990000038815
MEGAN+DIAMOND	CAMI_MED_S001	11.237958817378798	2272.4528951710304	1.6872637146001181	0.3611111111111111	0.48148148148148145	0.4126984126984127	26.0	28.0	46.0	54.0	0.26	2.7427821428695234	0.6875891482273264	0.843631857300059
MetaBinG2	CAMI_MED_S001	11.590368799748804	2778.0077995610964	1.970719973578416	0.013888888888888888	0.1	0.024390243902439022	1.0	9.0	71.0	10.0	0.012345679012345678	2.0056554678814282	0.8710451022999889	0.9853599867892074
MetaPhlAn2	CAMI_MED_S001	10.422788586448881	2526.075135774586	1.787992231933643	0.3055555555555556	0.5789473684210527	0.4000000000000001	22.0	16.0	50.0	38.0	0.25	2.2613716225462412	0.6216681951297997	0.8939961159668212
mOTUs2	CAMI_MED_S001	8.94776257434282	2050.5752966185273	1.7097410786380167	0.5972222222222222	0.4942528735632184	0.5408805031446541	43.0	44.0	29.0	87.0	0.3706896551724138	2.7755057141661506	0.6214874198984438	0.8548705393190079
