tool	sample	Weighted UniFrac error	Unweighted UniFrac error	L1 norm error	Completeness (recall)	Purity (precision)	F1 score	True positives	False positives	False negatives	Taxon counts	Jaccard index	Shannon diversity	Shannon equitability	Bray-Curtis distance
Metalign	CAMI_MED_S001	9.758390039937616	2978.6309670545875	1.9633480733038544	0.0603448275862069	0.04560260586319218	0.05194805194805195	14.0	293.0	218.0	307.0	0.02666666666666667	3.507181960545798	0.6124105468009734	0.9816740366519267
Bracken+Kraken2	CAMI_MED_S001	9.332982859523545	24397.794079675306	na	0.0	0.0	na	0.0	0.0	232.0	0.0	0.0	na	na	na
CLARK	CAMI_MED_S001	9.436806292670827	43405.88641183881	na	0.0	0.0	na	0.0	0.0	232.0	0.0	0.0	na	na	na
GOTTCHA	CAMI_MED_S001	11.211194622321083	2572.337940993208	na	0.0	0.0	na	0.0	0.0	232.0	0.0	0.0	na	na	na
MEGAN+DIAMOND	CAMI_MED_S001	11.237958817378798	2272.4528951710304	2.0000000000000004	0.0	0.0	na	0.0	40.0	232.0	40.0	0.0	2.220472977338527	0.6019369851899596	1.0
MetaBinG2	CAMI_MED_S001	11.590368799748804	2778.0077995610964	2.0000000000000004	0.0	0.0	na	0.0	7.0	232.0	7.0	0.0	1.5907725297853779	0.8174953661440406	1.0
MetaPhlAn2	CAMI_MED_S001	10.422788586448881	2526.075135774586	na	0.0	0.0	na	0.0	0.0	232.0	0.0	0.0	na	na	na
mOTUs2	CAMI_MED_S001	8.94776257434282	2050.5752966185273	na	0.0	0.0	na	0.0	0.0	232.0	0.0	0.0	na	na	na
