tool	sample	Weighted UniFrac error	Unweighted UniFrac error	L1 norm error	Completeness (recall)	Purity (precision)	F1 score	True positives	False positives	False negatives	Taxon counts	Jaccard index	Shannon diversity	Shannon equitability	Bray-Curtis distance
Metalign	CAMI_MED_S001	9.758390039937623	2978.6309670545875	1.9633480733038533	0.0603448275862069	0.04560260586319218	0.05194805194805195	14.0	293.0	218.0	307.0	0.02666666666666667	3.5071819605457977	0.6124105468009733	0.9816740366519267
Bracken+Kraken2	CAMI_MED_S001	9.332982859523577	24397.794079675292	na	0.0	0.0	na	0.0	0.0	232.0	0.0	0.0	na	na	na
CLARK	CAMI_MED_S001	9.436806292670777	43405.88641183883	na	0.0	0.0	na	0.0	0.0	232.0	0.0	0.0	na	na	na
GOTTCHA	CAMI_MED_S001	11.211194622321083	2572.337940993208	na	0.0	0.0	na	0.0	0.0	232.0	0.0	0.0	na	na	na
MEGAN+DIAMOND	CAMI_MED_S001	11.237958817378786	2272.4528951710304	2.0000000000000004	0.0	0.0	na	0.0	40.0	232.0	40.0	0.0	2.220472977338528	0.60193698518996	1.0
MetaPhlAn2	CAMI_MED_S001	10.422788586448878	2526.0751357745853	na	0.0	0.0	na	0.0	0.0	232.0	0.0	0.0	na	na	na
mOTUs2	CAMI_MED_S001	8.947762574342821	2050.5752966185273	na	0.0	0.0	na	0.0	0.0	232.0	0.0	0.0	na	na	na
