tool	sample	Weighted UniFrac error	Unweighted UniFrac error	L1 norm error	Completeness (recall)	Purity (precision)	F1 score	True positives	False positives	False negatives	Taxon counts	Jaccard index	Shannon diversity	Shannon equitability	Bray-Curtis distance
Metalign	CAMI_MED_S001	9.758390039937616	2978.6309670545875	0.7128787244111311	1.0	1.0	1.0	3.0	0.0	0.0	3.0	1.0	0.013076607728895687	0.011902841306052535	0.35643936220556555
Bracken+Kraken2	CAMI_MED_S001	9.332982859523545	24397.794079675306	0.7101186056538524	1.0	0.75	0.8571428571428571	3.0	1.0	0.0	4.0	0.75	0.03806194630170741	0.02745589058802765	0.3550593028269262
CLARK	CAMI_MED_S001	9.436806292670827	43405.88641183881	0.7107243430966719	1.0	0.75	0.8571428571428571	3.0	1.0	0.0	4.0	0.75	0.025933066777330913	0.018706753417348822	0.355362171548336
GOTTCHA	CAMI_MED_S001	11.211194622321083	2572.337940993208	0.7134586056538526	0.6666666666666666	1.0	0.8	2.0	0.0	1.0	2.0	0.6666666666666666	0.03730344426065859	0.053817494042930014	0.3567293028269263
MEGAN+DIAMOND	CAMI_MED_S001	11.237958817378798	2272.4528951710304	0.7130262582986893	1.0	0.5	0.6666666666666666	3.0	3.0	0.0	6.0	0.5	0.01532133038369871	0.008550997300044749	0.35651312914934463
MetaBinG2	CAMI_MED_S001	11.590368799748804	2778.0077995610964	0.7160986582986892	0.3333333333333333	1.0	0.5	1.0	0.0	2.0	1.0	0.3333333333333333	0.0	0.0	0.3580493291493446
MetaPhlAn2	CAMI_MED_S001	10.422788586448881	2526.075135774586	0.5588160056538525	1.0	1.0	1.0	3.0	0.0	0.0	3.0	1.0	0.3069296735139903	0.2793794286482022	0.27940800282692624
mOTUs2	CAMI_MED_S001	8.94776257434282	2050.5752966185273	0.7134586056538523	0.6666666666666666	1.0	0.8	2.0	0.0	1.0	2.0	0.6666666666666666	0.016683915788491814	0.02406980257066622	0.3567293028269262
