rank	sample	Weighted UniFrac error	Unweighted UniFrac error	L1 norm error	Completeness (recall)	Purity (precision)	F1 score	True positives	False positives	False negatives	Taxon counts	Jaccard index	Shannon diversity	Shannon equitability	Bray-Curtis distance
superkingdom	CAMI_MED_S001	9.351455168850896	8140.450773286129	0.7101186056538524	1.0	0.75	0.8571428571428571	3.0	1.0	0.0	4.0	0.75	0.03806194630170741	0.02745589058802765	0.3550593028269262
phylum	CAMI_MED_S001	9.351455168850896	8140.450773286129	0.1411823387707444	1.0	0.375	0.5454545454545454	6.0	10.0	0.0	16.0	0.375	0.9561780280770763	0.34486832482844654	0.07059116938537222
class	CAMI_MED_S001	9.351455168850896	8140.450773286129	0.21188770064161136	1.0	0.46875	0.6382978723404256	15.0	17.0	0.0	32.0	0.46875	1.546987216818218	0.44636615720445255	0.10594385032080571
order	CAMI_MED_S001	9.351455168850896	8140.450773286129	0.6021106405851007	0.9310344827586207	0.35064935064935066	0.5094339622641509	27.0	50.0	2.0	77.0	0.34177215189873417	2.427136508136779	0.5587581100953223	0.30105532029255033
family	CAMI_MED_S001	9.351455168850896	8140.450773286129	0.8728710104943072	0.9056603773584906	0.3157894736842105	0.46829268292682924	48.0	104.0	5.0	152.0	0.3057324840764331	3.0976755002334366	0.6165902010168887	0.4364355052471539
genus	CAMI_MED_S001	9.351455168850896	8140.450773286129	1.1619982136235343	0.6901408450704225	0.13031914893617022	0.2192393736017897	49.0	327.0	22.0	376.0	0.12311557788944724	3.6538979916891563	0.6162143621303675	0.580999106811767
species	CAMI_MED_S001	9.351455168850896	8140.450773286129	1.831772832823562	0.2638888888888889	0.02043010752688172	0.03792415169660679	19.0	911.0	53.0	930.0	0.019328585961342827	4.285520455143023	0.6269794767252344	0.9158864164117791
strain	CAMI_MED_S001	9.351455168850896	8140.450773286129	na	0.0	0.0	na	0.0	0.0	232.0	0.0	0.0	na	na	na
