rank	sample	Weighted UniFrac error	Unweighted UniFrac error	L1 norm error	Completeness (recall)	Purity (precision)	F1 score	True positives	False positives	False negatives	Taxon counts	Jaccard index	Shannon diversity	Shannon equitability	Bray-Curtis distance
superkingdom	CAMI_MED_S001	9.434400636682529	3517.329609527219	0.7107243430966719	1.0	0.75	0.8571428571428571	3.0	1.0	0.0	4.0	0.75	0.025933066777330913	0.018706753417348822	0.355362171548336
phylum	CAMI_MED_S001	9.434400636682529	3517.329609527219	0.10528120599758926	1.0	0.8571428571428571	0.923076923076923	6.0	1.0	0.0	7.0	0.8571428571428571	0.8627628893253296	0.4433724186824236	0.052640602998794625
class	CAMI_MED_S001	9.434400636682529	3517.329609527219	0.11957080575903596	0.9333333333333333	1.0	0.9655172413793104	14.0	0.0	1.0	14.0	0.9333333333333333	1.383450224139028	0.5242213606404367	0.05978540287951798
order	CAMI_MED_S001	9.434400636682529	3517.329609527219	0.5694409118377943	0.8275862068965517	0.631578947368421	0.716417910447761	24.0	14.0	5.0	38.0	0.5581395348837209	2.1549935606988866	0.5924240598224022	0.2847204559188972
family	CAMI_MED_S001	9.434400636682529	3517.329609527219	0.9048816002977453	0.8301886792452831	0.5569620253164557	0.6666666666666666	44.0	35.0	9.0	79.0	0.5	2.633496563281669	0.6027069442640854	0.4524408001488725
genus	CAMI_MED_S001	9.434400636682529	3517.329609527219	1.1164623313317583	0.5633802816901409	0.22727272727272727	0.32388663967611336	40.0	136.0	31.0	176.0	0.1932367149758454	3.0343163818235417	0.5868534521594921	0.5582311656658793
species	CAMI_MED_S001	9.434400636682529	3517.329609527219	1.8196142273220826	0.2361111111111111	0.060498220640569395	0.0963172804532578	17.0	264.0	55.0	281.0	0.050595238095238096	3.249679762057807	0.5763524915756683	0.909807113661041
strain	CAMI_MED_S001	9.434400636682529	3517.329609527219	na	0.0	0.0	na	0.0	0.0	232.0	0.0	0.0	na	na	na
