rank	sample	Weighted UniFrac error	Unweighted UniFrac error	L1 norm error	Completeness (recall)	Purity (precision)	F1 score	True positives	False positives	False negatives	Taxon counts	Jaccard index	Shannon diversity	Shannon equitability	Bray-Curtis distance
superkingdom	CAMI_MED_S001	11.237323955979337	2250.453110555632	0.7130262564552481	1.0	0.75	0.8571428571428571	3.0	1.0	0.0	4.0	0.75	0.015311873432568407	0.011045181933942955	0.3565131282276241
phylum	CAMI_MED_S001	11.237323955979337	2250.453110555632	0.07761733948479158	0.8333333333333334	1.0	0.9090909090909091	5.0	0.0	1.0	5.0	0.8333333333333334	0.9268482293184369	0.5758831839102632	0.03880866974239579
class	CAMI_MED_S001	11.237323955979337	2250.453110555632	0.2231215931827041	0.8666666666666667	0.9285714285714286	0.896551724137931	13.0	1.0	2.0	14.0	0.8125	1.4400105452926086	0.5456533774893568	0.11156079659135204
order	CAMI_MED_S001	11.237323955979337	2250.453110555632	0.640929168014158	0.7241379310344828	0.8076923076923077	0.7636363636363636	21.0	5.0	8.0	26.0	0.6176470588235294	2.05342117846564	0.6302517910388882	0.32046458400707906
family	CAMI_MED_S001	11.237323955979337	2250.453110555632	0.5157541321106307	0.6792452830188679	0.9230769230769231	0.7826086956521738	36.0	3.0	17.0	39.0	0.6428571428571429	2.7834202428216717	0.7597579928161449	0.25787706605531535
genus	CAMI_MED_S001	11.237323955979337	2250.453110555632	0.8348189574498736	0.6197183098591549	0.8148148148148148	0.704	44.0	10.0	27.0	54.0	0.5432098765432098	3.2164579000654214	0.8063351125296596	0.4174094787249367
species	CAMI_MED_S001	11.237323955979337	2250.453110555632	1.687263714600117	0.3611111111111111	0.48148148148148145	0.4126984126984127	26.0	28.0	46.0	54.0	0.26	2.742782142869524	0.6875891482273265	0.843631857300059
strain	CAMI_MED_S001	11.237323955979337	2250.453110555632	1.9999999999999998	0.0	0.0	na	0.0	33.0	232.0	33.0	0.0	2.21906177102234	0.6346509286802849	1.0
