rank	sample	Weighted UniFrac error	Unweighted UniFrac error	L1 norm error	Completeness (recall)	Purity (precision)	F1 score	True positives	False positives	False negatives	Taxon counts	Jaccard index	Shannon diversity	Shannon equitability	Bray-Curtis distance
superkingdom	CAMI_MED_S001	9.758181092133515	2154.2406979726184	0.7128787244111311	1.0	1.0	1.0	3.0	0.0	0.0	3.0	1.0	0.013076607728895687	0.011902841306052535	0.35643936220556555
phylum	CAMI_MED_S001	9.758181092133515	2154.2406979726184	0.12003121230431807	1.0	1.0	1.0	6.0	0.0	0.0	6.0	1.0	0.9239797145648577	0.5156828974164354	0.06001560615215903
class	CAMI_MED_S001	9.758181092133515	2154.2406979726184	0.20886358990482493	0.9333333333333333	0.9333333333333333	0.9333333333333333	14.0	1.0	1.0	15.0	0.875	1.5310901260452323	0.5653846909566372	0.1044317949524125
order	CAMI_MED_S001	9.758181092133515	2154.2406979726184	0.6366482914643141	0.7586206896551724	0.8148148148148148	0.7857142857142857	22.0	5.0	7.0	27.0	0.6470588235294118	2.171301632663676	0.6588013062964578	0.31832414573215706
family	CAMI_MED_S001	9.758181092133515	2154.2406979726184	0.48431074541835123	0.7358490566037735	0.9285714285714286	0.8210526315789474	39.0	3.0	14.0	42.0	0.6964285714285714	2.8469091181335284	0.7616802470200812	0.24215537270917573
genus	CAMI_MED_S001	9.758181092133515	2154.2406979726184	0.9018331050492248	0.7183098591549296	0.796875	0.7555555555555555	51.0	13.0	20.0	64.0	0.6071428571428571	3.125381009208445	0.751495280478928	0.4509165525246124
species	CAMI_MED_S001	9.758181092133515	2154.2406979726184	1.6676399162280306	0.5694444444444444	0.33884297520661155	0.42487046632124353	41.0	80.0	31.0	121.0	0.26973684210526316	3.487495084079263	0.727199207496939	0.8338199581140155
strain	CAMI_MED_S001	9.758181092133515	2154.2406979726184	1.9633480733038546	0.0603448275862069	0.11570247933884298	0.07932011331444759	14.0	107.0	218.0	121.0	0.04129793510324484	3.487495084079263	0.727199207496939	0.9816740366519267
