rank	sample	Weighted UniFrac error	Unweighted UniFrac error	L1 norm error	Completeness (recall)	Purity (precision)	F1 score	True positives	False positives	False negatives	Taxon counts	Jaccard index	Shannon diversity	Shannon equitability	Bray-Curtis distance
superkingdom	CAMI_MED_S001	10.423953659773023	2572.0754411082085	0.5588160056538525	1.0	1.0	1.0	3.0	0.0	0.0	3.0	1.0	0.3069296735139903	0.2793794286482022	0.27940800282692624
phylum	CAMI_MED_S001	10.423953659773023	2572.0754411082085	0.3181979395168724	0.8333333333333334	1.0	0.9090909090909091	5.0	0.0	1.0	5.0	0.8333333333333334	0.8023729638001601	0.4985423529551743	0.1590989697584362
class	CAMI_MED_S001	10.423953659773023	2572.0754411082085	0.49120295370159617	0.6666666666666666	1.0	0.8	10.0	0.0	5.0	10.0	0.6666666666666666	1.4113961750988195	0.6129615706247731	0.24560147685079808
order	CAMI_MED_S001	10.423953659773023	2572.0754411082085	0.6373110716804762	0.5862068965517241	0.9444444444444444	0.7234042553191489	17.0	1.0	12.0	18.0	0.5666666666666667	2.1165671716712144	0.7322819861801498	0.31865553584023815
family	CAMI_MED_S001	10.423953659773023	2572.0754411082085	1.2346266972204902	0.5283018867924528	0.9333333333333333	0.6746987951807228	28.0	2.0	25.0	30.0	0.509090909090909	2.2381879726252256	0.6580588308966149	0.6173133486102452
genus	CAMI_MED_S001	10.423953659773023	2572.0754411082085	1.2798978329660744	0.3380281690140845	0.7058823529411765	0.45714285714285713	24.0	10.0	47.0	34.0	0.2962962962962963	2.4105981386041138	0.6835937850871058	0.6399489164830373
species	CAMI_MED_S001	10.423953659773023	2572.0754411082085	1.788270796165712	0.25	0.5454545454545454	0.34285714285714286	18.0	15.0	54.0	33.0	0.20689655172413793	2.2591727276874036	0.6461226489497073	0.8941353980828561
strain	CAMI_MED_S001	10.423953659773023	2572.0754411082085	na	0.0	0.0	na	0.0	0.0	232.0	0.0	0.0	na	na	na
