rank	sample	Weighted UniFrac error	Unweighted UniFrac error	L1 norm error	Completeness (recall)	Purity (precision)	F1 score	True positives	False positives	False negatives	Taxon counts	Jaccard index	Shannon diversity	Shannon equitability	Bray-Curtis distance
superkingdom	CAMI_MED_S001	8.94865261502352	2092.5755754920547	0.7134586056538526	0.6666666666666666	1.0	0.8	2.0	0.0	1.0	2.0	0.6666666666666666	0.016683915788491814	0.02406980257066622	0.35672930282692633
phylum	CAMI_MED_S001	8.94865261502352	2092.5755754920547	0.04895416270451679	1.0	1.0	1.0	6.0	0.0	0.0	6.0	1.0	0.9736852169992027	0.5434240665231121	0.02447708135225839
class	CAMI_MED_S001	8.94865261502352	2092.5755754920547	0.15554257035308458	1.0	0.9375	0.967741935483871	15.0	1.0	0.0	16.0	0.9375	1.545407760567055	0.5573880280803523	0.07777128517654229
order	CAMI_MED_S001	8.94865261502352	2092.5755754920547	0.565806013542833	0.7931034482758621	0.8214285714285714	0.8070175438596492	23.0	5.0	6.0	28.0	0.6764705882352942	2.178634018032489	0.6538116167179483	0.2829030067714165
family	CAMI_MED_S001	8.94865261502352	2092.5755754920547	0.4662772886219536	0.8113207547169812	0.9772727272727273	0.88659793814433	43.0	1.0	10.0	44.0	0.7962962962962963	2.815992936232979	0.7441468870885356	0.2331386443109769
genus	CAMI_MED_S001	8.94865261502352	2092.5755754920547	0.7384322604588336	0.8028169014084507	0.8636363636363636	0.832116788321168	57.0	9.0	14.0	66.0	0.7125	3.127952525679284	0.7465895684202313	0.3692161302294167
species	CAMI_MED_S001	8.94865261502352	2092.5755754920547	1.709763888739644	0.5833333333333334	0.5121951219512195	0.5454545454545454	42.0	40.0	30.0	82.0	0.375	2.772427665886593	0.6291364414939188	0.8548819443698217
strain	CAMI_MED_S001	8.94865261502352	2092.5755754920547	na	0.0	0.0	na	0.0	0.0	232.0	0.0	0.0	na	na	na
