rank	sample	Weighted UniFrac error	Unweighted UniFrac error	L1 norm error	Completeness (recall)	Purity (precision)	F1 score	True positives	False positives	False negatives	Taxon counts	Jaccard index	Shannon diversity	Shannon equitability	Bray-Curtis distance
superkingdom	CAMI_MED_S001	8.948652615023517	2092.5755754920547	0.7134586056538523	0.6666666666666666	1.0	0.8	2.0	0.0	1.0	2.0	0.6666666666666666	0.016683915788491814	0.02406980257066622	0.3567293028269262
phylum	CAMI_MED_S001	8.948652615023517	2092.5755754920547	0.04895416270451678	1.0	1.0	1.0	6.0	0.0	0.0	6.0	1.0	0.9736852169992027	0.5434240665231121	0.02447708135225839
class	CAMI_MED_S001	8.948652615023517	2092.5755754920547	0.1555425703530846	1.0	0.9375	0.967741935483871	15.0	1.0	0.0	16.0	0.9375	1.5454077605670549	0.5573880280803521	0.07777128517654228
order	CAMI_MED_S001	8.948652615023517	2092.5755754920547	0.565806013542833	0.7931034482758621	0.8214285714285714	0.8070175438596492	23.0	5.0	6.0	28.0	0.6764705882352942	2.1786340180324886	0.6538116167179482	0.2829030067714165
family	CAMI_MED_S001	8.948652615023517	2092.5755754920547	0.4662772886219539	0.8113207547169812	0.9772727272727273	0.88659793814433	43.0	1.0	10.0	44.0	0.7962962962962963	2.8159929362329787	0.7441468870885355	0.23313864431097678
genus	CAMI_MED_S001	8.948652615023517	2092.5755754920547	0.7384322604588333	0.8028169014084507	0.8636363636363636	0.832116788321168	57.0	9.0	14.0	66.0	0.7125	3.1279525256792824	0.7465895684202308	0.36921613022941674
species	CAMI_MED_S001	8.948652615023517	2092.5755754920547	1.7097638887396442	0.5833333333333334	0.5121951219512195	0.5454545454545454	42.0	40.0	30.0	82.0	0.375	2.772427665886594	0.629136441493919	0.8548819443698218
strain	CAMI_MED_S001	8.948652615023517	2092.5755754920547	na	0.0	0.0	na	0.0	0.0	232.0	0.0	0.0	na	na	na
