tool	sample	Weighted UniFrac error	Unweighted UniFrac error	L1 norm error	Completeness (recall)	Purity (precision)	F1 score	True positives	False positives	False negatives	Taxon counts	Jaccard index	Shannon diversity	Shannon equitability	Bray-Curtis distance
Metalign	CAMI_HIGH_S004	8.618228073686728	8632.013160399756	0.17599920630983257	0.9523809523809523	0.8	0.8695652173913043	20.0	5.0	1.0	25.0	0.7692307692307693	2.103147890934734	0.6533796285915593	0.0879996031549163
Bracken+Kraken2	CAMI_HIGH_S004	8.361623901932859	13449.692393579104	0.3191148371603338	1.0	0.5384615384615384	0.7000000000000001	21.0	18.0	0.0	39.0	0.5384615384615384	1.9358568465642891	0.5284084269769056	0.1595574185801669
CLARK	CAMI_HIGH_S004	8.443743514637454	9326.679252166923	0.3156045879329963	0.6190476190476191	0.8125	0.7027027027027026	13.0	3.0	8.0	16.0	0.5416666666666666	1.922338571211752	0.6933370808991925	0.15780229396649817
GOTTCHA	CAMI_HIGH_S004	11.202815887568619	11117.632975016926	1.384849919503385	0.5714285714285714	0.8	0.6666666666666666	12.0	3.0	9.0	15.0	0.5	1.4381825727404651	0.5310767769944246	0.6924249597516925
MEGAN+DIAMOND	CAMI_HIGH_S004	10.162211120422223	10183.447254720024	0.3203647021429402	0.8095238095238095	0.85	0.8292682926829269	17.0	3.0	4.0	20.0	0.7083333333333334	2.206186511899039	0.7364431499353334	0.16018235107147008
MetaPhlAn2	CAMI_HIGH_S004	9.684196442674741	11115.885025257836	0.9193590030754497	0.6190476190476191	1.0	0.7647058823529412	13.0	0.0	8.0	13.0	0.6190476190476191	1.9318765656777246	0.7531831223325408	0.45967950153772497
mOTUs2	CAMI_HIGH_S004	7.687453810474469	9839.38489909068	0.09799148250634421	0.9523809523809523	0.8695652173913043	0.909090909090909	20.0	3.0	1.0	23.0	0.8333333333333334	2.0981753155422607	0.6691689319288068	0.048995741253172104
