tool	sample	Weighted UniFrac error	Unweighted UniFrac error	L1 norm error	Completeness (recall)	Purity (precision)	F1 score	True positives	False positives	False negatives	Taxon counts	Jaccard index	Shannon diversity	Shannon equitability	Bray-Curtis distance
Metalign	CAMI_HIGH_S004	8.618228073686728	8632.013160399756	0.17599920630983257	0.9523809523809523	0.8	0.8695652173913043	20.0	5.0	1.0	25.0	0.7692307692307693	2.1031478909347334	0.6533796285915592	0.08799960315491628
Bracken+Kraken2	CAMI_HIGH_S004	8.361623901932862	13449.692393579102	0.3191148371603338	1.0	0.5384615384615384	0.7000000000000001	21.0	18.0	0.0	39.0	0.5384615384615384	1.9358568465642887	0.5284084269769055	0.1595574185801669
CLARK	CAMI_HIGH_S004	8.443743514637447	9326.679252166925	0.3156045879329963	0.6190476190476191	0.8125	0.7027027027027026	13.0	3.0	8.0	16.0	0.5416666666666666	1.922338571211752	0.6933370808991925	0.15780229396649817
GOTTCHA	CAMI_HIGH_S004	11.20281588756861	11117.632975016928	1.3848499195033848	0.5714285714285714	0.8	0.6666666666666666	12.0	3.0	9.0	15.0	0.5	1.4381825727404656	0.5310767769944248	0.6924249597516925
MEGAN+DIAMOND	CAMI_HIGH_S004	10.162211120422212	10183.447254720026	0.3203647021429402	0.8095238095238095	0.85	0.8292682926829269	17.0	3.0	4.0	20.0	0.7083333333333334	2.206186511899039	0.7364431499353334	0.16018235107147008
MetaBinG2	CAMI_HIGH_S004	11.756104685778103	11644.369838545434	0.7411384416680632	0.23809523809523808	0.7142857142857143	0.35714285714285715	5.0	2.0	16.0	7.0	0.21739130434782608	1.456053145218375	0.7482632977299848	0.3705692208340316
MetaPhlAn2	CAMI_HIGH_S004	9.68419644267473	11115.885025257838	0.9193590030754499	0.6190476190476191	1.0	0.7647058823529412	13.0	0.0	8.0	13.0	0.6190476190476191	1.9318765656777244	0.7531831223325407	0.4596795015377249
mOTUs2	CAMI_HIGH_S004	7.687453810474472	9839.384899090679	0.0979914825063442	0.9523809523809523	0.8695652173913043	0.909090909090909	20.0	3.0	1.0	23.0	0.8333333333333334	2.0981753155422607	0.6691689319288068	0.048995741253172104
