tool	sample	Weighted UniFrac error	Unweighted UniFrac error	L1 norm error	Completeness (recall)	Purity (precision)	F1 score	True positives	False positives	False negatives	Taxon counts	Jaccard index	Shannon diversity	Shannon equitability	Bray-Curtis distance
Metalign	CAMI_HIGH_S004	8.618228073686728	8632.013160399756	0.31209630266485705	0.9090909090909091	0.8247422680412371	0.8648648648648649	80.0	17.0	8.0	97.0	0.7619047619047619	3.614318068827233	0.7900647900623566	0.15604815133242841
Bracken+Kraken2	CAMI_HIGH_S004	8.361623901932859	13449.692393579104	0.5696449218976036	0.8977272727272727	0.4114583333333333	0.5642857142857143	79.0	113.0	9.0	192.0	0.39303482587064675	3.733280782191074	0.7100873168721729	0.284822460948802
CLARK	CAMI_HIGH_S004	8.443743514637454	9326.679252166923	0.5901928246734994	0.6477272727272727	0.6705882352941176	0.6589595375722542	57.0	28.0	31.0	85.0	0.49137931034482757	3.5174699165953154	0.7917501765317739	0.2950964123367499
GOTTCHA	CAMI_HIGH_S004	11.202815887568619	11117.632975016926	1.5406996738019574	0.4659090909090909	0.8367346938775511	0.5985401459854014	41.0	8.0	47.0	49.0	0.4270833333333333	1.9041334428910126	0.4892655099762489	0.7703498369009787
MEGAN+DIAMOND	CAMI_HIGH_S004	10.162211120422223	10183.447254720024	0.3217701042613885	0.8409090909090909	0.8505747126436781	0.8457142857142856	74.0	13.0	14.0	87.0	0.7326732673267327	3.7471914502008663	0.8390659526890937	0.1608850521306942
MetaPhlAn2	CAMI_HIGH_S004	9.684196442674741	11115.885025257836	1.1964180350288192	0.5568181818181818	0.98	0.7101449275362319	49.0	1.0	39.0	50.0	0.550561797752809	2.9970217457575266	0.7661053479488732	0.5982090175144095
mOTUs2	CAMI_HIGH_S004	7.687453810474469	9839.38489909068	0.2744985584838928	0.875	0.8555555555555555	0.8651685393258427	77.0	13.0	11.0	90.0	0.7623762376237624	3.647900399685184	0.8106788213150014	0.13724927924194633
