tool	sample	Weighted UniFrac error	Unweighted UniFrac error	L1 norm error	Completeness (recall)	Purity (precision)	F1 score	True positives	False positives	False negatives	Taxon counts	Jaccard index	Shannon diversity	Shannon equitability	Bray-Curtis distance
Metalign	CAMI_HIGH_S004	8.618228073686728	8632.013160399756	0.4697771709324885	0.8608247422680413	0.8477157360406091	0.8542199488491048	167.0	30.0	27.0	197.0	0.7455357142857143	4.403845670743979	0.8335559060100709	0.23488858546624425
Bracken+Kraken2	CAMI_HIGH_S004	8.361623901932859	13449.692393579104	1.02482426062074	0.5979381443298969	0.24066390041493776	0.3431952662721893	116.0	366.0	78.0	482.0	0.20714285714285716	4.71897451579053	0.7638422149300587	0.5124121303103708
CLARK	CAMI_HIGH_S004	8.443743514637454	9326.679252166923	1.0129396274527385	0.4896907216494845	0.4634146341463415	0.4761904761904762	95.0	110.0	99.0	205.0	0.3125	4.278768216741653	0.8038249474471626	0.5064698137263693
GOTTCHA	CAMI_HIGH_S004	11.202815887568619	11117.632975016926	1.7573927211868279	0.2422680412371134	0.6527777777777778	0.3533834586466165	47.0	25.0	147.0	72.0	0.2146118721461187	2.075914938203869	0.48540495807549283	0.8786963605934144
MEGAN+DIAMOND	CAMI_HIGH_S004	10.162211120422223	10183.447254720024	0.5085422368976764	0.7371134020618557	0.910828025477707	0.8148148148148148	143.0	14.0	51.0	157.0	0.6875	4.426091728222266	0.875371154531394	0.2542711184488381
MetaPhlAn2	CAMI_HIGH_S004	9.684196442674741	11115.885025257836	1.4926216557432122	0.26288659793814434	0.75	0.3893129770992367	51.0	17.0	143.0	68.0	0.24170616113744076	3.1331553116127395	0.7425404882586826	0.7463108278716066
mOTUs2	CAMI_HIGH_S004	7.687453810474469	9839.38489909068	0.3967820039727791	0.8041237113402062	0.8764044943820225	0.8387096774193549	156.0	22.0	38.0	178.0	0.7222222222222222	4.4489425906822655	0.858573606462487	0.1983910019863895
