tool	sample	Weighted UniFrac error	Unweighted UniFrac error	L1 norm error	Completeness (recall)	Purity (precision)	F1 score	True positives	False positives	False negatives	Taxon counts	Jaccard index	Shannon diversity	Shannon equitability	Bray-Curtis distance
Metalign	CAMI_HIGH_S004	8.618228073686728	8632.013160399756	0.46977717093248855	0.8608247422680413	0.8477157360406091	0.8542199488491048	167.0	30.0	27.0	197.0	0.7455357142857143	4.403845670743982	0.8335559060100715	0.23488858546624417
Bracken+Kraken2	CAMI_HIGH_S004	8.361623901932862	13449.692393579102	1.0248242606207416	0.5979381443298969	0.24066390041493776	0.3431952662721893	116.0	366.0	78.0	482.0	0.20714285714285716	4.718974515790526	0.7638422149300581	0.5124121303103709
CLARK	CAMI_HIGH_S004	8.443743514637447	9326.679252166925	1.0129396274527387	0.4896907216494845	0.4634146341463415	0.4761904761904762	95.0	110.0	99.0	205.0	0.3125	4.2787682167416525	0.8038249474471625	0.5064698137263693
GOTTCHA	CAMI_HIGH_S004	11.20281588756861	11117.632975016928	1.7573927211868285	0.2422680412371134	0.6527777777777778	0.3533834586466165	47.0	25.0	147.0	72.0	0.2146118721461187	2.0759149382038684	0.4854049580754927	0.8786963605934144
MEGAN+DIAMOND	CAMI_HIGH_S004	10.162211120422212	10183.447254720026	0.5085422368976762	0.7371134020618557	0.910828025477707	0.8148148148148148	143.0	14.0	51.0	157.0	0.6875	4.426091728222266	0.875371154531394	0.25427111844883815
MetaBinG2	CAMI_HIGH_S004	11.756104685778103	11644.369838545434	1.7590938328820758	0.03608247422680412	0.7777777777777778	0.06896551724137931	7.0	2.0	187.0	9.0	0.03571428571428571	1.7184799100557477	0.7821139121514504	0.8795469164410376
MetaPhlAn2	CAMI_HIGH_S004	9.68419644267473	11115.885025257838	1.492621655743212	0.26288659793814434	0.75	0.3893129770992367	51.0	17.0	143.0	68.0	0.24170616113744076	3.1331553116127404	0.7425404882586828	0.7463108278716066
mOTUs2	CAMI_HIGH_S004	7.687453810474472	9839.384899090679	0.3967820039727792	0.8041237113402062	0.8764044943820225	0.8387096774193549	156.0	22.0	38.0	178.0	0.7222222222222222	4.448942590682264	0.8585736064624867	0.19839100198638954
