tool	sample	Weighted UniFrac error	Unweighted UniFrac error	L1 norm error	Completeness (recall)	Purity (precision)	F1 score	True positives	False positives	False negatives	Taxon counts	Jaccard index	Shannon diversity	Shannon equitability	Bray-Curtis distance
Metalign	CAMI_HIGH_S004	8.618228073686728	8632.013160399756	0.7015008144897223	0.925	0.6981132075471698	0.7956989247311829	37.0	16.0	3.0	53.0	0.6607142857142857	2.969683982706961	0.7479762313119335	0.3507504072448612
Bracken+Kraken2	CAMI_HIGH_S004	8.361623901932862	13449.692393579102	0.8777249348677908	1.0	0.40816326530612246	0.5797101449275363	40.0	58.0	0.0	98.0	0.40816326530612246	2.992842563300447	0.6527510995930188	0.43886246743389595
CLARK	CAMI_HIGH_S004	8.443743514637447	9326.679252166925	0.9030007948699291	0.7	0.6363636363636364	0.6666666666666666	28.0	16.0	12.0	44.0	0.5	2.8631634324294897	0.7566120383520226	0.45150039743496456
GOTTCHA	CAMI_HIGH_S004	11.20281588756861	11117.632975016928	1.2454004515010282	0.575	0.7666666666666667	0.6571428571428571	23.0	7.0	17.0	30.0	0.48936170212765956	2.146672517849943	0.6311519964774495	0.6227002257505143
MEGAN+DIAMOND	CAMI_HIGH_S004	10.162211120422212	10183.447254720026	0.6642119143045396	0.85	0.6938775510204082	0.7640449438202247	34.0	15.0	6.0	49.0	0.6181818181818182	3.0609595470526525	0.7865110186456106	0.33210595715226965
MetaBinG2	CAMI_HIGH_S004	11.756104685778103	11644.369838545434	1.64576845851855	0.1	0.5714285714285714	0.1702127659574468	4.0	3.0	36.0	7.0	0.09302325581395349	1.4560531452183751	0.7482632977299849	0.8228842292592751
MetaPhlAn2	CAMI_HIGH_S004	9.68419644267473	11115.885025257838	0.9229740652152452	0.675	1.0	0.8059701492537313	27.0	0.0	13.0	27.0	0.675	2.5423186020042254	0.7713727060424496	0.4614870326076227
mOTUs2	CAMI_HIGH_S004	7.687453810474472	9839.384899090679	0.6281191470049123	0.9	0.72	0.7999999999999999	36.0	14.0	4.0	50.0	0.6666666666666666	2.939650970585466	0.7514401031145623	0.31405957350245617
