tool	sample	Weighted UniFrac error	Unweighted UniFrac error	L1 norm error	Completeness (recall)	Purity (precision)	F1 score	True positives	False positives	False negatives	Taxon counts	Jaccard index	Shannon diversity	Shannon equitability	Bray-Curtis distance
Metalign	CAMI_HIGH_S004	8.618228073686728	8632.013160399756	0.07749090911273533	0.9166666666666666	0.9166666666666666	0.9166666666666666	11.0	1.0	1.0	12.0	0.8461538461538461	1.2303435881732059	0.49512668344228244	0.038745454556367666
Bracken+Kraken2	CAMI_HIGH_S004	8.361623901932859	13449.692393579104	0.228297173265051	0.9166666666666666	0.55	0.6874999999999999	11.0	9.0	1.0	20.0	0.5238095238095238	1.162717895646106	0.38812476866189183	0.11414858663252553
CLARK	CAMI_HIGH_S004	8.443743514637454	9326.679252166923	0.21863587669553677	0.4166666666666667	0.7142857142857143	0.5263157894736842	5.0	2.0	7.0	7.0	0.35714285714285715	1.121316437313425	0.5762426584073236	0.10931793834776841
GOTTCHA	CAMI_HIGH_S004	11.202815887568619	11117.632975016926	0.6936364461852541	0.4166666666666667	1.0	0.5882352941176471	5.0	0.0	7.0	5.0	0.4166666666666667	0.8551560568495621	0.5313383326208784	0.34681822309262705
MEGAN+DIAMOND	CAMI_HIGH_S004	10.162211120422223	10183.447254720024	0.1843157506637779	0.75	1.0	0.8571428571428571	9.0	0.0	3.0	9.0	0.75	1.2989947457617108	0.5911979863872324	0.09215787533188896
MetaPhlAn2	CAMI_HIGH_S004	9.684196442674741	11115.885025257836	0.44284563984267145	0.4166666666666667	1.0	0.5882352941176471	5.0	0.0	7.0	5.0	0.4166666666666667	1.1147006590829416	0.6926024610648557	0.22142281992133572
mOTUs2	CAMI_HIGH_S004	7.687453810474469	9839.38489909068	0.06469378852937618	0.9166666666666666	1.0	0.9565217391304348	11.0	0.0	1.0	11.0	0.9166666666666666	1.2876944729696451	0.5370103054863156	0.03234689426468809
