tool	sample	Weighted UniFrac error	Unweighted UniFrac error	L1 norm error	Completeness (recall)	Purity (precision)	F1 score	True positives	False positives	False negatives	Taxon counts	Jaccard index	Shannon diversity	Shannon equitability	Bray-Curtis distance
Metalign	CAMI_HIGH_S004	8.618228073686728	8632.013160399756	0.07749090911273533	0.9166666666666666	0.9166666666666666	0.9166666666666666	11.0	1.0	1.0	12.0	0.8461538461538461	1.230343588173206	0.49512668344228256	0.038745454556367666
Bracken+Kraken2	CAMI_HIGH_S004	8.361623901932862	13449.692393579102	0.22829717326505106	0.9166666666666666	0.55	0.6874999999999999	11.0	9.0	1.0	20.0	0.5238095238095238	1.1627178956461062	0.3881247686618919	0.11414858663252553
CLARK	CAMI_HIGH_S004	8.443743514637447	9326.679252166925	0.21863587669553677	0.4166666666666667	0.7142857142857143	0.5263157894736842	5.0	2.0	7.0	7.0	0.35714285714285715	1.121316437313425	0.5762426584073236	0.10931793834776841
GOTTCHA	CAMI_HIGH_S004	11.20281588756861	11117.632975016928	0.693636446185254	0.4166666666666667	1.0	0.5882352941176471	5.0	0.0	7.0	5.0	0.4166666666666667	0.8551560568495622	0.5313383326208785	0.346818223092627
MEGAN+DIAMOND	CAMI_HIGH_S004	10.162211120422212	10183.447254720026	0.18431575066377792	0.75	1.0	0.8571428571428571	9.0	0.0	3.0	9.0	0.75	1.2989947457617108	0.5911979863872324	0.09215787533188896
MetaBinG2	CAMI_HIGH_S004	11.756104685778103	11644.369838545434	0.3426133807038599	0.3333333333333333	1.0	0.5	4.0	0.0	8.0	4.0	0.3333333333333333	1.0507133299665412	0.7579294552693291	0.17130669035192994
MetaPhlAn2	CAMI_HIGH_S004	9.68419644267473	11115.885025257838	0.4428456398426715	0.4166666666666667	1.0	0.5882352941176471	5.0	0.0	7.0	5.0	0.4166666666666667	1.1147006590829416	0.6926024610648557	0.22142281992133575
mOTUs2	CAMI_HIGH_S004	7.687453810474472	9839.384899090679	0.06469378852937618	0.9166666666666666	1.0	0.9565217391304348	11.0	0.0	1.0	11.0	0.9166666666666666	1.2876944729696453	0.5370103054863157	0.03234689426468809
