tool	sample	Weighted UniFrac error	Unweighted UniFrac error	L1 norm error	Completeness (recall)	Purity (precision)	F1 score	True positives	False positives	False negatives	Taxon counts	Jaccard index	Shannon diversity	Shannon equitability	Bray-Curtis distance
Metalign	CAMI_HIGH_S004	8.618228073686728	8632.013160399756	1.7692305311495344	0.6419753086419753	0.1937888198757764	0.29770992366412213	156.0	649.0	87.0	805.0	0.17488789237668162	6.203159854275957	0.9271119534847618	0.8846152655747673
Bracken+Kraken2	CAMI_HIGH_S004	8.361623901932859	13449.692393579104	1.9724292586243348	0.06584362139917696	0.010862186014935505	0.018648018648018648	16.0	1457.0	227.0	1473.0	0.009411764705882352	6.253071928445583	0.857165671033658	0.9862146293121783
CLARK	CAMI_HIGH_S004	8.443743514637454	9326.679252166923	1.9711967884615351	0.05761316872427984	0.03608247422680412	0.044374009508716325	14.0	374.0	229.0	388.0	0.022690437601296597	5.1936858809359645	0.8712768375517338	0.9855983942307676
GOTTCHA	CAMI_HIGH_S004	11.202815887568619	11117.632975016926	1.9912255081390333	0.00823045267489712	0.02	0.011661807580174927	2.0	98.0	241.0	100.0	0.005865102639296188	2.0325623143779814	0.4413652986294299	0.9956127540695165
MEGAN+DIAMOND	CAMI_HIGH_S004	10.162211120422223	10183.447254720024	1.8372749843756944	0.3292181069958848	0.6060606060606061	0.4266666666666667	80.0	52.0	163.0	132.0	0.2711864406779661	4.6142193590964204	0.9449941718406458	0.9186374921878471
MetaPhlAn2	CAMI_HIGH_S004	9.684196442674741	11115.885025257836	1.9707230667126572	0.01646090534979424	0.10526315789473684	0.028469750889679714	4.0	34.0	239.0	38.0	0.01444043321299639	2.3852000119075303	0.6557095577048659	0.9853615333563286
mOTUs2	CAMI_HIGH_S004	7.687453810474469	9839.38489909068	1.8219379192373344	0.49794238683127573	0.4201388888888889	0.45574387947269307	121.0	167.0	122.0	288.0	0.2951219512195122	5.211175575691648	0.9202210741132609	0.9109689596186679
