tool	sample	Weighted UniFrac error	Unweighted UniFrac error	L1 norm error	Completeness (recall)	Purity (precision)	F1 score	True positives	False positives	False negatives	Taxon counts	Jaccard index	Shannon diversity	Shannon equitability	Bray-Curtis distance
Metalign	CAMI_HIGH_S004	8.618228073686728	8632.013160399756	1.769230531149535	0.6419753086419753	0.1937888198757764	0.29770992366412213	156.0	649.0	87.0	805.0	0.17488789237668162	6.203159854275961	0.9271119534847625	0.8846152655747674
Bracken+Kraken2	CAMI_HIGH_S004	8.361623901932862	13449.692393579102	1.9724292586243433	0.06584362139917696	0.010862186014935505	0.018648018648018648	16.0	1457.0	227.0	1473.0	0.009411764705882352	6.253071928445562	0.857165671033655	0.9862146293121783
CLARK	CAMI_HIGH_S004	8.443743514637447	9326.679252166925	1.9711967884615365	0.05761316872427984	0.03608247422680412	0.044374009508716325	14.0	374.0	229.0	388.0	0.022690437601296597	5.193685880935965	0.8712768375517339	0.9855983942307673
GOTTCHA	CAMI_HIGH_S004	11.20281588756861	11117.632975016928	1.9912255081390347	0.00823045267489712	0.02	0.011661807580174927	2.0	98.0	241.0	100.0	0.005865102639296188	2.032562314377982	0.44136529862943	0.9956127540695165
MEGAN+DIAMOND	CAMI_HIGH_S004	10.162211120422212	10183.447254720026	1.8372749843756935	0.3292181069958848	0.6060606060606061	0.4266666666666667	80.0	52.0	163.0	132.0	0.2711864406779661	4.614219359096425	0.9449941718406467	0.9186374921878467
MetaBinG2	CAMI_HIGH_S004	11.756104685778103	11644.369838545434	1.9948158039431307	0.00411522633744856	0.1111111111111111	0.007936507936507938	1.0	8.0	242.0	9.0	0.00398406374501992	1.7184799100557475	0.7821139121514503	0.9974079019715654
MetaPhlAn2	CAMI_HIGH_S004	9.68419644267473	11115.885025257838	1.9707230667126574	0.01646090534979424	0.10526315789473684	0.028469750889679714	4.0	34.0	239.0	38.0	0.01444043321299639	2.385200011907531	0.6557095577048662	0.9853615333563287
mOTUs2	CAMI_HIGH_S004	7.687453810474472	9839.384899090679	1.8219379192373364	0.49794238683127573	0.4201388888888889	0.45574387947269307	121.0	167.0	122.0	288.0	0.2951219512195122	5.211175575691655	0.9202210741132621	0.9109689596186681
