tool	sample	Weighted UniFrac error	Unweighted UniFrac error	L1 norm error	Completeness (recall)	Purity (precision)	F1 score	True positives	False positives	False negatives	Taxon counts	Jaccard index	Shannon diversity	Shannon equitability	Bray-Curtis distance
Metalign	CAMI_HIGH_S004	8.618228073686728	8632.013160399756	1.9300782097653724	0.05493482309124767	0.07329192546583851	0.06279936136242682	59.0	746.0	1015.0	805.0	0.03241758241758242	6.203159854275953	0.9271119534847613	0.9650391048826852
Bracken+Kraken2	CAMI_HIGH_S004	8.361623901932862	13449.692393579102	na	0.0	0.0	na	0.0	0.0	1074.0	0.0	0.0	na	na	na
CLARK	CAMI_HIGH_S004	8.443743514637447	9326.679252166925	na	0.0	0.0	na	0.0	0.0	1074.0	0.0	0.0	na	na	na
GOTTCHA	CAMI_HIGH_S004	11.20281588756861	11117.632975016928	na	0.0	0.0	na	0.0	0.0	1074.0	0.0	0.0	na	na	na
MEGAN+DIAMOND	CAMI_HIGH_S004	10.162211120422212	10183.447254720026	2.0000000000000013	0.0	0.0	na	0.0	56.0	1074.0	56.0	0.0	3.346187535431959	0.8312783062244296	1.0
MetaBinG2	CAMI_HIGH_S004	11.756104685778103	11644.369838545434	2.000000000000002	0.0	0.0	na	0.0	8.0	1074.0	8.0	0.0	1.7035232957558775	0.8192215369419426	1.0
MetaPhlAn2	CAMI_HIGH_S004	9.68419644267473	11115.885025257838	na	0.0	0.0	na	0.0	0.0	1074.0	0.0	0.0	na	na	na
mOTUs2	CAMI_HIGH_S004	7.687453810474472	9839.384899090679	na	0.0	0.0	na	0.0	0.0	1074.0	0.0	0.0	na	na	na
