tool	sample	Weighted UniFrac error	Unweighted UniFrac error	L1 norm error	Completeness (recall)	Purity (precision)	F1 score	True positives	False positives	False negatives	Taxon counts	Jaccard index	Shannon diversity	Shannon equitability	Bray-Curtis distance
Metalign	CAMI_HIGH_S004	8.618228073686728	8632.013160399756	0.031249414954229515	1.0	0.5	0.6666666666666666	2.0	2.0	0.0	4.0	0.5	0.12020909536508137	0.08671253287647569	0.015624707477114757
Bracken+Kraken2	CAMI_HIGH_S004	8.361623901932862	13449.692393579102	0.011395974295974366	1.0	0.5	0.6666666666666666	2.0	2.0	0.0	4.0	0.5	0.10139439372516573	0.07314059450061981	0.005697987147987183
CLARK	CAMI_HIGH_S004	8.443743514637447	9326.679252166925	0.026655154559162612	1.0	0.6666666666666666	0.8	2.0	1.0	0.0	3.0	0.6666666666666666	0.12367682128517728	0.11257549415828534	0.013327577279581304
GOTTCHA	CAMI_HIGH_S004	11.20281588756861	11117.632975016928	0.283591173478814	1.0	1.0	1.0	2.0	0.0	0.0	2.0	1.0	0.4306868214568969	0.6213497414920955	0.141795586739407
MEGAN+DIAMOND	CAMI_HIGH_S004	10.162211120422212	10183.447254720026	0.01383042570402561	1.0	1.0	1.0	2.0	0.0	0.0	2.0	1.0	0.03635465211978363	0.052448676326455286	0.006915212852012805
MetaBinG2	CAMI_HIGH_S004	11.756104685778103	11644.369838545434	0.025704025704025676	0.5	1.0	0.6666666666666666	1.0	0.0	1.0	1.0	0.5	0.0	0.0	0.012852012852012838
MetaPhlAn2	CAMI_HIGH_S004	9.68419644267473	11115.885025257838	0.16348297429597433	1.0	1.0	1.0	2.0	0.0	0.0	2.0	1.0	0.3130386134139046	0.45161925517899754	0.08174148714798717
mOTUs2	CAMI_HIGH_S004	7.687453810474472	9839.384899090679	0.005294372502208926	1.0	1.0	1.0	2.0	0.0	0.0	2.0	1.0	0.056940632424614494	0.08214796802407265	0.002647186251104463
