tool	sample	Weighted UniFrac error	Unweighted UniFrac error	L1 norm error	Completeness (recall)	Purity (precision)	F1 score	True positives	False positives	False negatives	Taxon counts	Jaccard index	Shannon diversity	Shannon equitability	Bray-Curtis distance
Metalign	CAMI_HIGH_S005	8.679107270789556	13557.969866003139	0.1875851282251787	0.9523809523809523	0.7692307692307693	0.8510638297872339	20.0	6.0	1.0	26.0	0.7407407407407407	2.099202792065596	0.6443034353243449	0.09379256411258935
Bracken+Kraken2	CAMI_HIGH_S005	8.379160698304206	31286.976155480323	0.30600299695299654	1.0	0.2625	0.4158415841584159	21.0	59.0	0.0	80.0	0.2625	1.9352904961401216	0.43447229581040275	0.15300149847649833
CLARK	CAMI_HIGH_S005	8.499815604601594	47484.03874730702	0.30419574678031336	1.0	0.17355371900826447	0.29577464788732394	21.0	100.0	0.0	121.0	0.17355371900826447	1.931345410304147	0.39432596597453107	0.15209787339015673
GOTTCHA	CAMI_HIGH_S005	11.222209111946	10870.414609123356	1.4055729115499886	0.5714285714285714	0.8	0.6666666666666666	12.0	3.0	9.0	15.0	0.5	1.4872056200775257	0.5491794869505058	0.7027864557749945
MEGAN+DIAMOND	CAMI_HIGH_S005	10.122609981615687	9969.557856846048	0.3061508806182449	0.9047619047619048	0.8636363636363636	0.8837209302325582	19.0	3.0	2.0	22.0	0.7916666666666666	2.187595075996353	0.7077208123167649	0.15307544030912248
MetaBinG2	CAMI_HIGH_S005	11.71830376271737	11521.301169099	0.7465171081406963	0.19047619047619047	0.8	0.3076923076923077	4.0	1.0	17.0	5.0	0.18181818181818182	1.2735871389485376	0.7913241816345529	0.37325855407034814
MetaPhlAn2	CAMI_HIGH_S005	9.731944005038178	10883.43782985881	0.9118974206230253	0.5714285714285714	1.0	0.7272727272727273	12.0	0.0	9.0	12.0	0.5714285714285714	1.8949195544652524	0.7625717266388728	0.4559487103115126
mOTUs2	CAMI_HIGH_S005	7.688891863432724	9675.428570034048	0.10198059517901882	0.9523809523809523	0.8695652173913043	0.909090909090909	20.0	3.0	1.0	23.0	0.8333333333333334	2.099900283892279	0.6697190743405692	0.05099029758950942
