tool	sample	Weighted UniFrac error	Unweighted UniFrac error	L1 norm error	Completeness (recall)	Purity (precision)	F1 score	True positives	False positives	False negatives	Taxon counts	Jaccard index	Shannon diversity	Shannon equitability	Bray-Curtis distance
Metalign	CAMI_HIGH_S005	8.679107270789554	13557.969866003139	0.3494170060435913	0.9090909090909091	0.7843137254901961	0.8421052631578948	80.0	22.0	8.0	102.0	0.7272727272727273	3.627156544099652	0.7842546736018426	0.17470850302179558
Bracken+Kraken2	CAMI_HIGH_S005	8.379160698304222	31286.97615548032	0.5900525145391293	0.9545454545454546	0.22281167108753316	0.36129032258064514	84.0	293.0	4.0	377.0	0.2204724409448819	3.747500740394623	0.6037951979703076	0.2950262572695648
CLARK	CAMI_HIGH_S005	8.499815604601626	47484.03874730705	0.6389824665149308	0.9659090909090909	0.17311608961303462	0.2936096718480138	85.0	406.0	3.0	491.0	0.1720647773279352	3.585446667798294	0.5563894534380006	0.31949123325746553
GOTTCHA	CAMI_HIGH_S005	11.222209111946016	10870.41460912336	1.548357030212896	0.4659090909090909	0.8367346938775511	0.5985401459854014	41.0	8.0	47.0	49.0	0.4270833333333333	1.9809225841067746	0.5089964161676372	0.7741785151064482
MEGAN+DIAMOND	CAMI_HIGH_S005	10.122609981615694	9969.557856846046	0.3232155602991638	0.8409090909090909	0.8604651162790697	0.8505747126436781	74.0	12.0	14.0	86.0	0.74	3.747032784695438	0.8412080458672402	0.1616077801495818
MetaPhlAn2	CAMI_HIGH_S005	9.731944005038187	10883.437829858809	1.216280615129148	0.625	0.9649122807017544	0.7586206896551725	55.0	2.0	33.0	57.0	0.6111111111111112	2.974614517003633	0.7357350476034973	0.6081403075645737
mOTUs2	CAMI_HIGH_S005	7.688891863432726	9675.428570034046	0.2680068683098614	0.875	0.8369565217391305	0.8555555555555556	77.0	15.0	11.0	92.0	0.7475728155339806	3.648224971725282	0.806810161413196	0.13400343415493077
