tool	sample	Weighted UniFrac error	Unweighted UniFrac error	L1 norm error	Completeness (recall)	Purity (precision)	F1 score	True positives	False positives	False negatives	Taxon counts	Jaccard index	Shannon diversity	Shannon equitability	Bray-Curtis distance
Metalign	CAMI_HIGH_S005	8.679107270789556	13557.969866003139	0.3494170060435913	0.9090909090909091	0.7843137254901961	0.8421052631578948	80.0	22.0	8.0	102.0	0.7272727272727273	3.627156544099652	0.7842546736018426	0.17470850302179555
Bracken+Kraken2	CAMI_HIGH_S005	8.379160698304206	31286.976155480323	0.5900525145391294	0.9545454545454546	0.22281167108753316	0.36129032258064514	84.0	293.0	4.0	377.0	0.2204724409448819	3.747500740394616	0.6037951979703065	0.2950262572695649
CLARK	CAMI_HIGH_S005	8.499815604601594	47484.03874730702	0.6389824665149311	0.9659090909090909	0.17311608961303462	0.2936096718480138	85.0	406.0	3.0	491.0	0.1720647773279352	3.5854466677982932	0.5563894534380004	0.3194912332574656
GOTTCHA	CAMI_HIGH_S005	11.222209111946	10870.414609123356	1.5483570302128962	0.4659090909090909	0.8367346938775511	0.5985401459854014	41.0	8.0	47.0	49.0	0.4270833333333333	1.9809225841067748	0.5089964161676374	0.7741785151064481
MEGAN+DIAMOND	CAMI_HIGH_S005	10.122609981615687	9969.557856846048	0.3232155602991638	0.8409090909090909	0.8604651162790697	0.8505747126436781	74.0	12.0	14.0	86.0	0.74	3.7470327846954374	0.8412080458672401	0.1616077801495818
MetaBinG2	CAMI_HIGH_S005	11.71830376271737	11521.301169099	1.54782091394273	0.045454545454545456	0.8	0.08602150537634409	4.0	1.0	84.0	5.0	0.0449438202247191	1.120534570180976	0.6962272738351795	0.7739104569713646
MetaPhlAn2	CAMI_HIGH_S005	9.731944005038178	10883.43782985881	1.2162806151291479	0.625	0.9649122807017544	0.7586206896551725	55.0	2.0	33.0	57.0	0.6111111111111112	2.9746145170036327	0.7357350476034973	0.6081403075645738
mOTUs2	CAMI_HIGH_S005	7.688891863432724	9675.428570034048	0.26800686830986153	0.875	0.8369565217391305	0.8555555555555556	77.0	15.0	11.0	92.0	0.7475728155339806	3.648224971725281	0.8068101614131957	0.13400343415493074
