tool	sample	Weighted UniFrac error	Unweighted UniFrac error	L1 norm error	Completeness (recall)	Purity (precision)	F1 score	True positives	False positives	False negatives	Taxon counts	Jaccard index	Shannon diversity	Shannon equitability	Bray-Curtis distance
Metalign	CAMI_HIGH_S005	8.679107270789554	13557.969866003139	0.48419472246821443	0.8608247422680413	0.7522522522522522	0.8028846153846154	167.0	55.0	27.0	222.0	0.6706827309236948	4.398052423629315	0.8140505369404798	0.2420973612341071
Bracken+Kraken2	CAMI_HIGH_S005	8.379160698304222	31286.97615548032	1.012619595625173	0.6443298969072165	0.10080645161290322	0.17433751743375173	125.0	1115.0	69.0	1240.0	0.09549274255156608	4.792703414830687	0.6340798833633998	0.50630979781259
CLARK	CAMI_HIGH_S005	8.499815604601626	47484.03874730705	1.0270182926975597	0.634020618556701	0.0825503355704698	0.1460807600950119	123.0	1367.0	71.0	1490.0	0.07879564381806534	4.533164823924839	0.6051410782911084	0.5135091463487681
GOTTCHA	CAMI_HIGH_S005	11.222209111946016	10870.41460912336	1.7818150332222864	0.24742268041237114	0.6575342465753424	0.3595505617977528	48.0	25.0	146.0	73.0	0.2191780821917808	2.1690692022694216	0.5055563936735048	0.8909075166111431
MEGAN+DIAMOND	CAMI_HIGH_S005	10.122609981615694	9969.557856846046	0.49598542147666413	0.7525773195876289	0.9012345679012346	0.8202247191011236	146.0	16.0	48.0	162.0	0.6952380952380952	4.401646390758633	0.8651720971407574	0.24799271073833226
MetaPhlAn2	CAMI_HIGH_S005	9.731944005038187	10883.437829858809	1.5266592867314424	0.30927835051546393	0.7407407407407407	0.43636363636363634	60.0	21.0	134.0	81.0	0.27906976744186046	3.106641631221552	0.7069467689524604	0.7633296433657207
mOTUs2	CAMI_HIGH_S005	7.688891863432726	9675.428570034046	0.35048768589984425	0.8195876288659794	0.8594594594594595	0.8390501319261213	159.0	26.0	35.0	185.0	0.7227272727272728	4.4468867325634225	0.8518359440559213	0.17524384294992212
