tool	sample	Weighted UniFrac error	Unweighted UniFrac error	L1 norm error	Completeness (recall)	Purity (precision)	F1 score	True positives	False positives	False negatives	Taxon counts	Jaccard index	Shannon diversity	Shannon equitability	Bray-Curtis distance
Metalign	CAMI_HIGH_S005	8.679107270789554	13557.969866003139	0.7254159070599963	0.925	0.6607142857142857	0.7708333333333333	37.0	19.0	3.0	56.0	0.6271186440677966	2.992472133780909	0.7434063812780527	0.36270795352999796
Bracken+Kraken2	CAMI_HIGH_S005	8.379160698304222	31286.97615548032	0.8768791749400332	1.0	0.22346368715083798	0.365296803652968	40.0	139.0	0.0	179.0	0.22346368715083798	3.00908768894431	0.5723424322832499	0.43843958747001704
CLARK	CAMI_HIGH_S005	8.499815604601626	47484.03874730705	0.910508939961124	1.0	0.1568627450980392	0.2711864406779661	40.0	215.0	0.0	255.0	0.1568627450980392	2.9077806574495533	0.5030115329465543	0.45525446998056207
GOTTCHA	CAMI_HIGH_S005	11.222209111946016	10870.41460912336	1.2961316025623821	0.575	0.7419354838709677	0.6478873239436619	23.0	8.0	17.0	31.0	0.4791666666666667	2.0738198278938715	0.6039101791600289	0.648065801281191
MEGAN+DIAMOND	CAMI_HIGH_S005	10.122609981615694	9969.557856846046	0.6748107619512053	0.875	0.7142857142857143	0.7865168539325842	35.0	14.0	5.0	49.0	0.6481481481481481	3.074201237575672	0.789913460050587	0.33740538097560263
MetaPhlAn2	CAMI_HIGH_S005	9.731944005038187	10883.437829858809	0.9944622183175852	0.7	1.0	0.8235294117647058	28.0	0.0	12.0	28.0	0.7	2.542732675339909	0.7630782167107188	0.4972311091587925
mOTUs2	CAMI_HIGH_S005	7.688891863432726	9675.428570034046	0.6117401822822258	0.9	0.72	0.7999999999999999	36.0	14.0	4.0	50.0	0.6666666666666666	2.967684951590962	0.7586062115363679	0.3058700911411129
