tool	sample	Weighted UniFrac error	Unweighted UniFrac error	L1 norm error	Completeness (recall)	Purity (precision)	F1 score	True positives	False positives	False negatives	Taxon counts	Jaccard index	Shannon diversity	Shannon equitability	Bray-Curtis distance
Metalign	CAMI_HIGH_S005	8.679107270789556	13557.969866003139	0.7254159070599958	0.925	0.6607142857142857	0.7708333333333333	37.0	19.0	3.0	56.0	0.6271186440677966	2.9924721337809084	0.7434063812780526	0.3627079535299981
Bracken+Kraken2	CAMI_HIGH_S005	8.379160698304206	31286.976155480323	0.876879174940034	1.0	0.22346368715083798	0.365296803652968	40.0	139.0	0.0	179.0	0.22346368715083798	3.0090876889443097	0.5723424322832498	0.43843958747001704
CLARK	CAMI_HIGH_S005	8.499815604601594	47484.03874730702	0.9105089399611238	1.0	0.1568627450980392	0.2711864406779661	40.0	215.0	0.0	255.0	0.1568627450980392	2.9077806574495533	0.5030115329465543	0.45525446998056207
GOTTCHA	CAMI_HIGH_S005	11.222209111946	10870.414609123356	1.2961316025623821	0.575	0.7419354838709677	0.6478873239436619	23.0	8.0	17.0	31.0	0.4791666666666667	2.073819827893872	0.6039101791600291	0.6480658012811912
MEGAN+DIAMOND	CAMI_HIGH_S005	10.122609981615687	9969.557856846048	0.6748107619512053	0.875	0.7142857142857143	0.7865168539325842	35.0	14.0	5.0	49.0	0.6481481481481481	3.0742012375756738	0.7899134600505875	0.33740538097560263
MetaBinG2	CAMI_HIGH_S005	11.71830376271737	11521.301169099	1.6055032861515846	0.1	0.6666666666666666	0.1739130434782609	4.0	2.0	36.0	6.0	0.09523809523809523	1.3286523447778629	0.7415349926127569	0.8027516430757924
MetaPhlAn2	CAMI_HIGH_S005	9.731944005038178	10883.43782985881	0.994462218317585	0.7	1.0	0.8235294117647058	28.0	0.0	12.0	28.0	0.7	2.5427326753399084	0.7630782167107187	0.49723110915879254
mOTUs2	CAMI_HIGH_S005	7.688891863432724	9675.428570034048	0.6117401822822259	0.9	0.72	0.7999999999999999	36.0	14.0	4.0	50.0	0.6666666666666666	2.967684951590961	0.7586062115363676	0.3058700911411129
