tool	sample	Weighted UniFrac error	Unweighted UniFrac error	L1 norm error	Completeness (recall)	Purity (precision)	F1 score	True positives	False positives	False negatives	Taxon counts	Jaccard index	Shannon diversity	Shannon equitability	Bray-Curtis distance
Metalign	CAMI_HIGH_S005	8.679107270789554	13557.969866003139	0.08906407947006598	0.9166666666666666	0.8461538461538461	0.8799999999999999	11.0	2.0	1.0	13.0	0.7857142857142857	1.2186729525230295	0.4751255415542076	0.044532039735032995
Bracken+Kraken2	CAMI_HIGH_S005	8.379160698304222	31286.97615548032	0.21771995581733658	1.0	0.2926829268292683	0.45283018867924524	12.0	29.0	0.0	41.0	0.2926829268292683	1.167402888843169	0.30667359976891617	0.1088599779086683
CLARK	CAMI_HIGH_S005	8.499815604601626	47484.03874730705	0.2159706693177227	1.0	0.23076923076923078	0.375	12.0	40.0	0.0	52.0	0.23076923076923078	1.1365733064540773	0.28362336095298823	0.10798533465886134
GOTTCHA	CAMI_HIGH_S005	11.222209111946016	10870.41460912336	0.6969105362457164	0.4166666666666667	1.0	0.5882352941176471	5.0	0.0	7.0	5.0	0.4166666666666667	0.9396194042054373	0.5838183610229268	0.34845526812285815
MEGAN+DIAMOND	CAMI_HIGH_S005	10.122609981615694	9969.557856846046	0.1723284896117531	0.9166666666666666	1.0	0.9565217391304348	11.0	0.0	1.0	11.0	0.9166666666666666	1.2934922913389357	0.5394281835459043	0.08616424480587657
MetaPhlAn2	CAMI_HIGH_S005	9.731944005038187	10883.437829858809	0.4968061322959323	0.5	1.0	0.6666666666666666	6.0	0.0	6.0	6.0	0.5	1.0594629935646704	0.5912975551462383	0.24840306614796615
mOTUs2	CAMI_HIGH_S005	7.688891863432726	9675.428570034046	0.0551181530584929	0.9166666666666666	1.0	0.9565217391304348	11.0	0.0	1.0	11.0	0.9166666666666666	1.3035800776041913	0.5436351171762804	0.02755907652924645
