tool	sample	Weighted UniFrac error	Unweighted UniFrac error	L1 norm error	Completeness (recall)	Purity (precision)	F1 score	True positives	False positives	False negatives	Taxon counts	Jaccard index	Shannon diversity	Shannon equitability	Bray-Curtis distance
Metalign	CAMI_HIGH_S005	8.679107270789556	13557.969866003139	0.08906407947006598	0.9166666666666666	0.8461538461538461	0.8799999999999999	11.0	2.0	1.0	13.0	0.7857142857142857	1.2186729525230295	0.4751255415542076	0.04453203973503299
Bracken+Kraken2	CAMI_HIGH_S005	8.379160698304206	31286.976155480323	0.2177199558173365	1.0	0.2926829268292683	0.45283018867924524	12.0	29.0	0.0	41.0	0.2926829268292683	1.1674028888431693	0.3066735997689163	0.10885997790866828
CLARK	CAMI_HIGH_S005	8.499815604601594	47484.03874730702	0.21597066931772274	1.0	0.23076923076923078	0.375	12.0	40.0	0.0	52.0	0.23076923076923078	1.136573306454077	0.2836233609529882	0.10798533465886134
GOTTCHA	CAMI_HIGH_S005	11.222209111946	10870.414609123356	0.6969105362457162	0.4166666666666667	1.0	0.5882352941176471	5.0	0.0	7.0	5.0	0.4166666666666667	0.9396194042054373	0.5838183610229268	0.3484552681228582
MEGAN+DIAMOND	CAMI_HIGH_S005	10.122609981615687	9969.557856846048	0.1723284896117531	0.9166666666666666	1.0	0.9565217391304348	11.0	0.0	1.0	11.0	0.9166666666666666	1.293492291338936	0.5394281835459044	0.08616424480587655
MetaBinG2	CAMI_HIGH_S005	11.71830376271737	11521.301169099	0.3454123896569444	0.25	1.0	0.4	3.0	0.0	9.0	3.0	0.25	1.0064274417746417	0.9160897362569762	0.1727061948284722
MetaPhlAn2	CAMI_HIGH_S005	9.731944005038178	10883.43782985881	0.49680613229593235	0.5	1.0	0.6666666666666666	6.0	0.0	6.0	6.0	0.5	1.0594629935646704	0.5912975551462383	0.24840306614796615
mOTUs2	CAMI_HIGH_S005	7.688891863432724	9675.428570034048	0.05511815305849291	0.9166666666666666	1.0	0.9565217391304348	11.0	0.0	1.0	11.0	0.9166666666666666	1.3035800776041913	0.5436351171762804	0.02755907652924645
