tool	sample	Weighted UniFrac error	Unweighted UniFrac error	L1 norm error	Completeness (recall)	Purity (precision)	F1 score	True positives	False positives	False negatives	Taxon counts	Jaccard index	Shannon diversity	Shannon equitability	Bray-Curtis distance
Metalign	CAMI_HIGH_S005	8.679107270789554	13557.969866003139	1.7735581097595665	0.6460905349794238	0.1064406779661017	0.18277066356228172	157.0	1318.0	86.0	1475.0	0.1005765534913517	6.294899010012832	0.8627388249720974	0.8867790548797835
Bracken+Kraken2	CAMI_HIGH_S005	8.379160698304222	31286.97615548032	1.9684852851947718	0.06584362139917696	0.0038489295164782296	0.007272727272727273	16.0	4141.0	227.0	4157.0	0.0036496350364963502	6.547868742605245	0.7382189015858768	0.9842426425973698
CLARK	CAMI_HIGH_S005	8.499815604601626	47484.03874730705	1.9667913442235132	0.07407407407407407	0.00348297213622291	0.006653114026982074	18.0	5150.0	225.0	5168.0	0.0033376599295382903	6.1010722627039025	0.7044911429353259	0.983395672111739
GOTTCHA	CAMI_HIGH_S005	11.222209111946016	10870.41460912336	1.989723706774847	0.00823045267489712	0.019801980198019802	0.011627906976744186	2.0	99.0	241.0	101.0	0.005847953216374269	2.1565262482356076	0.4672740918392322	0.9948618533874232
MEGAN+DIAMOND	CAMI_HIGH_S005	10.122609981615694	9969.557856846046	1.8268644013753954	0.37448559670781895	0.5947712418300654	0.45959595959595956	91.0	62.0	152.0	153.0	0.2983606557377049	4.756157210752144	0.9454757786645401	0.9134322006876978
MetaPhlAn2	CAMI_HIGH_S005	9.731944005038187	10883.437829858809	1.9672414322656926	0.0205761316872428	0.09803921568627451	0.034013605442176874	5.0	46.0	238.0	51.0	0.01730103806228374	2.395575388845321	0.6092781350493025	0.9836207161328469
mOTUs2	CAMI_HIGH_S005	7.688891863432726	9675.428570034046	1.8254928494475433	0.5020576131687243	0.41496598639455784	0.45437616387337065	122.0	172.0	121.0	294.0	0.29397590361445786	5.253217187415837	0.9242796621952998	0.9127464247237725
