tool	sample	Weighted UniFrac error	Unweighted UniFrac error	L1 norm error	Completeness (recall)	Purity (precision)	F1 score	True positives	False positives	False negatives	Taxon counts	Jaccard index	Shannon diversity	Shannon equitability	Bray-Curtis distance
Metalign	CAMI_HIGH_S005	8.679107270789556	13557.969866003139	1.7735581097595692	0.6460905349794238	0.1064406779661017	0.18277066356228172	157.0	1318.0	86.0	1475.0	0.1005765534913517	6.294899010012833	0.8627388249720976	0.8867790548797836
Bracken+Kraken2	CAMI_HIGH_S005	8.379160698304206	31286.976155480323	1.9684852851947698	0.06584362139917696	0.0038489295164782296	0.007272727272727273	16.0	4141.0	227.0	4157.0	0.0036496350364963502	6.547868742605268	0.7382189015858793	0.9842426425973699
CLARK	CAMI_HIGH_S005	8.499815604601594	47484.03874730702	1.9667913442235092	0.07407407407407407	0.00348297213622291	0.006653114026982074	18.0	5150.0	225.0	5168.0	0.0033376599295382903	6.101072262703898	0.7044911429353253	0.983395672111739
GOTTCHA	CAMI_HIGH_S005	11.222209111946	10870.414609123356	1.9897237067748477	0.00823045267489712	0.019801980198019802	0.011627906976744186	2.0	99.0	241.0	101.0	0.005847953216374269	2.1565262482356067	0.467274091839232	0.9948618533874232
MEGAN+DIAMOND	CAMI_HIGH_S005	10.122609981615687	9969.557856846048	1.8268644013753947	0.37448559670781895	0.5947712418300654	0.45959595959595956	91.0	62.0	152.0	153.0	0.2983606557377049	4.756157210752143	0.94547577866454	0.9134322006876976
MetaBinG2	CAMI_HIGH_S005	11.71830376271737	11521.301169099	1.994866125410259	0.00411522633744856	0.14285714285714285	0.008	1.0	6.0	242.0	7.0	0.004016064257028112	1.5688691248068063	0.8062392426332993	0.9974330627051304
MetaPhlAn2	CAMI_HIGH_S005	9.731944005038178	10883.43782985881	1.967241432265693	0.0205761316872428	0.09803921568627451	0.034013605442176874	5.0	46.0	238.0	51.0	0.01730103806228374	2.3955753888453217	0.6092781350493027	0.9836207161328467
mOTUs2	CAMI_HIGH_S005	7.688891863432724	9675.428570034048	1.8254928494475442	0.5020576131687243	0.41496598639455784	0.45437616387337065	122.0	172.0	121.0	294.0	0.29397590361445786	5.253217187415834	0.9242796621952993	0.9127464247237725
