tool	sample	Weighted UniFrac error	Unweighted UniFrac error	L1 norm error	Completeness (recall)	Purity (precision)	F1 score	True positives	False positives	False negatives	Taxon counts	Jaccard index	Shannon diversity	Shannon equitability	Bray-Curtis distance
Metalign	CAMI_HIGH_S005	8.679107270789554	13557.969866003139	1.9397327232073236	0.056797020484171325	0.04135593220338983	0.047861906630051	61.0	1414.0	1013.0	1475.0	0.02451768488745981	6.294899010012838	0.8627388249720982	0.9698663616036609
Bracken+Kraken2	CAMI_HIGH_S005	8.379160698304222	31286.97615548032	na	0.0	0.0	na	0.0	0.0	1074.0	0.0	0.0	na	na	na
CLARK	CAMI_HIGH_S005	8.499815604601626	47484.03874730705	na	0.0	0.0	na	0.0	0.0	1074.0	0.0	0.0	na	na	na
GOTTCHA	CAMI_HIGH_S005	11.222209111946016	10870.41460912336	na	0.0	0.0	na	0.0	0.0	1074.0	0.0	0.0	na	na	na
MEGAN+DIAMOND	CAMI_HIGH_S005	10.122609981615694	9969.557856846046	2.0000000000000027	0.0	0.0	na	0.0	57.0	1074.0	57.0	0.0	3.228304593197584	0.7984822302109112	1.0
MetaPhlAn2	CAMI_HIGH_S005	9.731944005038187	10883.437829858809	na	0.0	0.0	na	0.0	0.0	1074.0	0.0	0.0	na	na	na
mOTUs2	CAMI_HIGH_S005	7.688891863432726	9675.428570034046	na	0.0	0.0	na	0.0	0.0	1074.0	0.0	0.0	na	na	na
