tool	sample	Weighted UniFrac error	Unweighted UniFrac error	L1 norm error	Completeness (recall)	Purity (precision)	F1 score	True positives	False positives	False negatives	Taxon counts	Jaccard index	Shannon diversity	Shannon equitability	Bray-Curtis distance
Metalign	CAMI_HIGH_S005	8.679107270789556	13557.969866003139	1.939732723207324	0.056797020484171325	0.04135593220338983	0.047861906630051	61.0	1414.0	1013.0	1475.0	0.02451768488745981	6.294899010012841	0.8627388249720986	0.9698663616036608
Bracken+Kraken2	CAMI_HIGH_S005	8.379160698304206	31286.976155480323	na	0.0	0.0	na	0.0	0.0	1074.0	0.0	0.0	na	na	na
CLARK	CAMI_HIGH_S005	8.499815604601594	47484.03874730702	na	0.0	0.0	na	0.0	0.0	1074.0	0.0	0.0	na	na	na
GOTTCHA	CAMI_HIGH_S005	11.222209111946	10870.414609123356	na	0.0	0.0	na	0.0	0.0	1074.0	0.0	0.0	na	na	na
MEGAN+DIAMOND	CAMI_HIGH_S005	10.122609981615687	9969.557856846048	2.000000000000001	0.0	0.0	na	0.0	57.0	1074.0	57.0	0.0	3.2283045931975844	0.7984822302109114	1.0
MetaBinG2	CAMI_HIGH_S005	11.71830376271737	11521.301169099	2.0000000000000013	0.0	0.0	na	0.0	7.0	1074.0	7.0	0.0	1.568869124806806	0.8062392426332992	1.0
MetaPhlAn2	CAMI_HIGH_S005	9.731944005038178	10883.43782985881	na	0.0	0.0	na	0.0	0.0	1074.0	0.0	0.0	na	na	na
mOTUs2	CAMI_HIGH_S005	7.688891863432724	9675.428570034048	na	0.0	0.0	na	0.0	0.0	1074.0	0.0	0.0	na	na	na
