tool	sample	Weighted UniFrac error	Unweighted UniFrac error	L1 norm error	Completeness (recall)	Purity (precision)	F1 score	True positives	False positives	False negatives	Taxon counts	Jaccard index	Shannon diversity	Shannon equitability	Bray-Curtis distance
Metalign	CAMI_HIGH_S005	8.679107270789554	13557.969866003139	0.05667181150745792	1.0	0.5	0.6666666666666666	2.0	2.0	0.0	4.0	0.5	0.17206211596246507	0.12411658071195505	0.02833590575372896
Bracken+Kraken2	CAMI_HIGH_S005	8.379160698304222	31286.97615548032	0.010098674156320651	1.0	0.5	0.6666666666666666	2.0	2.0	0.0	4.0	0.5	0.10707692737099349	0.07723967605588002	0.005049337078160326
CLARK	CAMI_HIGH_S005	8.499815604601626	47484.03874730705	0.027819680262720164	1.0	0.5	0.6666666666666666	2.0	2.0	0.0	4.0	0.5	0.13381758435793709	0.09652898266846818	0.013909840131360082
GOTTCHA	CAMI_HIGH_S005	11.222209111946016	10870.41460912336	0.35783070930134303	1.0	1.0	1.0	2.0	0.0	0.0	2.0	1.0	0.4918371337058464	0.7095709937224667	0.17891535465067152
MEGAN+DIAMOND	CAMI_HIGH_S005	10.122609981615694	9969.557856846046	0.015950525047687413	1.0	1.0	1.0	2.0	0.0	0.0	2.0	1.0	0.04178365520646121	0.06028107215657591	0.007975262523843707
MetaPhlAn2	CAMI_HIGH_S005	9.731944005038187	10883.437829858809	0.18618767495231256	1.0	1.0	1.0	2.0	0.0	0.0	2.0	1.0	0.34249126484843906	0.4941104493446316	0.0930938374761563
mOTUs2	CAMI_HIGH_S005	7.688891863432726	9675.428570034046	0.0062065156271248	1.0	1.0	1.0	2.0	0.0	0.0	2.0	1.0	0.06450384082463159	0.09305937127598707	0.0031032578135624
