tool	sample	Weighted UniFrac error	Unweighted UniFrac error	L1 norm error	Completeness (recall)	Purity (precision)	F1 score	True positives	False positives	False negatives	Taxon counts	Jaccard index	Shannon diversity	Shannon equitability	Bray-Curtis distance
Metalign	CAMI_HIGH_S003	8.645350159320063	8479.012650268141	0.19208878724641917	0.9523809523809523	0.8333333333333334	0.888888888888889	20.0	4.0	1.0	24.0	0.8	2.1196509084210815	0.6669650740903321	0.0960443936232096
Bracken_custom	CAMI_HIGH_S003	7.612074733058905	7868.470373801015	0.12563713398218562	0.9523809523809523	0.7692307692307693	0.8510638297872339	20.0	6.0	1.0	26.0	0.7407407407407407	2.1411509819459473	0.6571784957747712	0.06281856699109281
Bracken_original	CAMI_HIGH_S003	8.408759114464239	13342.69585065435	0.3393052505200085	1.0	0.5384615384615384	0.7000000000000001	21.0	18.0	0.0	39.0	0.5384615384615384	1.9628104210038047	0.5357656320803028	0.16965262526000427
