tool	sample	Weighted UniFrac error	Unweighted UniFrac error	L1 norm error	Completeness (recall)	Purity (precision)	F1 score	True positives	False positives	False negatives	Taxon counts	Jaccard index	Shannon diversity	Shannon equitability	Bray-Curtis distance
Metalign	CAMI_HIGH_S003	8.645350159320063	8479.012650268141	0.33124033908803446	0.8977272727272727	0.8315789473684211	0.8633879781420765	79.0	16.0	9.0	95.0	0.7596153846153846	3.6560292108378176	0.8028388333424713	0.16562016954401731
Bracken_custom	CAMI_HIGH_S003	7.612074733058905	7868.470373801015	0.2596272538057653	0.9204545454545454	0.7431192660550459	0.8223350253807107	81.0	28.0	7.0	109.0	0.6982758620689655	3.7527388576613707	0.7999276437965238	0.12981362690288262
Bracken_original	CAMI_HIGH_S003	8.408759114464239	13342.69585065435	0.6080105867740585	0.8977272727272727	0.4114583333333333	0.5642857142857143	79.0	113.0	9.0	192.0	0.39303482587064675	3.754989694623259	0.714216452686098	0.30400529338702953
