tool	sample	Weighted UniFrac error	Unweighted UniFrac error	L1 norm error	Completeness (recall)	Purity (precision)	F1 score	True positives	False positives	False negatives	Taxon counts	Jaccard index	Shannon diversity	Shannon equitability	Bray-Curtis distance
Metalign	CAMI_HIGH_S003	8.645350159320063	8479.012650268141	0.497761379238723	0.8608247422680413	0.8391959798994975	0.8498727735368957	167.0	32.0	27.0	199.0	0.7389380530973452	4.438369853974843	0.8384874857846208	0.24888068961936136
Bracken_custom	CAMI_HIGH_S003	7.612074733058905	7868.470373801015	0.42001972035523183	0.8969072164948454	0.7280334728033473	0.8036951501154734	174.0	65.0	20.0	239.0	0.6718146718146718	4.511048313784053	0.8237155731992477	0.21000986017761591
Bracken_original	CAMI_HIGH_S003	8.408759114464239	13342.69585065435	1.0272042041789016	0.6082474226804123	0.24279835390946503	0.34705882352941175	118.0	368.0	76.0	486.0	0.2099644128113879	4.712072866424729	0.7617061035121864	0.5136021020894519
