tool	sample	Weighted UniFrac error	Unweighted UniFrac error	L1 norm error	Completeness (recall)	Purity (precision)	F1 score	True positives	False positives	False negatives	Taxon counts	Jaccard index	Shannon diversity	Shannon equitability	Bray-Curtis distance
Metalign	CAMI_HIGH_S003	8.645350159320063	8479.012650268141	0.7208513908260998	0.925	0.7254901960784313	0.8131868131868133	37.0	14.0	3.0	51.0	0.6851851851851852	2.959613138327504	0.7527325509287185	0.36042569541305014
Bracken_custom	CAMI_HIGH_S003	7.612074733058905	7868.470373801015	0.6437303414425658	0.925	0.6491228070175439	0.7628865979381444	37.0	20.0	3.0	57.0	0.6166666666666667	3.031554358868618	0.7498184311900432	0.32186517072128296
Bracken_original	CAMI_HIGH_S003	8.408759114464239	13342.69585065435	0.8786432755332229	1.0	0.40404040404040403	0.5755395683453237	40.0	59.0	0.0	99.0	0.40404040404040403	3.003108223219458	0.6535429588700494	0.43932163776661126
