tool	sample	Weighted UniFrac error	Unweighted UniFrac error	L1 norm error	Completeness (recall)	Purity (precision)	F1 score	True positives	False positives	False negatives	Taxon counts	Jaccard index	Shannon diversity	Shannon equitability	Bray-Curtis distance
Metalign	CAMI_HIGH_S003	8.645350159320063	8479.012650268141	0.08564783752858104	0.9166666666666666	1.0	0.9565217391304348	11.0	0.0	1.0	11.0	0.9166666666666666	1.2351511065045182	0.5150980197158832	0.04282391876429053
Bracken_custom	CAMI_HIGH_S003	7.612074733058905	7868.470373801015	0.04261490355101339	0.9166666666666666	0.7333333333333333	0.8148148148148148	11.0	4.0	1.0	15.0	0.6875	1.2829018967674977	0.4737363791281789	0.021307451775506685
Bracken_original	CAMI_HIGH_S003	8.408759114464239	13342.69585065435	0.24219775010454364	0.9166666666666666	0.55	0.6874999999999999	11.0	9.0	1.0	20.0	0.5238095238095238	1.1759833325194728	0.39255288027602797	0.12109887505227183
