tool	sample	Weighted UniFrac error	Unweighted UniFrac error	L1 norm error	Completeness (recall)	Purity (precision)	F1 score	True positives	False positives	False negatives	Taxon counts	Jaccard index	Shannon diversity	Shannon equitability	Bray-Curtis distance
Metalign	CAMI_HIGH_S003	8.645350159320063	8479.012650268141	1.7622122990052622	0.6502057613168725	0.2	0.3059051306873185	158.0	632.0	85.0	790.0	0.18057142857142858	6.221114063590353	0.93241656844973	0.8811061495026307
Bracken_custom	CAMI_HIGH_S003	7.612074733058905	7868.470373801015	1.7838905865535424	0.6255144032921811	0.23974763406940064	0.34663625997719494	152.0	482.0	91.0	634.0	0.2096551724137931	5.741725859168911	0.8899073611678335	0.8919452932767712
Bracken_original	CAMI_HIGH_S003	8.408759114464239	13342.69585065435	1.9662707663258874	0.06584362139917696	0.010876954452753228	0.01866977829638273	16.0	1455.0	227.0	1471.0	0.009422850412249705	6.206854901218061	0.8509887767471455	0.9831353831629451
