tool	sample	Weighted UniFrac error	Unweighted UniFrac error	L1 norm error	Completeness (recall)	Purity (precision)	F1 score	True positives	False positives	False negatives	Taxon counts	Jaccard index	Shannon diversity	Shannon equitability	Bray-Curtis distance
Metalign	CAMI_HIGH_S001	8.618576492549849	8639.033036499652	0.17780037117546932	0.8571428571428571	0.8181818181818182	0.8372093023255814	18.0	4.0	3.0	22.0	0.72	2.0904999200806342	0.6763090289521501	0.08890018558773465
Bracken+Kraken2	CAMI_HIGH_S001	8.327501745170533	13320.700448198104	0.3103353745687901	1.0	0.5384615384615384	0.7000000000000001	21.0	18.0	0.0	39.0	0.5384615384615384	1.9223232219873825	0.5247143101899793	0.15516768728439506
CLARK	CAMI_HIGH_S001	8.388599167956329	9375.629298253984	0.3010927345748308	0.6190476190476191	0.8666666666666667	0.7222222222222222	13.0	2.0	8.0	15.0	0.5652173913043478	1.8964573451616296	0.7003036148996602	0.15054636728741536
GOTTCHA	CAMI_HIGH_S001	11.880811965304044	10925.150273529749	1.5081600277080731	0.5714285714285714	0.8	0.6666666666666666	12.0	3.0	9.0	15.0	0.5	1.042363086856156	0.38491276359348925	0.7540800138540363
MEGAN+DIAMOND	CAMI_HIGH_S001	10.10640561316688	10218.342662459185	0.3263579038391462	0.8095238095238095	0.8947368421052632	0.8500000000000001	17.0	2.0	4.0	19.0	0.7391304347826086	2.223106351534554	0.7550186528789627	0.16317895191957307
MetaBinG2	CAMI_HIGH_S001	11.514055883275935	11500.286724218882	0.6484461646992713	0.23809523809523808	0.8333333333333334	0.37037037037037035	5.0	1.0	16.0	6.0	0.22727272727272727	1.5784080858255272	0.8809263257336398	0.3242230823496356
MetaPhlAn2	CAMI_HIGH_S001	9.646791777605259	10960.959611184378	0.8893149522111536	0.6190476190476191	1.0	0.7647058823529412	13.0	0.0	8.0	13.0	0.6190476190476191	1.8425118647227345	0.7183423950897105	0.44465747610557677
mOTUs2	CAMI_HIGH_S001	7.668802241376557	9323.694941063739	0.07505530373707811	0.9523809523809523	0.8695652173913043	0.909090909090909	20.0	3.0	1.0	23.0	0.8333333333333334	2.1130338873033234	0.6739077611971171	0.037527651868539055
