tool	sample	Weighted UniFrac error	Unweighted UniFrac error	L1 norm error	Completeness (recall)	Purity (precision)	F1 score	True positives	False positives	False negatives	Taxon counts	Jaccard index	Shannon diversity	Shannon equitability	Bray-Curtis distance
Metalign	CAMI_HIGH_S001	8.618576492549849	8639.033036499652	0.3269195884340573	0.875	0.8651685393258427	0.8700564971751412	77.0	12.0	11.0	89.0	0.77	3.6111865791182822	0.8045175152679567	0.16345979421702853
Bracken+Kraken2	CAMI_HIGH_S001	8.327501745170533	13320.700448198104	0.6090504255445003	0.8977272727272727	0.42245989304812837	0.5745454545454545	79.0	108.0	9.0	187.0	0.4030612244897959	3.7621053058035505	0.7191793520941392	0.3045252127722501
CLARK	CAMI_HIGH_S001	8.388599167956329	9375.629298253984	0.6192937397477197	0.625	0.6626506024096386	0.6432748538011697	55.0	28.0	33.0	83.0	0.47413793103448276	3.5593554750281333	0.8054953303244317	0.30964686987386
GOTTCHA	CAMI_HIGH_S001	11.880811965304044	10925.150273529749	1.6780214687209067	0.4090909090909091	0.8181818181818182	0.5454545454545455	36.0	8.0	52.0	44.0	0.375	1.25223851054935	0.33091325533090304	0.8390107343604533
MEGAN+DIAMOND	CAMI_HIGH_S001	10.10640561316688	10218.342662459185	0.3535078814027326	0.7386363636363636	0.8783783783783784	0.802469135802469	65.0	9.0	23.0	74.0	0.6701030927835051	3.678220091669775	0.8545921151326075	0.17675394070136624
MetaBinG2	CAMI_HIGH_S001	11.514055883275935	11500.286724218882	1.461392001903976	0.06818181818181818	0.75	0.125	6.0	2.0	82.0	8.0	0.06666666666666667	1.6888677738108502	0.8121737206646991	0.7306960009519876
MetaPhlAn2	CAMI_HIGH_S001	9.646791777605259	10960.959611184378	1.1629286640424317	0.5681818181818182	1.0	0.7246376811594203	50.0	0.0	38.0	50.0	0.5681818181818182	3.033358492811986	0.7753938278489251	0.5814643320212158
mOTUs2	CAMI_HIGH_S001	7.668802241376557	9323.694941063739	0.25385940881490027	0.8636363636363636	0.8539325842696629	0.8587570621468926	76.0	13.0	12.0	89.0	0.7524752475247525	3.6475168466966243	0.8126113470212537	0.1269297044074501
