tool	sample	Weighted UniFrac error	Unweighted UniFrac error	L1 norm error	Completeness (recall)	Purity (precision)	F1 score	True positives	False positives	False negatives	Taxon counts	Jaccard index	Shannon diversity	Shannon equitability	Bray-Curtis distance
Metalign	CAMI_HIGH_S001	8.618576492549849	8639.033036499652	0.43248366585847875	0.8298969072164949	0.8655913978494624	0.8473684210526317	161.0	25.0	33.0	186.0	0.7351598173515982	4.324858827906771	0.8276059093453344	0.21624183292923937
Bracken+Kraken2	CAMI_HIGH_S001	8.327501745170533	13320.700448198104	0.9979918060247308	0.5824742268041238	0.23890063424947147	0.33883058470764615	113.0	360.0	81.0	473.0	0.20397111913357402	4.688266988376472	0.7611940865758217	0.4989959030123658
CLARK	CAMI_HIGH_S001	8.388599167956329	9375.629298253984	0.9681091736935851	0.4793814432989691	0.4696969696969697	0.4744897959183673	93.0	105.0	101.0	198.0	0.3110367892976589	4.271929692094672	0.8078127801223415	0.4840545868467925
GOTTCHA	CAMI_HIGH_S001	11.880811965304044	10925.150273529749	1.8222431444943086	0.211340206185567	0.640625	0.31782945736434104	41.0	23.0	153.0	64.0	0.1889400921658986	1.3256497583118396	0.318751388712024	0.9111215722471552
MEGAN+DIAMOND	CAMI_HIGH_S001	10.10640561316688	10218.342662459185	0.4773296403630885	0.6391752577319587	0.9185185185185185	0.7537993920972644	124.0	11.0	70.0	135.0	0.6048780487804878	4.26826978504847	0.8701387746533646	0.23866482018154436
MetaBinG2	CAMI_HIGH_S001	11.514055883275935	11500.286724218882	1.7291974183091654	0.03608247422680412	0.6363636363636364	0.06829268292682926	7.0	4.0	187.0	11.0	0.03535353535353535	2.029095189234796	0.8461984191940206	0.8645987091545831
MetaPhlAn2	CAMI_HIGH_S001	9.646791777605259	10960.959611184378	1.4561933715167101	0.27319587628865977	0.7794117647058824	0.4045801526717557	53.0	15.0	141.0	68.0	0.2535885167464115	3.1495016931095074	0.7464144903079537	0.7280966857583554
mOTUs2	CAMI_HIGH_S001	7.668802241376557	9323.694941063739	0.31169522687566253	0.8092783505154639	0.8579234972677595	0.8328912466843501	157.0	26.0	37.0	183.0	0.7136363636363636	4.4074737254847545	0.8460476899589754	0.15584761343783127
