tool	sample	Weighted UniFrac error	Unweighted UniFrac error	L1 norm error	Completeness (recall)	Purity (precision)	F1 score	True positives	False positives	False negatives	Taxon counts	Jaccard index	Shannon diversity	Shannon equitability	Bray-Curtis distance
Metalign	CAMI_HIGH_S001	8.618576492549874	8639.033036499652	0.4324836658584785	0.8298969072164949	0.8655913978494624	0.8473684210526317	161.0	25.0	33.0	186.0	0.7351598173515982	4.32485882790677	0.8276059093453342	0.21624183292923943
Bracken+Kraken2	CAMI_HIGH_S001	8.32750174517053	13320.7004481981	0.9979918060247317	0.5824742268041238	0.23890063424947147	0.33883058470764615	113.0	360.0	81.0	473.0	0.20397111913357402	4.688266988376475	0.7611940865758222	0.49899590301236585
CLARK	CAMI_HIGH_S001	8.388599167956329	9375.629298253982	0.968109173693585	0.4793814432989691	0.4696969696969697	0.4744897959183673	93.0	105.0	101.0	198.0	0.3110367892976589	4.271929692094672	0.8078127801223415	0.4840545868467925
GOTTCHA	CAMI_HIGH_S001	11.880811965304053	10925.15027352975	1.8222431444943101	0.211340206185567	0.640625	0.31782945736434104	41.0	23.0	153.0	64.0	0.1889400921658986	1.3256497583118392	0.3187513887120239	0.9111215722471551
MEGAN+DIAMOND	CAMI_HIGH_S001	10.106405613166885	10218.342662459185	0.4773296403630888	0.6391752577319587	0.9185185185185185	0.7537993920972644	124.0	11.0	70.0	135.0	0.6048780487804878	4.268269785048471	0.8701387746533649	0.2386648201815444
MetaPhlAn2	CAMI_HIGH_S001	9.646791777605271	10960.959611184378	1.4561933715167112	0.27319587628865977	0.7794117647058824	0.4045801526717557	53.0	15.0	141.0	68.0	0.2535885167464115	3.149501693109507	0.7464144903079536	0.7280966857583554
mOTUs2	CAMI_HIGH_S001	7.668802241376558	9323.694941063737	0.31169522687566253	0.8092783505154639	0.8579234972677595	0.8328912466843501	157.0	26.0	37.0	183.0	0.7136363636363636	4.407473725484756	0.8460476899589757	0.15584761343783127
