tool	sample	Weighted UniFrac error	Unweighted UniFrac error	L1 norm error	Completeness (recall)	Purity (precision)	F1 score	True positives	False positives	False negatives	Taxon counts	Jaccard index	Shannon diversity	Shannon equitability	Bray-Curtis distance
Metalign	CAMI_HIGH_S001	8.618576492549849	8639.033036499652	0.7058273795079658	0.85	0.6938775510204082	0.7640449438202247	34.0	15.0	6.0	49.0	0.6181818181818182	2.897310801665265	0.7444616091528766	0.3529136897539828
Bracken+Kraken2	CAMI_HIGH_S001	8.327501745170533	13320.700448198104	0.8615745801518101	1.0	0.40404040404040403	0.5755395683453237	40.0	59.0	0.0	99.0	0.40404040404040403	2.95892733857287	0.6439282184307344	0.430787290075905
CLARK	CAMI_HIGH_S001	8.388599167956329	9375.629298253984	0.8480831649168785	0.7	0.6511627906976745	0.674698795180723	28.0	15.0	12.0	43.0	0.509090909090909	2.824200152787376	0.7508773970848918	0.4240415824584392
GOTTCHA	CAMI_HIGH_S001	11.880811965304044	10925.150273529749	1.2394727335482205	0.525	0.75	0.6176470588235295	21.0	7.0	19.0	28.0	0.44680851063829785	2.2152572279844565	0.6648023016654463	0.6197363667741103
MEGAN+DIAMOND	CAMI_HIGH_S001	10.10640561316688	10218.342662459185	0.6646832219097014	0.8	0.7272727272727273	0.761904761904762	32.0	12.0	8.0	44.0	0.6153846153846154	3.0206999931395284	0.7982422355540906	0.33234161095485065
MetaBinG2	CAMI_HIGH_S001	11.514055883275935	11500.286724218882	1.531621582438624	0.125	0.625	0.20833333333333334	5.0	3.0	35.0	8.0	0.11627906976744186	1.7700545420568647	0.8512163033094747	0.765810791219312
MetaPhlAn2	CAMI_HIGH_S001	9.646791777605259	10960.959611184378	0.9005887510524946	0.675	1.0	0.8059701492537313	27.0	0.0	13.0	27.0	0.675	2.4733121872514876	0.7504352575101753	0.45029437552624735
mOTUs2	CAMI_HIGH_S001	7.668802241376557	9323.694941063739	0.582610164401906	0.9	0.72	0.7999999999999999	36.0	14.0	4.0	50.0	0.6666666666666666	2.928458864474099	0.7485791521191726	0.2913050822009529
