tool	sample	Weighted UniFrac error	Unweighted UniFrac error	L1 norm error	Completeness (recall)	Purity (precision)	F1 score	True positives	False positives	False negatives	Taxon counts	Jaccard index	Shannon diversity	Shannon equitability	Bray-Curtis distance
Metalign	CAMI_HIGH_S001	8.618576492549874	8639.033036499652	0.705827379507966	0.85	0.6938775510204082	0.7640449438202247	34.0	15.0	6.0	49.0	0.6181818181818182	2.897310801665265	0.7444616091528766	0.3529136897539829
Bracken+Kraken2	CAMI_HIGH_S001	8.32750174517053	13320.7004481981	0.8615745801518102	1.0	0.40404040404040403	0.5755395683453237	40.0	59.0	0.0	99.0	0.40404040404040403	2.95892733857287	0.6439282184307344	0.4307872900759051
CLARK	CAMI_HIGH_S001	8.388599167956329	9375.629298253982	0.8480831649168785	0.7	0.6511627906976745	0.674698795180723	28.0	15.0	12.0	43.0	0.509090909090909	2.8242001527873746	0.7508773970848914	0.4240415824584392
GOTTCHA	CAMI_HIGH_S001	11.880811965304053	10925.15027352975	1.2394727335482207	0.525	0.75	0.6176470588235295	21.0	7.0	19.0	28.0	0.44680851063829785	2.215257227984456	0.6648023016654462	0.6197363667741103
MEGAN+DIAMOND	CAMI_HIGH_S001	10.106405613166885	10218.342662459185	0.6646832219097014	0.8	0.7272727272727273	0.761904761904762	32.0	12.0	8.0	44.0	0.6153846153846154	3.020699993139527	0.7982422355540902	0.3323416109548507
MetaPhlAn2	CAMI_HIGH_S001	9.646791777605271	10960.959611184378	0.9005887510524944	0.675	1.0	0.8059701492537313	27.0	0.0	13.0	27.0	0.675	2.4733121872514867	0.7504352575101749	0.4502943755262473
mOTUs2	CAMI_HIGH_S001	7.668802241376558	9323.694941063737	0.5826101644019058	0.9	0.72	0.7999999999999999	36.0	14.0	4.0	50.0	0.6666666666666666	2.9284588644740985	0.7485791521191725	0.2913050822009529
