tool	sample	Weighted UniFrac error	Unweighted UniFrac error	L1 norm error	Completeness (recall)	Purity (precision)	F1 score	True positives	False positives	False negatives	Taxon counts	Jaccard index	Shannon diversity	Shannon equitability	Bray-Curtis distance
Metalign	CAMI_HIGH_S001	8.618576492549849	8639.033036499652	0.09541515293782338	0.75	1.0	0.8571428571428571	9.0	0.0	3.0	9.0	0.75	1.2182223265447236	0.5544368741868079	0.04770757646891168
Bracken+Kraken2	CAMI_HIGH_S001	8.327501745170533	13320.700448198104	0.2333325655284926	0.9166666666666666	0.55	0.6874999999999999	11.0	9.0	1.0	20.0	0.5238095238095238	1.1438910282535317	0.38184020593284695	0.11666628276424627
CLARK	CAMI_HIGH_S001	8.388599167956329	9375.629298253984	0.21323173508652077	0.4166666666666667	0.7142857142857143	0.5263157894736842	5.0	2.0	7.0	7.0	0.35714285714285715	1.1002659502755594	0.5654248480124885	0.10661586754326038
GOTTCHA	CAMI_HIGH_S001	11.880811965304044	10925.150273529749	0.9108106980447402	0.4166666666666667	1.0	0.5882352941176471	5.0	0.0	7.0	5.0	0.4166666666666667	0.3341615424818335	0.20762624013028896	0.4554053490223701
MEGAN+DIAMOND	CAMI_HIGH_S001	10.10640561316688	10218.342662459185	0.18998033758653776	0.75	1.0	0.8571428571428571	9.0	0.0	3.0	9.0	0.75	1.3182872212788725	0.5999783703844617	0.09499016879326885
MetaBinG2	CAMI_HIGH_S001	11.514055883275935	11500.286724218882	0.3421208564931972	0.25	1.0	0.4	3.0	0.0	9.0	3.0	0.25	0.9756973091468784	0.8881179640997408	0.17106042824659853
MetaPhlAn2	CAMI_HIGH_S001	9.646791777605259	10960.959611184378	0.513614725802347	0.5	1.0	0.6666666666666666	6.0	0.0	6.0	6.0	0.5	1.0060016010788981	0.5614601838897018	0.25680736290117345
mOTUs2	CAMI_HIGH_S001	7.668802241376557	9323.694941063739	0.059496678975530626	0.9166666666666666	1.0	0.9565217391304348	11.0	0.0	1.0	11.0	0.9166666666666666	1.30522897109712	0.5443227591728405	0.029748339487765306
