tool	sample	Weighted UniFrac error	Unweighted UniFrac error	L1 norm error	Completeness (recall)	Purity (precision)	F1 score	True positives	False positives	False negatives	Taxon counts	Jaccard index	Shannon diversity	Shannon equitability	Bray-Curtis distance
Metalign	CAMI_HIGH_S001	8.618576492549874	8639.033036499652	0.09541515293782339	0.75	1.0	0.8571428571428571	9.0	0.0	3.0	9.0	0.75	1.2182223265447236	0.5544368741868079	0.047707576468911675
Bracken+Kraken2	CAMI_HIGH_S001	8.32750174517053	13320.7004481981	0.23333256552849257	0.9166666666666666	0.55	0.6874999999999999	11.0	9.0	1.0	20.0	0.5238095238095238	1.143891028253532	0.38184020593284707	0.11666628276424629
CLARK	CAMI_HIGH_S001	8.388599167956329	9375.629298253982	0.2132317350865208	0.4166666666666667	0.7142857142857143	0.5263157894736842	5.0	2.0	7.0	7.0	0.35714285714285715	1.1002659502755594	0.5654248480124885	0.10661586754326038
GOTTCHA	CAMI_HIGH_S001	11.880811965304053	10925.15027352975	0.9108106980447404	0.4166666666666667	1.0	0.5882352941176471	5.0	0.0	7.0	5.0	0.4166666666666667	0.3341615424818335	0.20762624013028896	0.45540534902237023
MEGAN+DIAMOND	CAMI_HIGH_S001	10.106405613166885	10218.342662459185	0.1899803375865378	0.75	1.0	0.8571428571428571	9.0	0.0	3.0	9.0	0.75	1.3182872212788725	0.5999783703844617	0.09499016879326884
MetaPhlAn2	CAMI_HIGH_S001	9.646791777605271	10960.959611184378	0.5136147258023468	0.5	1.0	0.6666666666666666	6.0	0.0	6.0	6.0	0.5	1.0060016010788981	0.5614601838897018	0.2568073629011734
mOTUs2	CAMI_HIGH_S001	7.668802241376558	9323.694941063737	0.05949667897553062	0.9166666666666666	1.0	0.9565217391304348	11.0	0.0	1.0	11.0	0.9166666666666666	1.30522897109712	0.5443227591728405	0.02974833948776531
