tool	sample	Weighted UniFrac error	Unweighted UniFrac error	L1 norm error	Completeness (recall)	Purity (precision)	F1 score	True positives	False positives	False negatives	Taxon counts	Jaccard index	Shannon diversity	Shannon equitability	Bray-Curtis distance
Metalign	CAMI_HIGH_S001	8.618576492549849	8639.033036499652	1.7754270721862844	0.6008230452674898	0.19035202086049544	0.2891089108910891	146.0	621.0	97.0	767.0	0.16898148148148148	6.023310352268188	0.9067854453287556	0.8877135360931424
Bracken+Kraken2	CAMI_HIGH_S001	8.327501745170533	13320.700448198104	1.969931451860557	0.06584362139917696	0.011004126547455296	0.018856806128461995	16.0	1438.0	227.0	1454.0	0.009518143961927425	6.186983832538703	0.8496184085782141	0.9849657259302786
CLARK	CAMI_HIGH_S001	8.388599167956329	9375.629298253984	1.9640517065129628	0.06172839506172839	0.0398936170212766	0.048465266558966075	15.0	361.0	228.0	376.0	0.024834437086092714	5.145906710889403	0.8678352895033016	0.9820258532564812
GOTTCHA	CAMI_HIGH_S001	11.880811965304044	10925.150273529749	1.9940852388878312	0.00823045267489712	0.023529411764705882	0.012195121951219513	2.0	83.0	241.0	85.0	0.006134969325153374	1.2903049200558423	0.290435788352917	0.9970426194439171
MEGAN+DIAMOND	CAMI_HIGH_S001	10.10640561316688	10218.342662459185	1.8341106235799502	0.26337448559670784	0.5470085470085471	0.35555555555555557	64.0	53.0	179.0	117.0	0.21621621621621623	4.415467881327952	0.9271958441214457	0.9170553117899753
MetaBinG2	CAMI_HIGH_S001	11.514055883275935	11500.286724218882	1.994878623138411	0.00411522633744856	0.09090909090909091	0.007874015748031498	1.0	10.0	242.0	11.0	0.003952569169960474	2.029095189234796	0.8461984191940206	0.9974393115692064
MetaPhlAn2	CAMI_HIGH_S001	9.646791777605259	10960.959611184378	1.9790246617177636	0.01646090534979424	0.10526315789473684	0.028469750889679714	4.0	34.0	239.0	38.0	0.01444043321299639	2.634502892268941	0.724244808669248	0.9895123308588828
mOTUs2	CAMI_HIGH_S001	7.668802241376557	9323.694941063739	1.82547811091694	0.5020576131687243	0.4236111111111111	0.45951035781544264	122.0	166.0	121.0	288.0	0.2982885085574572	5.0545654786797085	0.8925659107828292	0.9127390554584707
