tool	sample	Weighted UniFrac error	Unweighted UniFrac error	L1 norm error	Completeness (recall)	Purity (precision)	F1 score	True positives	False positives	False negatives	Taxon counts	Jaccard index	Shannon diversity	Shannon equitability	Bray-Curtis distance
Metalign	CAMI_HIGH_S001	8.618576492549849	8639.033036499652	1.9288673598062385	0.054003724394785846	0.07561929595827901	0.0630092341118957	58.0	709.0	1016.0	767.0	0.03252944475602917	6.023310352268191	0.9067854453287559	0.9644336799031191
Bracken+Kraken2	CAMI_HIGH_S001	8.327501745170533	13320.700448198104	na	0.0	0.0	na	0.0	0.0	1074.0	0.0	0.0	na	na	na
CLARK	CAMI_HIGH_S001	8.388599167956329	9375.629298253984	na	0.0	0.0	na	0.0	0.0	1074.0	0.0	0.0	na	na	na
GOTTCHA	CAMI_HIGH_S001	11.880811965304044	10925.150273529749	na	0.0	0.0	na	0.0	0.0	1074.0	0.0	0.0	na	na	na
MEGAN+DIAMOND	CAMI_HIGH_S001	10.10640561316688	10218.342662459185	2.0000000000000018	0.0	0.0	na	0.0	56.0	1074.0	56.0	0.0	3.351157464394789	0.8325129633040256	1.0
MetaBinG2	CAMI_HIGH_S001	11.514055883275935	11500.286724218882	2.000000000000002	0.0	0.0	na	0.0	11.0	1074.0	11.0	0.0	2.029095189234796	0.8461984191940206	1.0
MetaPhlAn2	CAMI_HIGH_S001	9.646791777605259	10960.959611184378	na	0.0	0.0	na	0.0	0.0	1074.0	0.0	0.0	na	na	na
mOTUs2	CAMI_HIGH_S001	7.668802241376557	9323.694941063739	na	0.0	0.0	na	0.0	0.0	1074.0	0.0	0.0	na	na	na
