tool	sample	Weighted UniFrac error	Unweighted UniFrac error	L1 norm error	Completeness (recall)	Purity (precision)	F1 score	True positives	False positives	False negatives	Taxon counts	Jaccard index	Shannon diversity	Shannon equitability	Bray-Curtis distance
Metalign	CAMI_HIGH_S001	8.618576492549874	8639.033036499652	1.9288673598062376	0.054003724394785846	0.07561929595827901	0.0630092341118957	58.0	709.0	1016.0	767.0	0.03252944475602917	6.0233103522681875	0.9067854453287554	0.9644336799031191
Bracken+Kraken2	CAMI_HIGH_S001	8.32750174517053	13320.7004481981	na	0.0	0.0	na	0.0	0.0	1074.0	0.0	0.0	na	na	na
CLARK	CAMI_HIGH_S001	8.388599167956329	9375.629298253982	na	0.0	0.0	na	0.0	0.0	1074.0	0.0	0.0	na	na	na
GOTTCHA	CAMI_HIGH_S001	11.880811965304053	10925.15027352975	na	0.0	0.0	na	0.0	0.0	1074.0	0.0	0.0	na	na	na
MEGAN+DIAMOND	CAMI_HIGH_S001	10.106405613166885	10218.342662459185	1.999999999999999	0.0	0.0	na	0.0	56.0	1074.0	56.0	0.0	3.3511574643947895	0.8325129633040257	1.0
MetaPhlAn2	CAMI_HIGH_S001	9.646791777605271	10960.959611184378	na	0.0	0.0	na	0.0	0.0	1074.0	0.0	0.0	na	na	na
mOTUs2	CAMI_HIGH_S001	7.668802241376558	9323.694941063737	na	0.0	0.0	na	0.0	0.0	1074.0	0.0	0.0	na	na	na
