tool	sample	Weighted UniFrac error	Unweighted UniFrac error	L1 norm error	Completeness (recall)	Purity (precision)	F1 score	True positives	False positives	False negatives	Taxon counts	Jaccard index	Shannon diversity	Shannon equitability	Bray-Curtis distance
Metalign	CAMI_HIGH_S001	8.618576492549849	8639.033036499652	0.032828454350891684	1.0	0.5	0.6666666666666666	2.0	2.0	0.0	4.0	0.5	0.11213491244131084	0.08088824104479864	0.016414227175445842
Bracken+Kraken2	CAMI_HIGH_S001	8.327501745170533	13320.700448198104	0.01073170141479434	1.0	0.5	0.6666666666666666	2.0	2.0	0.0	4.0	0.5	0.08218564071071274	0.05928440814281369	0.005365850707397169
CLARK	CAMI_HIGH_S001	8.388599167956329	9375.629298253984	0.0185656471323118	1.0	0.6666666666666666	0.8	2.0	1.0	0.0	3.0	0.6666666666666666	0.09240659655776687	0.08411210898595989	0.009282823566155902
GOTTCHA	CAMI_HIGH_S001	11.880811965304044	10925.150273529749	0.0790658833212024	1.0	1.0	1.0	2.0	0.0	0.0	2.0	1.0	0.19326113792581764	0.2788168852821351	0.0395329416606012
MEGAN+DIAMOND	CAMI_HIGH_S001	10.10640561316688	10218.342662459185	0.00943861738801748	1.0	1.0	1.0	2.0	0.0	0.0	2.0	1.0	0.025938160923313587	0.03742085613384441	0.00471930869400874
MetaBinG2	CAMI_HIGH_S001	11.514055883275935	11500.286724218882	0.017388017388017464	0.5	1.0	0.6666666666666666	1.0	0.0	1.0	1.0	0.5	0.0	0.0	0.008694008694008732
MetaPhlAn2	CAMI_HIGH_S001	9.646791777605259	10960.959611184378	0.10976018261198256	1.0	1.0	1.0	2.0	0.0	0.0	2.0	1.0	0.23669058278606414	0.3414723300105734	0.05488009130599128
mOTUs2	CAMI_HIGH_S001	7.668802241376557	9323.694941063739	0.005518776422463099	1.0	1.0	1.0	2.0	0.0	0.0	2.0	1.0	0.0363434912148667	0.0524325745442798	0.0027593882112315494
