rank	sample	Weighted UniFrac error	Unweighted UniFrac error	L1 norm error	Completeness (recall)	Purity (precision)	F1 score	True positives	False positives	False negatives	Taxon counts	Jaccard index	Shannon diversity	Shannon equitability	Bray-Curtis distance
superkingdom	CAMI_HIGH_S002	8.398653674821649	13340.72375613223	0.010360984060984046	1.0	0.5	0.6666666666666666	2.0	2.0	0.0	4.0	0.5	0.0779537690970584	0.05623175804746474	0.005180492030492023
phylum	CAMI_HIGH_S002	8.398653674821649	13340.72375613223	0.20207645920535375	0.9166666666666666	0.55	0.6874999999999999	11.0	9.0	1.0	20.0	0.5238095238095238	1.152914685629434	0.38485237676518813	0.10103822960267682
class	CAMI_HIGH_S002	8.398653674821649	13340.72375613223	0.33783428191624404	1.0	0.5384615384615384	0.7000000000000001	21.0	18.0	0.0	39.0	0.5384615384615384	1.9748206584102332	0.5390439275115034	0.16891714095812205
order	CAMI_HIGH_S002	8.398653674821649	13340.72375613223	0.8731265133569245	1.0	0.40816326530612246	0.5797101449275363	40.0	58.0	0.0	98.0	0.40816326530612246	2.9766195572541227	0.6492127961869871	0.4365632566784626
family	CAMI_HIGH_S002	8.398653674821649	13340.72375613223	0.6471657411767502	0.8977272727272727	0.42245989304812837	0.5745454545454545	79.0	108.0	9.0	187.0	0.4030612244897959	3.7465689157453976	0.7162093525785308	0.32358287058837526
genus	CAMI_HIGH_S002	8.398653674821649	13340.72375613223	1.0296977497559376	0.5824742268041238	0.23940677966101695	0.3393393393393393	113.0	359.0	81.0	472.0	0.20433996383363473	4.653762942770405	0.7558516853258047	0.514848874877969
species	CAMI_HIGH_S002	8.398653674821649	13340.72375613223	1.9675576776164017	0.06584362139917696	0.010936431989063569	0.018757327080890975	16.0	1447.0	227.0	1463.0	0.009467455621301775	6.11479094191019	0.8389936732986496	0.9837788388081878
strain	CAMI_HIGH_S002	8.398653674821649	13340.72375613223	na	0.0	0.0	na	0.0	0.0	1074.0	0.0	0.0	na	na	na
