rank	sample	Weighted UniFrac error	Unweighted UniFrac error	L1 norm error	Completeness (recall)	Purity (precision)	F1 score	True positives	False positives	False negatives	Taxon counts	Jaccard index	Shannon diversity	Shannon equitability	Bray-Curtis distance
superkingdom	CAMI_HIGH_S002	8.491887651854311	9317.600278007669	0.01616148873386686	1.0	0.6666666666666666	0.8	2.0	1.0	0.0	3.0	0.6666666666666666	0.08453966885773032	0.07695132280034937	0.00808074436693343
phylum	CAMI_HIGH_S002	8.491887651854311	9317.600278007669	0.18717765034711345	0.4166666666666667	0.7142857142857143	0.5263157894736842	5.0	2.0	7.0	7.0	0.35714285714285715	1.098775356239262	0.564658834208089	0.09358882517355673
class	CAMI_HIGH_S002	8.491887651854311	9317.600278007669	0.3101621670027489	0.6190476190476191	0.8125	0.7027027027027026	13.0	3.0	8.0	16.0	0.5416666666666666	1.954486948643332	0.7049321570724844	0.15508108350137445
order	CAMI_HIGH_S002	8.491887651854311	9317.600278007669	0.8986524005766722	0.7	0.6363636363636364	0.6666666666666666	28.0	16.0	12.0	44.0	0.5	2.8399642176920428	0.7504814748809141	0.4493262002883363
family	CAMI_HIGH_S002	8.491887651854311	9317.600278007669	0.6732202923356345	0.6477272727272727	0.6705882352941176	0.6589595375722542	57.0	28.0	31.0	85.0	0.49137931034482757	3.529648416400664	0.7944914450001366	0.3366101461678173
genus	CAMI_HIGH_S002	8.491887651854311	9317.600278007669	1.0380480140692208	0.4896907216494845	0.47029702970297027	0.4797979797979797	95.0	107.0	99.0	202.0	0.31561461794019935	4.213882135654651	0.793833765715633	0.5190240070346099
species	CAMI_HIGH_S002	8.491887651854311	9317.600278007669	1.965400866592331	0.06172839506172839	0.03968253968253968	0.048309178743961345	15.0	363.0	228.0	378.0	0.024752475247524754	5.031587970065814	0.8477974171434288	0.9827004332961644
strain	CAMI_HIGH_S002	8.491887651854311	9317.600278007669	na	0.0	0.0	na	0.0	0.0	1074.0	0.0	0.0	na	na	na
