rank	sample	Weighted UniFrac error	Unweighted UniFrac error	L1 norm error	Completeness (recall)	Purity (precision)	F1 score	True positives	False positives	False negatives	Taxon counts	Jaccard index	Shannon diversity	Shannon equitability	Bray-Curtis distance
superkingdom	CAMI_HIGH_S002	9.722840360884154	10965.217264595882	0.07628158406098408	1.0	1.0	1.0	2.0	0.0	0.0	2.0	1.0	0.1868989257277592	0.2696381532949129	0.03814079203049204
phylum	CAMI_HIGH_S002	9.722840360884154	10965.217264595882	0.4987074928703798	0.4166666666666667	1.0	0.5882352941176471	5.0	0.0	7.0	5.0	0.4166666666666667	0.9186928296791397	0.5708159492090729	0.24935374643518993
class	CAMI_HIGH_S002	9.722840360884154	10965.217264595882	0.9906669143738895	0.6190476190476191	1.0	0.7647058823529412	13.0	0.0	8.0	13.0	0.6190476190476191	1.7579733977930265	0.6853832777161911	0.49533345718694494
order	CAMI_HIGH_S002	9.722840360884154	10965.217264595882	1.0265960978817807	0.65	1.0	0.787878787878788	26.0	0.0	14.0	26.0	0.65	2.36252439001525	0.7251241215369023	0.5132980489408905
family	CAMI_HIGH_S002	9.722840360884154	10965.217264595882	1.216373696463699	0.5795454545454546	0.9807692307692307	0.7285714285714285	51.0	1.0	37.0	52.0	0.5730337078651685	2.804473915005825	0.7097699141708943	0.6081868482318494
genus	CAMI_HIGH_S002	9.722840360884154	10965.217264595882	1.4713731721147894	0.27835051546391754	0.782608695652174	0.41064638783269963	54.0	15.0	140.0	69.0	0.2583732057416268	2.9029757325866883	0.6856170787000111	0.7356865860573947
species	CAMI_HIGH_S002	9.722840360884154	10965.217264595882	1.9606222737771255	0.01646090534979424	0.10526315789473684	0.028469750889679714	4.0	34.0	239.0	38.0	0.01444043321299639	2.2117202046770545	0.6080186441119012	0.9803111368885624
strain	CAMI_HIGH_S002	9.722840360884154	10965.217264595882	na	0.0	0.0	na	0.0	0.0	1074.0	0.0	0.0	na	na	na
