rank	sample	Weighted UniFrac error	Unweighted UniFrac error	L1 norm error	Completeness (recall)	Purity (precision)	F1 score	True positives	False positives	False negatives	Taxon counts	Jaccard index	Shannon diversity	Shannon equitability	Bray-Curtis distance
superkingdom	CAMI_HIGH_S002	7.70620415083459	9707.694268256462	0.003987999530342517	1.0	1.0	1.0	2.0	0.0	0.0	2.0	1.0	0.036552735862320586	0.05273445075949408	0.0019939997651712586
phylum	CAMI_HIGH_S002	7.70620415083459	9707.694268256462	0.054635010112669684	0.9166666666666666	1.0	0.9565217391304348	11.0	0.0	1.0	11.0	0.9166666666666666	1.268367286435327	0.5289502426664064	0.027317505056334845
class	CAMI_HIGH_S002	7.70620415083459	9707.694268256462	0.10554482077352004	0.9523809523809523	0.8695652173913043	0.909090909090909	20.0	3.0	1.0	23.0	0.8333333333333334	2.155058648484198	0.6873106757894571	0.05277241038676002
order	CAMI_HIGH_S002	7.70620415083459	9707.694268256462	0.5972528347161812	0.9	0.72	0.7999999999999999	36.0	14.0	4.0	50.0	0.6666666666666666	2.96037170960158	0.756736784393625	0.2986264173580907
family	CAMI_HIGH_S002	7.70620415083459	9707.694268256462	0.255895859654799	0.875	0.8555555555555555	0.8651685393258427	77.0	13.0	11.0	90.0	0.7623762376237624	3.6931562667397406	0.8207361060381649	0.12794792982739955
genus	CAMI_HIGH_S002	7.70620415083459	9707.694268256462	0.38993643574387277	0.8041237113402062	0.8764044943820225	0.8387096774193549	156.0	22.0	38.0	178.0	0.7222222222222222	4.481809035481429	0.8649162960943824	0.1949682178719364
species	CAMI_HIGH_S002	7.70620415083459	9707.694268256462	1.8251086490923816	0.49794238683127573	0.4245614035087719	0.45833333333333326	121.0	164.0	122.0	285.0	0.2972972972972973	5.183235287699046	0.9169827880064509	0.9125543245461906
strain	CAMI_HIGH_S002	7.70620415083459	9707.694268256462	na	0.0	0.0	na	0.0	0.0	1074.0	0.0	0.0	na	na	na
