tool	sample	Weighted UniFrac error	Unweighted UniFrac error	L1 norm error	Completeness (recall)	Purity (precision)	F1 score	True positives	False positives	False negatives	Taxon counts	Jaccard index	Shannon diversity	Shannon equitability	Bray-Curtis distance
Metalign	CAMI_HIGH_S003	8.825646686839978	9796.674238493115	0.19423441149199605	0.7619047619047619	0.8421052631578947	0.8	16.0	3.0	5.0	19.0	0.6666666666666666	2.1067643121747293	0.7155061888126296	0.09711720574599805
Bracken+Kraken2	CAMI_HIGH_S003	8.440854050276597	10157.475687536536	0.3438992411383237	0.6666666666666666	0.8235294117647058	0.7368421052631577	14.0	3.0	7.0	17.0	0.5833333333333334	1.9049190566967436	0.6723528465277998	0.17194962056916185
CLARK	CAMI_HIGH_S003	8.66739672747752	10994.058864448618	0.331824445160527	0.5714285714285714	1.0	0.7272727272727273	12.0	0.0	9.0	12.0	0.5714285714285714	1.905650880958746	0.7668903301141419	0.16591222258026353
GOTTCHA	CAMI_HIGH_S003	11.628764066991	11243.85332762791	1.4915132051520998	0.42857142857142855	0.8181818181818182	0.5625	9.0	2.0	12.0	11.0	0.391304347826087	1.3187110425564696	0.5499452196748856	0.7457566025760501
MEGAN+DIAMOND	CAMI_HIGH_S003	10.177980895612956	10035.345651692465	0.32880620862017734	0.7619047619047619	0.8888888888888888	0.8205128205128205	16.0	2.0	5.0	18.0	0.6956521739130435	2.241852882122218	0.775627867245012	0.16440310431008864
MetaBinG2	CAMI_HIGH_S003	11.515951307759869	11448.318871738766	0.6809733643655855	0.23809523809523808	0.8333333333333334	0.37037037037037035	5.0	1.0	16.0	6.0	0.22727272727272727	1.581598676228238	0.8827070281423651	0.34048668218279277
MetaPhlAn2	CAMI_HIGH_S003	9.689811192979874	11051.393175612857	0.9826946364398359	0.47619047619047616	1.0	0.6451612903225806	10.0	0.0	11.0	10.0	0.47619047619047616	1.8200208334194519	0.7904250049030254	0.49134731821991806
mOTUs2	CAMI_HIGH_S003	7.769795233166424	9861.581878002213	0.11639965333837488	0.8095238095238095	0.8947368421052632	0.8500000000000001	17.0	2.0	4.0	19.0	0.7391304347826086	2.1239775882458125	0.7213522179519246	0.05819982666918744
