tool	sample	Weighted UniFrac error	Unweighted UniFrac error	L1 norm error	Completeness (recall)	Purity (precision)	F1 score	True positives	False positives	False negatives	Taxon counts	Jaccard index	Shannon diversity	Shannon equitability	Bray-Curtis distance
Metalign	CAMI_HIGH_S003	8.825646686839969	9796.67423849311	0.19423441149199608	0.7619047619047619	0.8421052631578947	0.8	16.0	3.0	5.0	19.0	0.6666666666666666	2.1067643121747297	0.7155061888126297	0.09711720574599805
Bracken+Kraken2	CAMI_HIGH_S003	8.4408540502766	10157.475687536535	0.34389924113832376	0.6666666666666666	0.8235294117647058	0.7368421052631577	14.0	3.0	7.0	17.0	0.5833333333333334	1.9049190566967436	0.6723528465277998	0.17194962056916185
CLARK	CAMI_HIGH_S003	8.667396727477515	10994.058864448616	0.33182444516052706	0.5714285714285714	1.0	0.7272727272727273	12.0	0.0	9.0	12.0	0.5714285714285714	1.905650880958746	0.7668903301141419	0.16591222258026353
GOTTCHA	CAMI_HIGH_S003	11.628764066990989	11243.853327627912	1.4915132051520998	0.42857142857142855	0.8181818181818182	0.5625	9.0	2.0	12.0	11.0	0.391304347826087	1.3187110425564699	0.5499452196748856	0.74575660257605
MEGAN+DIAMOND	CAMI_HIGH_S003	10.17798089561295	10035.345651692463	0.32880620862017734	0.7619047619047619	0.8888888888888888	0.8205128205128205	16.0	2.0	5.0	18.0	0.6956521739130435	2.241852882122218	0.775627867245012	0.16440310431008867
MetaPhlAn2	CAMI_HIGH_S003	9.689811192979871	11051.393175612857	0.9826946364398357	0.47619047619047616	1.0	0.6451612903225806	10.0	0.0	11.0	10.0	0.47619047619047616	1.820020833419452	0.7904250049030255	0.49134731821991806
mOTUs2	CAMI_HIGH_S003	7.7697952331664295	9861.581878002215	0.11639965333837488	0.8095238095238095	0.8947368421052632	0.8500000000000001	17.0	2.0	4.0	19.0	0.7391304347826086	2.1239775882458125	0.7213522179519246	0.05819982666918744
