tool	sample	Weighted UniFrac error	Unweighted UniFrac error	L1 norm error	Completeness (recall)	Purity (precision)	F1 score	True positives	False positives	False negatives	Taxon counts	Jaccard index	Shannon diversity	Shannon equitability	Bray-Curtis distance
Metalign	CAMI_HIGH_S003	8.825646686839978	9796.674238493115	0.3426815476702624	0.6136363636363636	0.8571428571428571	0.7152317880794702	54.0	9.0	34.0	63.0	0.5567010309278351	3.565780825728492	0.860648050620867	0.17134077383513122
Bracken+Kraken2	CAMI_HIGH_S003	8.440854050276597	10157.475687536536	0.5984857592699929	0.6022727272727273	0.7361111111111112	0.6625000000000001	53.0	19.0	35.0	72.0	0.4953271028037383	3.552982701302108	0.8307832789433544	0.2992428796349964
CLARK	CAMI_HIGH_S003	8.66739672747752	10994.058864448618	0.640872145325246	0.38636363636363635	0.9714285714285714	0.5528455284552846	34.0	1.0	54.0	35.0	0.38202247191011235	3.2394662009354396	0.911153041814521	0.32043607266262286
GOTTCHA	CAMI_HIGH_S003	11.628764066991	11243.85332762791	1.6440353326356574	0.26136363636363635	0.8846153846153846	0.4035087719298246	23.0	3.0	65.0	26.0	0.25274725274725274	1.6085810360825699	0.49371803975440204	0.8220176663178285
MEGAN+DIAMOND	CAMI_HIGH_S003	10.177980895612956	10035.345651692465	0.3487314864036339	0.7159090909090909	0.875	0.7875000000000001	63.0	9.0	25.0	72.0	0.6494845360824743	3.716079629714234	0.868919744094777	0.17436574320181703
MetaBinG2	CAMI_HIGH_S003	11.515951307759869	11448.318871738766	1.574086542071431	0.06818181818181818	1.0	0.1276595744680851	6.0	0.0	82.0	6.0	0.06818181818181818	1.522556609265877	0.8497550231571213	0.7870432710357155
MetaPhlAn2	CAMI_HIGH_S003	9.689811192979874	11051.393175612857	1.2258857524632554	0.45454545454545453	1.0	0.625	40.0	0.0	48.0	40.0	0.45454545454545453	2.8543840806948744	0.7737807960928594	0.6129428762316276
mOTUs2	CAMI_HIGH_S003	7.769795233166424	9861.581878002213	0.28527144698307105	0.75	0.8571428571428571	0.7999999999999999	66.0	11.0	22.0	77.0	0.6666666666666666	3.651289716874267	0.8405739581484541	0.14263572349153553
