tool	sample	Weighted UniFrac error	Unweighted UniFrac error	L1 norm error	Completeness (recall)	Purity (precision)	F1 score	True positives	False positives	False negatives	Taxon counts	Jaccard index	Shannon diversity	Shannon equitability	Bray-Curtis distance
Metalign	CAMI_HIGH_S003	8.825646686839969	9796.67423849311	0.3426815476702623	0.6136363636363636	0.8571428571428571	0.7152317880794702	54.0	9.0	34.0	63.0	0.5567010309278351	3.5657808257284906	0.8606480506208668	0.1713407738351312
Bracken+Kraken2	CAMI_HIGH_S003	8.4408540502766	10157.475687536535	0.5984857592699927	0.6022727272727273	0.7361111111111112	0.6625000000000001	53.0	19.0	35.0	72.0	0.4953271028037383	3.5529827013021085	0.8307832789433545	0.29924287963499635
CLARK	CAMI_HIGH_S003	8.667396727477515	10994.058864448616	0.6408721453252458	0.38636363636363635	0.9714285714285714	0.5528455284552846	34.0	1.0	54.0	35.0	0.38202247191011235	3.23946620093544	0.9111530418145211	0.32043607266262286
GOTTCHA	CAMI_HIGH_S003	11.628764066990989	11243.853327627912	1.644035332635657	0.26136363636363635	0.8846153846153846	0.4035087719298246	23.0	3.0	65.0	26.0	0.25274725274725274	1.6085810360825699	0.49371803975440204	0.8220176663178285
MEGAN+DIAMOND	CAMI_HIGH_S003	10.17798089561295	10035.345651692463	0.34873148640363394	0.7159090909090909	0.875	0.7875000000000001	63.0	9.0	25.0	72.0	0.6494845360824743	3.7160796297142333	0.8689197440947769	0.17436574320181703
MetaPhlAn2	CAMI_HIGH_S003	9.689811192979871	11051.393175612857	1.2258857524632554	0.45454545454545453	1.0	0.625	40.0	0.0	48.0	40.0	0.45454545454545453	2.8543840806948744	0.7737807960928594	0.6129428762316277
mOTUs2	CAMI_HIGH_S003	7.7697952331664295	9861.581878002215	0.28527144698307105	0.75	0.8571428571428571	0.7999999999999999	66.0	11.0	22.0	77.0	0.6666666666666666	3.651289716874269	0.8405739581484547	0.14263572349153547
