tool	sample	Weighted UniFrac error	Unweighted UniFrac error	L1 norm error	Completeness (recall)	Purity (precision)	F1 score	True positives	False positives	False negatives	Taxon counts	Jaccard index	Shannon diversity	Shannon equitability	Bray-Curtis distance
Metalign	CAMI_HIGH_S003	8.825646686839978	9796.674238493115	0.5448734831034274	0.5309278350515464	0.8442622950819673	0.6518987341772152	103.0	19.0	91.0	122.0	0.4835680751173709	4.246441196461192	0.8839347615091423	0.27243674155171377
Bracken+Kraken2	CAMI_HIGH_S003	8.440854050276597	10157.475687536536	1.0028441531681591	0.4020618556701031	0.6	0.4814814814814815	78.0	52.0	116.0	130.0	0.3170731707317073	4.174572988644157	0.8576360436962975	0.5014220765840793
CLARK	CAMI_HIGH_S003	8.66739672747752	10994.058864448618	1.0747061378956888	0.22164948453608246	0.8775510204081632	0.35390946502057613	43.0	6.0	151.0	49.0	0.215	3.5668429852914443	0.9164973488172232	0.5373530689478443
GOTTCHA	CAMI_HIGH_S003	11.628764066991	11243.85332762791	1.8353325777586058	0.10309278350515463	0.6896551724137931	0.17937219730941703	20.0	9.0	174.0	29.0	0.09852216748768473	1.85735650869418	0.5515869714071545	0.9176662888793022
MEGAN+DIAMOND	CAMI_HIGH_S003	10.177980895612956	10035.345651692465	0.5498250407693269	0.6701030927835051	0.9285714285714286	0.778443113772455	130.0	10.0	64.0	140.0	0.6372549019607843	4.372430041175894	0.8848131182399774	0.2749125203846634
MetaBinG2	CAMI_HIGH_S003	11.515951307759869	11448.318871738766	1.7580279794171088	0.030927835051546393	0.75	0.05940594059405941	6.0	2.0	188.0	8.0	0.030612244897959183	1.9059417891629837	0.9165642558161584	0.8790139897085538
MetaPhlAn2	CAMI_HIGH_S003	9.689811192979874	11051.393175612857	1.4889020571051643	0.20618556701030927	0.8	0.32786885245901637	40.0	10.0	154.0	50.0	0.19607843137254902	2.964385546896957	0.7577628103883106	0.7444510285525817
mOTUs2	CAMI_HIGH_S003	7.769795233166424	9861.581878002213	0.43002050588007057	0.6701030927835051	0.896551724137931	0.7669616519174042	130.0	15.0	64.0	145.0	0.6220095693779905	4.418589452763814	0.887849276544722	0.2150102529400354
