tool	sample	Weighted UniFrac error	Unweighted UniFrac error	L1 norm error	Completeness (recall)	Purity (precision)	F1 score	True positives	False positives	False negatives	Taxon counts	Jaccard index	Shannon diversity	Shannon equitability	Bray-Curtis distance
Metalign	CAMI_HIGH_S003	8.825646686839969	9796.67423849311	0.5448734831034278	0.5309278350515464	0.8442622950819673	0.6518987341772152	103.0	19.0	91.0	122.0	0.4835680751173709	4.246441196461191	0.8839347615091422	0.2724367415517137
Bracken+Kraken2	CAMI_HIGH_S003	8.4408540502766	10157.475687536535	1.0028441531681584	0.4020618556701031	0.6	0.4814814814814815	78.0	52.0	116.0	130.0	0.3170731707317073	4.174572988644157	0.8576360436962975	0.5014220765840792
CLARK	CAMI_HIGH_S003	8.667396727477515	10994.058864448616	1.0747061378956881	0.22164948453608246	0.8775510204081632	0.35390946502057613	43.0	6.0	151.0	49.0	0.215	3.5668429852914434	0.9164973488172229	0.5373530689478442
GOTTCHA	CAMI_HIGH_S003	11.628764066990989	11243.853327627912	1.8353325777586051	0.10309278350515463	0.6896551724137931	0.17937219730941703	20.0	9.0	174.0	29.0	0.09852216748768473	1.8573565086941803	0.5515869714071546	0.9176662888793023
MEGAN+DIAMOND	CAMI_HIGH_S003	10.17798089561295	10035.345651692463	0.5498250407693269	0.6701030927835051	0.9285714285714286	0.778443113772455	130.0	10.0	64.0	140.0	0.6372549019607843	4.3724300411758925	0.884813118239977	0.2749125203846635
MetaPhlAn2	CAMI_HIGH_S003	9.689811192979871	11051.393175612857	1.4889020571051632	0.20618556701030927	0.8	0.32786885245901637	40.0	10.0	154.0	50.0	0.19607843137254902	2.9643855468969558	0.7577628103883103	0.7444510285525817
mOTUs2	CAMI_HIGH_S003	7.7697952331664295	9861.581878002215	0.430020505880071	0.6701030927835051	0.896551724137931	0.7669616519174042	130.0	15.0	64.0	145.0	0.6220095693779905	4.418589452763813	0.8878492765447219	0.2150102529400354
