tool	sample	Weighted UniFrac error	Unweighted UniFrac error	L1 norm error	Completeness (recall)	Purity (precision)	F1 score	True positives	False positives	False negatives	Taxon counts	Jaccard index	Shannon diversity	Shannon equitability	Bray-Curtis distance
Metalign	CAMI_HIGH_S003	8.825646686839969	9796.67423849311	0.7264861490975377	0.7	0.7	0.7	28.0	12.0	12.0	40.0	0.5384615384615384	2.9247088713092104	0.792844794114239	0.3632430745487688
Bracken+Kraken2	CAMI_HIGH_S003	8.4408540502766	10157.475687536535	0.8797938510434158	0.7	0.6511627906976745	0.674698795180723	28.0	15.0	12.0	43.0	0.509090909090909	2.8983180506331023	0.7705833142299195	0.4398969255217079
CLARK	CAMI_HIGH_S003	8.667396727477515	10994.058864448616	0.9289593951571216	0.45	0.75	0.5625000000000001	18.0	6.0	22.0	24.0	0.391304347826087	2.725631646141263	0.8576417492094054	0.4644796975785606
GOTTCHA	CAMI_HIGH_S003	11.628764066990989	11243.853327627912	1.2726045740313148	0.375	0.8333333333333334	0.5172413793103448	15.0	3.0	25.0	18.0	0.3488372093023256	2.1234940565201006	0.7346785238677198	0.6363022870156573
MEGAN+DIAMOND	CAMI_HIGH_S003	10.17798089561295	10035.345651692463	0.6631790766795302	0.75	0.6976744186046512	0.7228915662650603	30.0	13.0	10.0	43.0	0.5660377358490566	3.0530892784488066	0.8117327407573525	0.3315895383397651
MetaPhlAn2	CAMI_HIGH_S003	9.689811192979871	11051.393175612857	1.0389863569071154	0.525	1.0	0.6885245901639345	21.0	0.0	19.0	21.0	0.525	2.4467129297082026	0.8036442429827387	0.5194931784535578
mOTUs2	CAMI_HIGH_S003	7.7697952331664295	9861.581878002215	0.632392670990063	0.8	0.7272727272727273	0.761904761904762	32.0	12.0	8.0	44.0	0.6153846153846154	2.9483402231921603	0.7791206330585928	0.3161963354950314
