tool	sample	Weighted UniFrac error	Unweighted UniFrac error	L1 norm error	Completeness (recall)	Purity (precision)	F1 score	True positives	False positives	False negatives	Taxon counts	Jaccard index	Shannon diversity	Shannon equitability	Bray-Curtis distance
Metalign	CAMI_HIGH_S003	8.825646686839978	9796.674238493115	0.7264861490975381	0.7	0.7	0.7	28.0	12.0	12.0	40.0	0.5384615384615384	2.924708871309211	0.7928447941142392	0.36324307454876886
Bracken+Kraken2	CAMI_HIGH_S003	8.440854050276597	10157.475687536536	0.8797938510434156	0.7	0.6511627906976745	0.674698795180723	28.0	15.0	12.0	43.0	0.509090909090909	2.898318050633103	0.7705833142299199	0.4398969255217078
CLARK	CAMI_HIGH_S003	8.66739672747752	10994.058864448618	0.9289593951571217	0.45	0.75	0.5625000000000001	18.0	6.0	22.0	24.0	0.391304347826087	2.7256316461412626	0.8576417492094053	0.4644796975785605
GOTTCHA	CAMI_HIGH_S003	11.628764066991	11243.85332762791	1.2726045740313148	0.375	0.8333333333333334	0.5172413793103448	15.0	3.0	25.0	18.0	0.3488372093023256	2.1234940565201	0.7346785238677197	0.6363022870156574
MEGAN+DIAMOND	CAMI_HIGH_S003	10.177980895612956	10035.345651692465	0.6631790766795302	0.75	0.6976744186046512	0.7228915662650603	30.0	13.0	10.0	43.0	0.5660377358490566	3.0530892784488057	0.8117327407573522	0.3315895383397651
MetaBinG2	CAMI_HIGH_S003	11.515951307759869	11448.318871738766	1.539236730050368	0.1	0.6666666666666666	0.1739130434782609	4.0	2.0	36.0	6.0	0.09523809523809523	1.5815986762282384	0.8827070281423653	0.7696183650251843
MetaPhlAn2	CAMI_HIGH_S003	9.689811192979874	11051.393175612857	1.0389863569071158	0.525	1.0	0.6885245901639345	21.0	0.0	19.0	21.0	0.525	2.446712929708202	0.8036442429827386	0.5194931784535578
mOTUs2	CAMI_HIGH_S003	7.769795233166424	9861.581878002213	0.6323926709900629	0.8	0.7272727272727273	0.761904761904762	32.0	12.0	8.0	44.0	0.6153846153846154	2.9483402231921594	0.7791206330585926	0.3161963354950315
