tool	sample	Weighted UniFrac error	Unweighted UniFrac error	L1 norm error	Completeness (recall)	Purity (precision)	F1 score	True positives	False positives	False negatives	Taxon counts	Jaccard index	Shannon diversity	Shannon equitability	Bray-Curtis distance
Metalign	CAMI_HIGH_S003	8.825646686839978	9796.674238493115	0.08753486026532956	0.6666666666666666	1.0	0.8	8.0	0.0	4.0	8.0	0.6666666666666666	1.2260585311332097	0.5896095209018295	0.04376743013266477
Bracken+Kraken2	CAMI_HIGH_S003	8.440854050276597	10157.475687536536	0.24719347851273774	0.4166666666666667	0.625	0.5	5.0	3.0	7.0	8.0	0.3333333333333333	1.1375845621285383	0.5470625354582285	0.12359673925636884
CLARK	CAMI_HIGH_S003	8.66739672747752	10994.058864448618	0.2495910955561914	0.4166666666666667	1.0	0.5882352941176471	5.0	0.0	7.0	5.0	0.4166666666666667	1.1109360232684613	0.6902633613174248	0.12479554777809566
GOTTCHA	CAMI_HIGH_S003	11.628764066991	11243.85332762791	0.7362550789374166	0.3333333333333333	1.0	0.5	4.0	0.0	8.0	4.0	0.3333333333333333	0.6759608725607896	0.4876026993392139	0.36812753946870824
MEGAN+DIAMOND	CAMI_HIGH_S003	10.177980895612956	10035.345651692465	0.1976168833324129	0.6666666666666666	1.0	0.8	8.0	0.0	4.0	8.0	0.6666666666666666	1.3177777481274129	0.6337171407390814	0.09880844166620643
MetaBinG2	CAMI_HIGH_S003	11.515951307759869	11448.318871738766	0.22390548000766092	0.3333333333333333	1.0	0.5	4.0	0.0	8.0	4.0	0.3333333333333333	1.2868811972117593	0.9282885607153287	0.11195274000383046
MetaPhlAn2	CAMI_HIGH_S003	9.689811192979874	11051.393175612857	0.5574629503128491	0.4166666666666667	1.0	0.5882352941176471	5.0	0.0	7.0	5.0	0.4166666666666667	1.0120281921332066	0.6288084705315682	0.27873147515642455
mOTUs2	CAMI_HIGH_S003	7.769795233166424	9861.581878002213	0.06838785854222362	0.75	1.0	0.8571428571428571	9.0	0.0	3.0	9.0	0.75	1.3144616978489794	0.5982372996403272	0.03419392927111181
