tool	sample	Weighted UniFrac error	Unweighted UniFrac error	L1 norm error	Completeness (recall)	Purity (precision)	F1 score	True positives	False positives	False negatives	Taxon counts	Jaccard index	Shannon diversity	Shannon equitability	Bray-Curtis distance
Metalign	CAMI_HIGH_S003	8.825646686839969	9796.67423849311	0.08753486026532954	0.6666666666666666	1.0	0.8	8.0	0.0	4.0	8.0	0.6666666666666666	1.2260585311332095	0.5896095209018294	0.04376743013266476
Bracken+Kraken2	CAMI_HIGH_S003	8.4408540502766	10157.475687536535	0.24719347851273774	0.4166666666666667	0.625	0.5	5.0	3.0	7.0	8.0	0.3333333333333333	1.1375845621285383	0.5470625354582285	0.12359673925636884
CLARK	CAMI_HIGH_S003	8.667396727477515	10994.058864448616	0.2495910955561914	0.4166666666666667	1.0	0.5882352941176471	5.0	0.0	7.0	5.0	0.4166666666666667	1.1109360232684613	0.6902633613174248	0.12479554777809568
GOTTCHA	CAMI_HIGH_S003	11.628764066990989	11243.853327627912	0.7362550789374166	0.3333333333333333	1.0	0.5	4.0	0.0	8.0	4.0	0.3333333333333333	0.6759608725607896	0.4876026993392139	0.36812753946870824
MEGAN+DIAMOND	CAMI_HIGH_S003	10.17798089561295	10035.345651692463	0.1976168833324129	0.6666666666666666	1.0	0.8	8.0	0.0	4.0	8.0	0.6666666666666666	1.3177777481274129	0.6337171407390814	0.0988084416662064
MetaPhlAn2	CAMI_HIGH_S003	9.689811192979871	11051.393175612857	0.5574629503128492	0.4166666666666667	1.0	0.5882352941176471	5.0	0.0	7.0	5.0	0.4166666666666667	1.0120281921332066	0.6288084705315682	0.2787314751564245
mOTUs2	CAMI_HIGH_S003	7.7697952331664295	9861.581878002215	0.06838785854222361	0.75	1.0	0.8571428571428571	9.0	0.0	3.0	9.0	0.75	1.3144616978489791	0.5982372996403271	0.034193929271111805
