tool	sample	Weighted UniFrac error	Unweighted UniFrac error	L1 norm error	Completeness (recall)	Purity (precision)	F1 score	True positives	False positives	False negatives	Taxon counts	Jaccard index	Shannon diversity	Shannon equitability	Bray-Curtis distance
Metalign	CAMI_HIGH_S003	8.825646686839978	9796.674238493115	1.827442182554899	0.2757201646090535	0.23426573426573427	0.2533081285444234	67.0	219.0	176.0	286.0	0.14502164502164502	5.477920792711234	0.9685163939297134	0.9137210912774495
Bracken+Kraken2	CAMI_HIGH_S003	8.440854050276597	10157.475687536536	1.9679903248119026	0.037037037037037035	0.05232558139534884	0.04337349397590361	9.0	163.0	234.0	172.0	0.022167487684729065	4.584130299853625	0.8905556519783625	0.9839951624059515
CLARK	CAMI_HIGH_S003	8.66739672747752	10994.058864448618	1.976368246046781	0.024691358024691357	0.14285714285714285	0.042105263157894736	6.0	36.0	237.0	42.0	0.021505376344086023	3.404698945769667	0.9109148997854369	0.98818412302339
GOTTCHA	CAMI_HIGH_S003	11.628764066991	11243.85332762791	1.9907331841516405	0.00411522633744856	0.037037037037037035	0.007407407407407408	1.0	26.0	242.0	27.0	0.0037174721189591076	1.7658172066500577	0.5357720295151702	0.9953665920758193
MEGAN+DIAMOND	CAMI_HIGH_S003	10.177980895612956	10035.345651692465	1.8260331426138405	0.35390946502057613	0.6231884057971014	0.45144356955380577	86.0	52.0	157.0	138.0	0.29152542372881357	4.596345417960368	0.9328412360431815	0.9130165713069192
MetaBinG2	CAMI_HIGH_S003	11.515951307759869	11448.318871738766	1.9952956258477328	0.00411522633744856	0.125	0.00796812749003984	1.0	7.0	242.0	8.0	0.004	1.9059417891629837	0.9165642558161584	0.9976478129238657
MetaPhlAn2	CAMI_HIGH_S003	9.689811192979874	11051.393175612857	1.9638255375405638	0.01646090534979424	0.16	0.029850746268656716	4.0	21.0	239.0	25.0	0.015151515151515152	2.2261817893647926	0.6916022582063865	0.981912768770281
mOTUs2	CAMI_HIGH_S003	7.769795233166424	9861.581878002213	1.8273162747308715	0.4567901234567901	0.46443514644351463	0.46058091286307057	111.0	128.0	132.0	239.0	0.2991913746630728	5.172018370368781	0.9444084346265111	0.913658137365436
