tool	sample	Weighted UniFrac error	Unweighted UniFrac error	L1 norm error	Completeness (recall)	Purity (precision)	F1 score	True positives	False positives	False negatives	Taxon counts	Jaccard index	Shannon diversity	Shannon equitability	Bray-Curtis distance
Metalign	CAMI_HIGH_S003	8.825646686839969	9796.67423849311	1.8274421825548999	0.2757201646090535	0.23426573426573427	0.2533081285444234	67.0	219.0	176.0	286.0	0.14502164502164502	5.47792079271123	0.9685163939297129	0.913721091277449
Bracken+Kraken2	CAMI_HIGH_S003	8.4408540502766	10157.475687536535	1.9679903248119013	0.037037037037037035	0.05232558139534884	0.04337349397590361	9.0	163.0	234.0	172.0	0.022167487684729065	4.584130299853625	0.8905556519783625	0.9839951624059512
CLARK	CAMI_HIGH_S003	8.667396727477515	10994.058864448616	1.976368246046781	0.024691358024691357	0.14285714285714285	0.042105263157894736	6.0	36.0	237.0	42.0	0.021505376344086023	3.4046989457696677	0.9109148997854372	0.9881841230233904
GOTTCHA	CAMI_HIGH_S003	11.628764066990989	11243.853327627912	1.9907331841516396	0.00411522633744856	0.037037037037037035	0.007407407407407408	1.0	26.0	242.0	27.0	0.0037174721189591076	1.7658172066500577	0.5357720295151702	0.9953665920758193
MEGAN+DIAMOND	CAMI_HIGH_S003	10.17798089561295	10035.345651692463	1.8260331426138399	0.35390946502057613	0.6231884057971014	0.45144356955380577	86.0	52.0	157.0	138.0	0.29152542372881357	4.59634541796037	0.9328412360431818	0.9130165713069189
MetaPhlAn2	CAMI_HIGH_S003	9.689811192979871	11051.393175612857	1.9638255375405629	0.01646090534979424	0.16	0.029850746268656716	4.0	21.0	239.0	25.0	0.015151515151515152	2.226181789364793	0.6916022582063867	0.9819127687702813
mOTUs2	CAMI_HIGH_S003	7.7697952331664295	9861.581878002215	1.8273162747308718	0.4567901234567901	0.46443514644351463	0.46058091286307057	111.0	128.0	132.0	239.0	0.2991913746630728	5.172018370368785	0.9444084346265118	0.913658137365436
