tool	sample	Weighted UniFrac error	Unweighted UniFrac error	L1 norm error	Completeness (recall)	Purity (precision)	F1 score	True positives	False positives	False negatives	Taxon counts	Jaccard index	Shannon diversity	Shannon equitability	Bray-Curtis distance
Metalign	CAMI_HIGH_S003	8.825646686839969	9796.67423849311	1.952189952189955	0.021415270018621976	0.08041958041958042	0.03382352941176471	23.0	263.0	1051.0	286.0	0.01720269259536275	5.477920792711236	0.968516393929714	0.9760949760949762
Bracken+Kraken2	CAMI_HIGH_S003	8.4408540502766	10157.475687536535	na	0.0	0.0	na	0.0	0.0	1074.0	0.0	0.0	na	na	na
CLARK	CAMI_HIGH_S003	8.667396727477515	10994.058864448616	na	0.0	0.0	na	0.0	0.0	1074.0	0.0	0.0	na	na	na
GOTTCHA	CAMI_HIGH_S003	11.628764066990989	11243.853327627912	na	0.0	0.0	na	0.0	0.0	1074.0	0.0	0.0	na	na	na
MEGAN+DIAMOND	CAMI_HIGH_S003	10.17798089561295	10035.345651692463	2.0000000000000036	0.0	0.0	na	0.0	53.0	1074.0	53.0	0.0	3.3932689675896666	0.8546648562558194	1.0
MetaPhlAn2	CAMI_HIGH_S003	9.689811192979871	11051.393175612857	na	0.0	0.0	na	0.0	0.0	1074.0	0.0	0.0	na	na	na
mOTUs2	CAMI_HIGH_S003	7.7697952331664295	9861.581878002215	na	0.0	0.0	na	0.0	0.0	1074.0	0.0	0.0	na	na	na
