tool	sample	Weighted UniFrac error	Unweighted UniFrac error	L1 norm error	Completeness (recall)	Purity (precision)	F1 score	True positives	False positives	False negatives	Taxon counts	Jaccard index	Shannon diversity	Shannon equitability	Bray-Curtis distance
Metalign	CAMI_HIGH_S003	8.825646686839978	9796.674238493115	1.952189952189955	0.021415270018621976	0.08041958041958042	0.03382352941176471	23.0	263.0	1051.0	286.0	0.01720269259536275	5.477920792711234	0.9685163939297134	0.9760949760949762
Bracken+Kraken2	CAMI_HIGH_S003	8.440854050276597	10157.475687536536	na	0.0	0.0	na	0.0	0.0	1074.0	0.0	0.0	na	na	na
CLARK	CAMI_HIGH_S003	8.66739672747752	10994.058864448618	na	0.0	0.0	na	0.0	0.0	1074.0	0.0	0.0	na	na	na
GOTTCHA	CAMI_HIGH_S003	11.628764066991	11243.85332762791	na	0.0	0.0	na	0.0	0.0	1074.0	0.0	0.0	na	na	na
MEGAN+DIAMOND	CAMI_HIGH_S003	10.177980895612956	10035.345651692465	2.000000000000002	0.0	0.0	na	0.0	53.0	1074.0	53.0	0.0	3.3932689675896657	0.8546648562558192	1.0
MetaBinG2	CAMI_HIGH_S003	11.515951307759869	11448.318871738766	2.000000000000001	0.0	0.0	na	0.0	8.0	1074.0	8.0	0.0	1.905941789162984	0.9165642558161585	1.0
MetaPhlAn2	CAMI_HIGH_S003	9.689811192979874	11051.393175612857	na	0.0	0.0	na	0.0	0.0	1074.0	0.0	0.0	na	na	na
mOTUs2	CAMI_HIGH_S003	7.769795233166424	9861.581878002213	na	0.0	0.0	na	0.0	0.0	1074.0	0.0	0.0	na	na	na
