tool	sample	Weighted UniFrac error	Unweighted UniFrac error	L1 norm error	Completeness (recall)	Purity (precision)	F1 score	True positives	False positives	False negatives	Taxon counts	Jaccard index	Shannon diversity	Shannon equitability	Bray-Curtis distance
Metalign	CAMI_HIGH_S003	8.825646686839969	9796.67423849311	0.026350902916282486	1.0	0.5	0.6666666666666666	2.0	2.0	0.0	4.0	0.5	0.11136284186426985	0.08033130984844199	0.013175451458141247
Bracken+Kraken2	CAMI_HIGH_S003	8.4408540502766	10157.475687536535	0.01180213296778049	1.0	0.6666666666666666	0.8	2.0	1.0	0.0	3.0	0.6666666666666666	0.10598985023217156	0.09647611930562615	0.005901066483890245
CLARK	CAMI_HIGH_S003	8.667396727477515	10994.058864448616	0.028361902054667248	1.0	1.0	1.0	2.0	0.0	0.0	2.0	1.0	0.12895513958630628	0.18604294037830812	0.014180951027333624
GOTTCHA	CAMI_HIGH_S003	11.628764066990989	11243.853327627912	0.16907507407606887	1.0	1.0	1.0	2.0	0.0	0.0	2.0	1.0	0.3222293241986792	0.4648786480504366	0.08453753703803443
MEGAN+DIAMOND	CAMI_HIGH_S003	10.17798089561295	10035.345651692463	0.015387129160177126	1.0	1.0	1.0	2.0	0.0	0.0	2.0	1.0	0.03908371997865235	0.05638588899269465	0.007693564580088563
MetaPhlAn2	CAMI_HIGH_S003	9.689811192979871	11051.393175612857	0.1623262708398228	1.0	1.0	1.0	2.0	0.0	0.0	2.0	1.0	0.3147015319616293	0.45401833952120224	0.0811631354199114
mOTUs2	CAMI_HIGH_S003	7.7697952331664295	9861.581878002215	0.006892513437793468	1.0	1.0	1.0	2.0	0.0	0.0	2.0	1.0	0.05929216707963075	0.08554051540934314	0.003446256718896734
