tool	sample	Weighted UniFrac error	Unweighted UniFrac error	L1 norm error	Completeness (recall)	Purity (precision)	F1 score	True positives	False positives	False negatives	Taxon counts	Jaccard index	Shannon diversity	Shannon equitability	Bray-Curtis distance
Metalign	CAMI_MED_S002	8.967396737465215	2316.7741913637824	0.27125201955277684	1.0	0.9375	0.967741935483871	15.0	1.0	0.0	16.0	0.9375	1.9675862469082948	0.7096567302339811	0.13562600977638836
Bracken+Kraken2	CAMI_MED_S002	8.914008821457108	2187.5497783341834	0.3184934721009198	0.8666666666666667	0.9285714285714286	0.896551724137931	13.0	1.0	2.0	14.0	0.8125	1.8784557130077892	0.7117904154365774	0.15924673605045983
CLARK	CAMI_MED_S002	9.223380658787173	2447.3901718384755	0.35321700986440846	0.8666666666666667	1.0	0.9285714285714286	13.0	0.0	2.0	13.0	0.8666666666666667	1.786502473289866	0.6965059439060117	0.17660850493220426
GOTTCHA	CAMI_MED_S002	11.243638012111907	2634.7744562643416	0.9526390847447692	0.4666666666666667	1.0	0.6363636363636364	7.0	0.0	8.0	7.0	0.4666666666666667	1.4923892854898444	0.7669363799836076	0.47631954237238455
MEGAN+DIAMOND	CAMI_MED_S002	10.067609786142807	2171.172549867568	0.30040502928035645	1.0	0.9375	0.967741935483871	15.0	1.0	0.0	16.0	0.9375	2.1074409293005907	0.7600986444170977	0.15020251464017823
MetaPhlAn2	CAMI_MED_S002	10.499730902104428	2594.3912191101144	0.8634971038391446	0.6666666666666666	1.0	0.8	10.0	0.0	5.0	10.0	0.6666666666666666	1.5141429516492992	0.6575839287139928	0.43174855191957234
mOTUs2	CAMI_MED_S002	8.361556609844078	2259.532714654492	0.13638308201541585	0.9333333333333333	0.9333333333333333	0.9333333333333333	14.0	1.0	1.0	15.0	0.875	1.9414114956157886	0.7169038058547106	0.06819154100770791
