tool	sample	Weighted UniFrac error	Unweighted UniFrac error	L1 norm error	Completeness (recall)	Purity (precision)	F1 score	True positives	False positives	False negatives	Taxon counts	Jaccard index	Shannon diversity	Shannon equitability	Bray-Curtis distance
Metalign	CAMI_MED_S002	8.96739673746522	2316.7741913637824	0.27125201955277684	1.0	0.9375	0.967741935483871	15.0	1.0	0.0	16.0	0.9375	1.9675862469082948	0.7096567302339811	0.13562600977638836
Bracken+Kraken2	CAMI_MED_S002	8.9140088214571	2187.5497783341834	0.3184934721009198	0.8666666666666667	0.9285714285714286	0.896551724137931	13.0	1.0	2.0	14.0	0.8125	1.8784557130077892	0.7117904154365774	0.15924673605045983
CLARK	CAMI_MED_S002	9.22338065878717	2447.3901718384755	0.3532170098644085	0.8666666666666667	1.0	0.9285714285714286	13.0	0.0	2.0	13.0	0.8666666666666667	1.7865024732898658	0.6965059439060116	0.1766085049322043
GOTTCHA	CAMI_MED_S002	11.243638012111903	2634.774456264342	0.9526390847447692	0.4666666666666667	1.0	0.6363636363636364	7.0	0.0	8.0	7.0	0.4666666666666667	1.4923892854898446	0.7669363799836079	0.47631954237238466
MEGAN+DIAMOND	CAMI_MED_S002	10.067609786142798	2171.1725498675673	0.30040502928035645	1.0	0.9375	0.967741935483871	15.0	1.0	0.0	16.0	0.9375	2.1074409293005907	0.7600986444170977	0.15020251464017823
MetaBinG2	CAMI_MED_S002	11.462961807763671	2783.006204743494	0.6439884617244929	0.3333333333333333	1.0	0.5	5.0	0.0	10.0	5.0	0.3333333333333333	1.2041660597558843	0.748190439937328	0.32199423086224643
MetaPhlAn2	CAMI_MED_S002	10.499730902104425	2594.3912191101144	0.8634971038391447	0.6666666666666666	1.0	0.8	10.0	0.0	5.0	10.0	0.6666666666666666	1.5141429516492995	0.657583928713993	0.43174855191957234
mOTUs2	CAMI_MED_S002	8.361556609844078	2259.5327146544923	0.13638308201541585	0.9333333333333333	0.9333333333333333	0.9333333333333333	14.0	1.0	1.0	15.0	0.875	1.941411495615789	0.7169038058547107	0.06819154100770791
