tool	sample	Weighted UniFrac error	Unweighted UniFrac error	L1 norm error	Completeness (recall)	Purity (precision)	F1 score	True positives	False positives	False negatives	Taxon counts	Jaccard index	Shannon diversity	Shannon equitability	Bray-Curtis distance
Metalign	CAMI_MED_S002	8.967396737465215	2316.7741913637824	0.3454184939662042	0.7735849056603774	0.9534883720930233	0.8541666666666667	41.0	2.0	12.0	43.0	0.7454545454545455	3.0286785190670824	0.8052425890422468	0.17270924698310205
Bracken+Kraken2	CAMI_MED_S002	8.914008821457108	2187.5497783341834	0.5972743883740792	0.7547169811320755	0.7142857142857143	0.7339449541284405	40.0	16.0	13.0	56.0	0.5797101449275363	3.152840688289934	0.7832460193593993	0.2986371941870395
CLARK	CAMI_MED_S002	9.223380658787173	2447.3901718384755	0.7191565633104117	0.6037735849056604	0.9696969696969697	0.7441860465116279	32.0	1.0	21.0	33.0	0.5925925925925926	2.6959970453305377	0.7710542585527262	0.3595782816552058
GOTTCHA	CAMI_MED_S002	11.243638012111907	2634.7744562643416	1.3971345611407153	0.2641509433962264	0.9333333333333333	0.411764705882353	14.0	1.0	39.0	15.0	0.25925925925925924	1.677133129355705	0.6193138992301882	0.6985672805703576
MEGAN+DIAMOND	CAMI_MED_S002	10.067609786142807	2171.172549867568	0.37983683710285554	0.7547169811320755	0.9302325581395349	0.8333333333333334	40.0	3.0	13.0	43.0	0.7142857142857143	2.916279153255538	0.7753586790257179	0.18991841855142774
MetaPhlAn2	CAMI_MED_S002	10.499730902104428	2594.3912191101144	1.1290243507797049	0.41509433962264153	0.9565217391304348	0.5789473684210527	22.0	1.0	31.0	23.0	0.4074074074074074	2.0622020717650984	0.6576960216633665	0.5645121753898522
mOTUs2	CAMI_MED_S002	8.361556609844078	2259.532714654492	0.2701678481381346	0.7358490566037735	0.975	0.8387096774193549	39.0	1.0	14.0	40.0	0.7222222222222222	2.8681960310733543	0.7775250090849855	0.13508392406906725
