tool	sample	Weighted UniFrac error	Unweighted UniFrac error	L1 norm error	Completeness (recall)	Purity (precision)	F1 score	True positives	False positives	False negatives	Taxon counts	Jaccard index	Shannon diversity	Shannon equitability	Bray-Curtis distance
Metalign	CAMI_MED_S002	8.96739673746522	2316.7741913637824	0.34541849396620433	0.7735849056603774	0.9534883720930233	0.8541666666666667	41.0	2.0	12.0	43.0	0.7454545454545455	3.0286785190670833	0.805242589042247	0.17270924698310205
Bracken+Kraken2	CAMI_MED_S002	8.9140088214571	2187.5497783341834	0.5972743883740792	0.7547169811320755	0.7142857142857143	0.7339449541284405	40.0	16.0	13.0	56.0	0.5797101449275363	3.1528406882899356	0.7832460193593997	0.29863719418703943
CLARK	CAMI_MED_S002	9.22338065878717	2447.3901718384755	0.7191565633104117	0.6037735849056604	0.9696969696969697	0.7441860465116279	32.0	1.0	21.0	33.0	0.5925925925925926	2.6959970453305377	0.7710542585527262	0.35957828165520583
GOTTCHA	CAMI_MED_S002	11.243638012111903	2634.774456264342	1.3971345611407153	0.2641509433962264	0.9333333333333333	0.411764705882353	14.0	1.0	39.0	15.0	0.25925925925925924	1.6771331293557048	0.6193138992301881	0.6985672805703576
MEGAN+DIAMOND	CAMI_MED_S002	10.067609786142798	2171.1725498675673	0.3798368371028556	0.7547169811320755	0.9302325581395349	0.8333333333333334	40.0	3.0	13.0	43.0	0.7142857142857143	2.9162791532555383	0.775358679025718	0.18991841855142774
MetaBinG2	CAMI_MED_S002	11.462961807763671	2783.006204743494	1.1062458514075066	0.1320754716981132	0.875	0.22950819672131148	7.0	1.0	46.0	8.0	0.12962962962962962	1.6698471859950699	0.803026751425826	0.5531229257037533
MetaPhlAn2	CAMI_MED_S002	10.499730902104425	2594.3912191101144	1.1290243507797049	0.41509433962264153	0.9565217391304348	0.5789473684210527	22.0	1.0	31.0	23.0	0.4074074074074074	2.0622020717650984	0.6576960216633665	0.5645121753898522
mOTUs2	CAMI_MED_S002	8.361556609844078	2259.5327146544923	0.2701678481381346	0.7358490566037735	0.975	0.8387096774193549	39.0	1.0	14.0	40.0	0.7222222222222222	2.868196031073355	0.7775250090849857	0.13508392406906727
