tool	sample	Weighted UniFrac error	Unweighted UniFrac error	L1 norm error	Completeness (recall)	Purity (precision)	F1 score	True positives	False positives	False negatives	Taxon counts	Jaccard index	Shannon diversity	Shannon equitability	Bray-Curtis distance
Metalign	CAMI_MED_S002	8.96739673746522	2316.7741913637824	0.4318821145238792	0.704225352112676	0.819672131147541	0.7575757575757576	50.0	11.0	21.0	61.0	0.6097560975609756	3.3181161414060587	0.8071559116235072	0.21594105726193957
Bracken+Kraken2	CAMI_MED_S002	8.9140088214571	2187.5497783341834	0.7320403710956606	0.5915492957746479	0.4666666666666667	0.5217391304347827	42.0	48.0	29.0	90.0	0.35294117647058826	3.3968901903925883	0.7548964154617839	0.36602018554783033
CLARK	CAMI_MED_S002	9.22338065878717	2447.3901718384755	0.8500348950409685	0.36619718309859156	0.7647058823529411	0.49523809523809526	26.0	8.0	45.0	34.0	0.3291139240506329	2.6635737625314775	0.7553322310461728	0.4250174475204841
GOTTCHA	CAMI_MED_S002	11.243638012111903	2634.774456264342	1.4126133553046127	0.18309859154929578	0.7647058823529411	0.29545454545454547	13.0	4.0	58.0	17.0	0.17333333333333334	1.7402842789659287	0.6142439935265949	0.7063066776523063
MEGAN+DIAMOND	CAMI_MED_S002	10.067609786142798	2171.1725498675673	0.3776076771044503	0.6901408450704225	0.8448275862068966	0.7596899224806202	49.0	9.0	22.0	58.0	0.6125	3.1033531716139886	0.7642893062538924	0.18880383855222505
MetaBinG2	CAMI_MED_S002	11.462961807763671	2783.006204743494	1.2413443530918635	0.08450704225352113	0.75	0.1518987341772152	6.0	2.0	65.0	8.0	0.0821917808219178	1.66984718599507	0.8030267514258261	0.6206721765459319
MetaPhlAn2	CAMI_MED_S002	10.499730902104425	2594.3912191101144	1.2078077628538288	0.28169014084507044	0.7692307692307693	0.4123711340206186	20.0	6.0	51.0	26.0	0.2597402597402597	2.0875448842989632	0.6407253007814955	0.6039038814269143
mOTUs2	CAMI_MED_S002	8.361556609844078	2259.5327146544923	0.25821544441243105	0.647887323943662	0.8518518518518519	0.7360000000000001	46.0	8.0	25.0	54.0	0.5822784810126582	3.1210798277949356	0.7824247455898281	0.12910772220621555
