tool	sample	Weighted UniFrac error	Unweighted UniFrac error	L1 norm error	Completeness (recall)	Purity (precision)	F1 score	True positives	False positives	False negatives	Taxon counts	Jaccard index	Shannon diversity	Shannon equitability	Bray-Curtis distance
Metalign	CAMI_MED_S002	8.967396737465215	2316.7741913637824	0.786406966923388	0.8275862068965517	0.8275862068965517	0.8275862068965517	24.0	5.0	5.0	29.0	0.7058823529411765	2.7397663693689833	0.8136399377122706	0.393203483461694
Bracken+Kraken2	CAMI_MED_S002	8.914008821457108	2187.5497783341834	0.9552028060142042	0.8275862068965517	0.6666666666666666	0.7384615384615385	24.0	12.0	5.0	36.0	0.5853658536585366	2.7888775669771633	0.7782511031401713	0.4776014030071021
CLARK	CAMI_MED_S002	9.223380658787173	2447.3901718384755	1.0118065392948277	0.6551724137931034	0.7916666666666666	0.7169811320754716	19.0	5.0	10.0	24.0	0.5588235294117647	2.514496967104814	0.7912065375020778	0.5059032696474138
GOTTCHA	CAMI_MED_S002	11.243638012111907	2634.7744562643416	1.3478406999874901	0.4482758620689655	1.0	0.6190476190476191	13.0	0.0	16.0	13.0	0.4482758620689655	1.6750775472362294	0.6530645692334487	0.6739203499937451
MEGAN+DIAMOND	CAMI_MED_S002	10.067609786142807	2171.172549867568	0.7460606876897049	0.8620689655172413	0.8620689655172413	0.8620689655172413	25.0	4.0	4.0	29.0	0.7575757575757576	2.656093517031613	0.7887912589617295	0.37303034384485245
MetaPhlAn2	CAMI_MED_S002	10.499730902104428	2594.3912191101144	1.0445333542762274	0.6206896551724138	0.9473684210526315	0.75	18.0	1.0	11.0	19.0	0.6	2.0242773863215526	0.6874917091658045	0.5222666771381135
mOTUs2	CAMI_MED_S002	8.361556609844078	2259.532714654492	0.6629433768634638	0.7931034482758621	0.8214285714285714	0.8070175438596492	23.0	5.0	6.0	28.0	0.6764705882352942	2.623521932731583	0.7873232044192993	0.3314716884317319
