tool	sample	Weighted UniFrac error	Unweighted UniFrac error	L1 norm error	Completeness (recall)	Purity (precision)	F1 score	True positives	False positives	False negatives	Taxon counts	Jaccard index	Shannon diversity	Shannon equitability	Bray-Curtis distance
Metalign	CAMI_MED_S002	8.96739673746522	2316.7741913637824	0.7864069669233881	0.8275862068965517	0.8275862068965517	0.8275862068965517	24.0	5.0	5.0	29.0	0.7058823529411765	2.7397663693689833	0.8136399377122706	0.3932034834616939
Bracken+Kraken2	CAMI_MED_S002	8.9140088214571	2187.5497783341834	0.9552028060142042	0.8275862068965517	0.6666666666666666	0.7384615384615385	24.0	12.0	5.0	36.0	0.5853658536585366	2.788877566977164	0.7782511031401715	0.4776014030071021
CLARK	CAMI_MED_S002	9.22338065878717	2447.3901718384755	1.0118065392948274	0.6551724137931034	0.7916666666666666	0.7169811320754716	19.0	5.0	10.0	24.0	0.5588235294117647	2.5144969671048143	0.7912065375020779	0.5059032696474141
GOTTCHA	CAMI_MED_S002	11.243638012111903	2634.774456264342	1.3478406999874901	0.4482758620689655	1.0	0.6190476190476191	13.0	0.0	16.0	13.0	0.4482758620689655	1.6750775472362296	0.6530645692334487	0.6739203499937452
MEGAN+DIAMOND	CAMI_MED_S002	10.067609786142798	2171.1725498675673	0.746060687689705	0.8620689655172413	0.8620689655172413	0.8620689655172413	25.0	4.0	4.0	29.0	0.7575757575757576	2.6560935170316124	0.7887912589617294	0.3730303438448525
MetaBinG2	CAMI_MED_S002	11.462961807763671	2783.006204743494	1.423549588121494	0.1724137931034483	0.7142857142857143	0.2777777777777778	5.0	2.0	24.0	7.0	0.16129032258064516	1.5587438044416222	0.8010358572816685	0.7117747940607471
MetaPhlAn2	CAMI_MED_S002	10.499730902104425	2594.3912191101144	1.0445333542762278	0.6206896551724138	0.9473684210526315	0.75	18.0	1.0	11.0	19.0	0.6	2.024277386321552	0.6874917091658044	0.5222666771381137
mOTUs2	CAMI_MED_S002	8.361556609844078	2259.5327146544923	0.6629433768634639	0.7931034482758621	0.8214285714285714	0.8070175438596492	23.0	5.0	6.0	28.0	0.6764705882352942	2.6235219327315824	0.7873232044192991	0.33147168843173197
