tool	sample	Weighted UniFrac error	Unweighted UniFrac error	L1 norm error	Completeness (recall)	Purity (precision)	F1 score	True positives	False positives	False negatives	Taxon counts	Jaccard index	Shannon diversity	Shannon equitability	Bray-Curtis distance
Metalign	CAMI_MED_S002	8.967396737465215	2316.7741913637824	0.23150069194557157	1.0	1.0	1.0	6.0	0.0	0.0	6.0	1.0	1.3151535759589525	0.7340011862895643	0.11575034597278577
Bracken+Kraken2	CAMI_MED_S002	8.914008821457108	2187.5497783341834	0.1070824125540709	1.0	0.75	0.8571428571428571	6.0	2.0	0.0	8.0	0.75	1.37621417123869	0.6618191200157243	0.05354120627703546
CLARK	CAMI_MED_S002	9.223380658787173	2447.3901718384755	0.18187725440139935	1.0	1.0	1.0	6.0	0.0	0.0	6.0	1.0	1.3515809651750215	0.7543316993085707	0.09093862720069967
GOTTCHA	CAMI_MED_S002	11.243638012111907	2634.7744562643416	0.8963701983816063	0.5	1.0	0.6666666666666666	3.0	0.0	3.0	3.0	0.5	0.9277156393537322	0.8444431660949632	0.4481850991908031
MEGAN+DIAMOND	CAMI_MED_S002	10.067609786142807	2171.172549867568	0.20762394493514505	1.0	1.0	1.0	6.0	0.0	0.0	6.0	1.0	1.4088818066943678	0.7863119078708468	0.10381197246757251
MetaPhlAn2	CAMI_MED_S002	10.499730902104428	2594.3912191101144	0.8048223426970504	0.8333333333333334	1.0	0.9090909090909091	5.0	0.0	1.0	5.0	0.8333333333333334	1.034506037560119	0.6427747411489398	0.40241117134852517
mOTUs2	CAMI_MED_S002	8.361556609844078	2259.532714654492	0.105935700390107	1.0	1.0	1.0	6.0	0.0	0.0	6.0	1.0	1.3289497109964894	0.7417009558593497	0.05296785019505349
