tool	sample	Weighted UniFrac error	Unweighted UniFrac error	L1 norm error	Completeness (recall)	Purity (precision)	F1 score	True positives	False positives	False negatives	Taxon counts	Jaccard index	Shannon diversity	Shannon equitability	Bray-Curtis distance
Metalign	CAMI_MED_S002	8.96739673746522	2316.7741913637824	0.23150069194557163	1.0	1.0	1.0	6.0	0.0	0.0	6.0	1.0	1.315153575958953	0.7340011862895646	0.11575034597278579
Bracken+Kraken2	CAMI_MED_S002	8.9140088214571	2187.5497783341834	0.1070824125540709	1.0	0.75	0.8571428571428571	6.0	2.0	0.0	8.0	0.75	1.37621417123869	0.6618191200157243	0.05354120627703545
CLARK	CAMI_MED_S002	9.22338065878717	2447.3901718384755	0.18187725440139935	1.0	1.0	1.0	6.0	0.0	0.0	6.0	1.0	1.3515809651750215	0.7543316993085707	0.09093862720069967
GOTTCHA	CAMI_MED_S002	11.243638012111903	2634.774456264342	0.8963701983816064	0.5	1.0	0.6666666666666666	3.0	0.0	3.0	3.0	0.5	0.9277156393537322	0.8444431660949632	0.4481850991908032
MEGAN+DIAMOND	CAMI_MED_S002	10.067609786142798	2171.1725498675673	0.20762394493514505	1.0	1.0	1.0	6.0	0.0	0.0	6.0	1.0	1.4088818066943678	0.7863119078708468	0.10381197246757251
MetaBinG2	CAMI_MED_S002	11.462961807763671	2783.006204743494	0.5886083906379594	0.8333333333333334	1.0	0.9090909090909091	5.0	0.0	1.0	5.0	0.8333333333333334	1.2041660597558843	0.748190439937328	0.2943041953189797
MetaPhlAn2	CAMI_MED_S002	10.499730902104425	2594.3912191101144	0.8048223426970504	0.8333333333333334	1.0	0.9090909090909091	5.0	0.0	1.0	5.0	0.8333333333333334	1.034506037560119	0.6427747411489398	0.40241117134852517
mOTUs2	CAMI_MED_S002	8.361556609844078	2259.5327146544923	0.105935700390107	1.0	1.0	1.0	6.0	0.0	0.0	6.0	1.0	1.3289497109964894	0.7417009558593497	0.0529678501950535
