tool	sample	Weighted UniFrac error	Unweighted UniFrac error	L1 norm error	Completeness (recall)	Purity (precision)	F1 score	True positives	False positives	False negatives	Taxon counts	Jaccard index	Shannon diversity	Shannon equitability	Bray-Curtis distance
Metalign	CAMI_MED_S002	8.96739673746522	2316.7741913637824	1.5466607148550846	0.5	0.4931506849315068	0.496551724137931	36.0	37.0	36.0	73.0	0.3302752293577982	3.4620782580470864	0.8069248306704471	0.773330357427542
Bracken+Kraken2	CAMI_MED_S002	8.9140088214571	2187.5497783341834	1.7470069389184864	0.2638888888888889	0.2289156626506024	0.2451612903225806	19.0	64.0	53.0	83.0	0.13970588235294118	3.327625423327513	0.7530539611354737	0.8735034694592428
CLARK	CAMI_MED_S002	9.22338065878717	2447.3901718384755	1.7693128846092532	0.19444444444444445	0.42424242424242425	0.26666666666666666	14.0	19.0	58.0	33.0	0.15384615384615385	2.5870779966485404	0.7399034468449674	0.8846564423046264
GOTTCHA	CAMI_MED_S002	11.243638012111903	2634.774456264342	1.800484275877434	0.125	0.5	0.2	9.0	9.0	63.0	18.0	0.1111111111111111	1.719324710775461	0.5948455267314534	0.9002421379387167
MEGAN+DIAMOND	CAMI_MED_S002	10.067609786142798	2171.1725498675673	1.5804587549167834	0.4583333333333333	0.6	0.5196850393700787	33.0	22.0	39.0	55.0	0.35106382978723405	3.0064651623018293	0.75024087674592	0.7902293774583916
MetaBinG2	CAMI_MED_S002	11.462961807763671	2783.006204743494	1.8620973758887864	0.027777777777777776	0.25	0.049999999999999996	2.0	6.0	70.0	8.0	0.02564102564102564	1.66984718599507	0.8030267514258261	0.9310486879443931
MetaPhlAn2	CAMI_MED_S002	10.499730902104425	2594.3912191101144	1.7794829489867883	0.2222222222222222	0.64	0.32989690721649484	16.0	9.0	56.0	25.0	0.19753086419753085	1.923519696148595	0.5975749922653059	0.8897414744933939
mOTUs2	CAMI_MED_S002	8.361556609844078	2259.5327146544923	1.6229289289927629	0.3888888888888889	0.6511627906976745	0.4869565217391305	28.0	15.0	44.0	43.0	0.3218390804597701	2.9102330389902784	0.7737511829927277	0.8114644644963812
