tool	sample	Weighted UniFrac error	Unweighted UniFrac error	L1 norm error	Completeness (recall)	Purity (precision)	F1 score	True positives	False positives	False negatives	Taxon counts	Jaccard index	Shannon diversity	Shannon equitability	Bray-Curtis distance
Metalign	CAMI_MED_S002	8.967396737465215	2316.7741913637824	1.5466607148550844	0.5	0.4931506849315068	0.496551724137931	36.0	37.0	36.0	73.0	0.3302752293577982	3.462078258047085	0.8069248306704467	0.7733303574275422
Bracken+Kraken2	CAMI_MED_S002	8.914008821457108	2187.5497783341834	1.7470069389184864	0.2638888888888889	0.2289156626506024	0.2451612903225806	19.0	64.0	53.0	83.0	0.13970588235294118	3.3276254233275138	0.753053961135474	0.8735034694592427
CLARK	CAMI_MED_S002	9.223380658787173	2447.3901718384755	1.7693128846092534	0.19444444444444445	0.42424242424242425	0.26666666666666666	14.0	19.0	58.0	33.0	0.15384615384615385	2.587077996648541	0.7399034468449676	0.8846564423046265
GOTTCHA	CAMI_MED_S002	11.243638012111907	2634.7744562643416	1.800484275877434	0.125	0.5	0.2	9.0	9.0	63.0	18.0	0.1111111111111111	1.7193247107754612	0.5948455267314535	0.9002421379387167
MEGAN+DIAMOND	CAMI_MED_S002	10.067609786142807	2171.172549867568	1.5804587549167834	0.4583333333333333	0.6	0.5196850393700787	33.0	22.0	39.0	55.0	0.35106382978723405	3.0064651623018293	0.75024087674592	0.7902293774583916
MetaPhlAn2	CAMI_MED_S002	10.499730902104428	2594.3912191101144	1.7794829489867883	0.2222222222222222	0.64	0.32989690721649484	16.0	9.0	56.0	25.0	0.19753086419753085	1.923519696148595	0.5975749922653059	0.8897414744933939
mOTUs2	CAMI_MED_S002	8.361556609844078	2259.532714654492	1.6229289289927626	0.3888888888888889	0.6511627906976745	0.4869565217391305	28.0	15.0	44.0	43.0	0.3218390804597701	2.9102330389902775	0.7737511829927275	0.8114644644963812
