tool	sample	Weighted UniFrac error	Unweighted UniFrac error	L1 norm error	Completeness (recall)	Purity (precision)	F1 score	True positives	False positives	False negatives	Taxon counts	Jaccard index	Shannon diversity	Shannon equitability	Bray-Curtis distance
Metalign	CAMI_MED_S002	8.967396737465215	2316.7741913637824	1.9016532132257058	0.04741379310344827	0.1506849315068493	0.0721311475409836	11.0	62.0	221.0	73.0	0.03741496598639456	3.462078258047084	0.8069248306704465	0.950826606612853
Bracken+Kraken2	CAMI_MED_S002	8.914008821457108	2187.5497783341834	na	0.0	0.0	na	0.0	0.0	232.0	0.0	0.0	na	na	na
CLARK	CAMI_MED_S002	9.223380658787173	2447.3901718384755	na	0.0	0.0	na	0.0	0.0	232.0	0.0	0.0	na	na	na
GOTTCHA	CAMI_MED_S002	11.243638012111907	2634.7744562643416	na	0.0	0.0	na	0.0	0.0	232.0	0.0	0.0	na	na	na
MEGAN+DIAMOND	CAMI_MED_S002	10.067609786142807	2171.172549867568	1.999999999999999	0.0	0.0	na	0.0	23.0	232.0	23.0	0.0	2.339726260646678	0.7462065306197162	1.0
MetaPhlAn2	CAMI_MED_S002	10.499730902104428	2594.3912191101144	na	0.0	0.0	na	0.0	0.0	232.0	0.0	0.0	na	na	na
mOTUs2	CAMI_MED_S002	8.361556609844078	2259.532714654492	na	0.0	0.0	na	0.0	0.0	232.0	0.0	0.0	na	na	na
