tool	sample	Weighted UniFrac error	Unweighted UniFrac error	L1 norm error	Completeness (recall)	Purity (precision)	F1 score	True positives	False positives	False negatives	Taxon counts	Jaccard index	Shannon diversity	Shannon equitability	Bray-Curtis distance
Metalign	CAMI_MED_S002	8.96739673746522	2316.7741913637824	1.9016532132257042	0.04741379310344827	0.1506849315068493	0.0721311475409836	11.0	62.0	221.0	73.0	0.03741496598639456	3.462078258047087	0.8069248306704472	0.9508266066128529
Bracken+Kraken2	CAMI_MED_S002	8.9140088214571	2187.5497783341834	na	0.0	0.0	na	0.0	0.0	232.0	0.0	0.0	na	na	na
CLARK	CAMI_MED_S002	9.22338065878717	2447.3901718384755	na	0.0	0.0	na	0.0	0.0	232.0	0.0	0.0	na	na	na
GOTTCHA	CAMI_MED_S002	11.243638012111903	2634.774456264342	na	0.0	0.0	na	0.0	0.0	232.0	0.0	0.0	na	na	na
MEGAN+DIAMOND	CAMI_MED_S002	10.067609786142798	2171.1725498675673	1.9999999999999982	0.0	0.0	na	0.0	23.0	232.0	23.0	0.0	2.3397262606466787	0.7462065306197164	1.0
MetaBinG2	CAMI_MED_S002	11.462961807763671	2783.006204743494	1.999999999999999	0.0	0.0	na	0.0	7.0	232.0	7.0	0.0	1.529748151266076	0.7861350391788271	1.0
MetaPhlAn2	CAMI_MED_S002	10.499730902104425	2594.3912191101144	na	0.0	0.0	na	0.0	0.0	232.0	0.0	0.0	na	na	na
mOTUs2	CAMI_MED_S002	8.361556609844078	2259.5327146544923	na	0.0	0.0	na	0.0	0.0	232.0	0.0	0.0	na	na	na
