tool	sample	Weighted UniFrac error	Unweighted UniFrac error	L1 norm error	Completeness (recall)	Purity (precision)	F1 score	True positives	False positives	False negatives	Taxon counts	Jaccard index	Shannon diversity	Shannon equitability	Bray-Curtis distance
Metalign	CAMI_MED_S002	8.96739673746522	2316.7741913637824	0.6635099310557802	0.6666666666666666	1.0	0.8	2.0	0.0	1.0	2.0	0.6666666666666666	0.11425179001965118	0.16483049087403792	0.33175496552789
Bracken+Kraken2	CAMI_MED_S002	8.9140088214571	2187.5497783341834	0.645715870228302	0.6666666666666666	0.6666666666666666	0.6666666666666666	2.0	1.0	1.0	3.0	0.5	0.19092150127038926	0.17378423966279385	0.322857935114151
CLARK	CAMI_MED_S002	9.22338065878717	2447.3901718384755	0.6457158702283021	0.6666666666666666	1.0	0.8	2.0	0.0	1.0	2.0	0.6666666666666666	0.21863902036517735	0.31542943042566246	0.32285793511415106
GOTTCHA	CAMI_MED_S002	11.243638012111903	2634.774456264342	0.6457158702283021	0.6666666666666666	1.0	0.8	2.0	0.0	1.0	2.0	0.6666666666666666	0.4247689543733195	0.6128120639979785	0.322857935114151
MEGAN+DIAMOND	CAMI_MED_S002	10.067609786142798	2171.1725498675673	0.6599589822503122	0.6666666666666666	1.0	0.8	2.0	0.0	1.0	2.0	0.6666666666666666	0.12074466837299995	0.1741977342755095	0.32997949112515607
MetaBinG2	CAMI_MED_S002	11.462961807763671	2783.006204743494	0.6701220739339188	0.6666666666666666	1.0	0.8	2.0	0.0	1.0	2.0	0.6666666666666666	0.10179882056157052	0.14686465359252324	0.3350610369669594
MetaPhlAn2	CAMI_MED_S002	10.499730902104425	2594.3912191101144	0.5585466702283021	1.0	1.0	1.0	3.0	0.0	0.0	3.0	1.0	0.5356487124525035	0.4875684697664279	0.279273335114151
mOTUs2	CAMI_MED_S002	8.361556609844078	2259.5327146544923	0.645715870228302	0.6666666666666666	1.0	0.8	2.0	0.0	1.0	2.0	0.6666666666666666	0.2087156410677028	0.3011130203243357	0.322857935114151
