tool	sample	Weighted UniFrac error	Unweighted UniFrac error	L1 norm error	Completeness (recall)	Purity (precision)	F1 score	True positives	False positives	False negatives	Taxon counts	Jaccard index	Shannon diversity	Shannon equitability	Bray-Curtis distance
Metalign	CAMI_MED_S002	8.967396737465215	2316.7741913637824	0.6635099310557799	0.6666666666666666	1.0	0.8	2.0	0.0	1.0	2.0	0.6666666666666666	0.11425179001965118	0.16483049087403792	0.33175496552788997
Bracken+Kraken2	CAMI_MED_S002	8.914008821457108	2187.5497783341834	0.645715870228302	0.6666666666666666	0.6666666666666666	0.6666666666666666	2.0	1.0	1.0	3.0	0.5	0.19092150127038926	0.17378423966279385	0.322857935114151
CLARK	CAMI_MED_S002	9.223380658787173	2447.3901718384755	0.6457158702283021	0.6666666666666666	1.0	0.8	2.0	0.0	1.0	2.0	0.6666666666666666	0.21863902036517735	0.31542943042566246	0.32285793511415106
GOTTCHA	CAMI_MED_S002	11.243638012111907	2634.7744562643416	0.6457158702283021	0.6666666666666666	1.0	0.8	2.0	0.0	1.0	2.0	0.6666666666666666	0.4247689543733195	0.6128120639979785	0.32285793511415106
MEGAN+DIAMOND	CAMI_MED_S002	10.067609786142807	2171.172549867568	0.6599589822503122	0.6666666666666666	1.0	0.8	2.0	0.0	1.0	2.0	0.6666666666666666	0.12074466837299995	0.1741977342755095	0.32997949112515607
MetaPhlAn2	CAMI_MED_S002	10.499730902104428	2594.3912191101144	0.5585466702283021	1.0	1.0	1.0	3.0	0.0	0.0	3.0	1.0	0.5356487124525035	0.4875684697664279	0.27927333511415103
mOTUs2	CAMI_MED_S002	8.361556609844078	2259.532714654492	0.645715870228302	0.6666666666666666	1.0	0.8	2.0	0.0	1.0	2.0	0.6666666666666666	0.2087156410677028	0.3011130203243357	0.322857935114151
