rank	sample	Weighted UniFrac error	Unweighted UniFrac error	L1 norm error	Completeness (recall)	Purity (precision)	F1 score	True positives	False positives	False negatives	Taxon counts	Jaccard index	Shannon diversity	Shannon equitability	Bray-Curtis distance
superkingdom	CAMI_HIGH_S003	8.408759114464239	13342.69585065435	0.012684070839822863	1.0	0.5	0.6666666666666666	2.0	2.0	0.0	4.0	0.5	0.10985987187321611	0.0792471461720929	0.006342035419911432
phylum	CAMI_HIGH_S003	8.408759114464239	13342.69585065435	0.24219775010454364	0.9166666666666666	0.55	0.6874999999999999	11.0	9.0	1.0	20.0	0.5238095238095238	1.1759833325194728	0.39255288027602797	0.12109887505227183
class	CAMI_HIGH_S003	8.408759114464239	13342.69585065435	0.3393052505200085	1.0	0.5384615384615384	0.7000000000000001	21.0	18.0	0.0	39.0	0.5384615384615384	1.9628104210038047	0.5357656320803028	0.16965262526000427
order	CAMI_HIGH_S003	8.408759114464239	13342.69585065435	0.8786432755332229	1.0	0.40404040404040403	0.5755395683453237	40.0	59.0	0.0	99.0	0.40404040404040403	3.003108223219458	0.6535429588700494	0.43932163776661126
family	CAMI_HIGH_S003	8.408759114464239	13342.69585065435	0.6080105867740585	0.8977272727272727	0.4114583333333333	0.5642857142857143	79.0	113.0	9.0	192.0	0.39303482587064675	3.754989694623259	0.714216452686098	0.30400529338702953
genus	CAMI_HIGH_S003	8.408759114464239	13342.69585065435	1.0272042041789016	0.6082474226804123	0.24279835390946503	0.34705882352941175	118.0	368.0	76.0	486.0	0.2099644128113879	4.712072866424729	0.7617061035121864	0.5136021020894519
species	CAMI_HIGH_S003	8.408759114464239	13342.69585065435	1.9662707663258874	0.06584362139917696	0.010876954452753228	0.01866977829638273	16.0	1455.0	227.0	1471.0	0.009422850412249705	6.206854901218061	0.8509887767471455	0.9831353831629451
strain	CAMI_HIGH_S003	8.408759114464239	13342.69585065435	na	0.0	0.0	na	0.0	0.0	1074.0	0.0	0.0	na	na	na
