rank	sample	Weighted UniFrac error	Unweighted UniFrac error	L1 norm error	Completeness (recall)	Purity (precision)	F1 score	True positives	False positives	False negatives	Taxon counts	Jaccard index	Shannon diversity	Shannon equitability	Bray-Curtis distance
superkingdom	CAMI_HIGH_S003	7.612074733058905	7868.470373801015	0.012534349002161325	1.0	0.6666666666666666	0.8	2.0	1.0	0.0	3.0	0.6666666666666666	0.054632598925725716	0.04972873459476676	0.006267174501080663
phylum	CAMI_HIGH_S003	7.612074733058905	7868.470373801015	0.04261490355101339	0.9166666666666666	0.7333333333333333	0.8148148148148148	11.0	4.0	1.0	15.0	0.6875	1.2829018967674977	0.4737363791281789	0.021307451775506685
class	CAMI_HIGH_S003	7.612074733058905	7868.470373801015	0.12563713398218562	0.9523809523809523	0.7692307692307693	0.8510638297872339	20.0	6.0	1.0	26.0	0.7407407407407407	2.1411509819459473	0.6571784957747712	0.06281856699109281
order	CAMI_HIGH_S003	7.612074733058905	7868.470373801015	0.6437303414425658	0.925	0.6491228070175439	0.7628865979381444	37.0	20.0	3.0	57.0	0.6166666666666667	3.031554358868618	0.7498184311900432	0.32186517072128296
family	CAMI_HIGH_S003	7.612074733058905	7868.470373801015	0.2596272538057653	0.9204545454545454	0.7431192660550459	0.8223350253807107	81.0	28.0	7.0	109.0	0.6982758620689655	3.7527388576613707	0.7999276437965238	0.12981362690288262
genus	CAMI_HIGH_S003	7.612074733058905	7868.470373801015	0.42001972035523183	0.8969072164948454	0.7280334728033473	0.8036951501154734	174.0	65.0	20.0	239.0	0.6718146718146718	4.511048313784053	0.8237155731992477	0.21000986017761591
species	CAMI_HIGH_S003	7.612074733058905	7868.470373801015	1.7838905865535424	0.6255144032921811	0.23974763406940064	0.34663625997719494	152.0	482.0	91.0	634.0	0.2096551724137931	5.741725859168911	0.8899073611678335	0.8919452932767712
strain	CAMI_HIGH_S003	7.612074733058905	7868.470373801015	na	0.0	0.0	na	0.0	0.0	1074.0	0.0	0.0	na	na	na
