rank	sample	Weighted UniFrac error	Unweighted UniFrac error	L1 norm error	Completeness (recall)	Purity (precision)	F1 score	True positives	False positives	False negatives	Taxon counts	Jaccard index	Shannon diversity	Shannon equitability	Bray-Curtis distance
superkingdom	CAMI_HIGH_S003	8.645350159320063	8479.012650268141	0.026350902916282486	1.0	0.5	0.6666666666666666	2.0	2.0	0.0	4.0	0.5	0.11136284186426985	0.08033130984844199	0.013175451458141247
phylum	CAMI_HIGH_S003	8.645350159320063	8479.012650268141	0.08564783752858104	0.9166666666666666	1.0	0.9565217391304348	11.0	0.0	1.0	11.0	0.9166666666666666	1.2351511065045182	0.5150980197158832	0.04282391876429053
class	CAMI_HIGH_S003	8.645350159320063	8479.012650268141	0.19208878724641917	0.9523809523809523	0.8333333333333334	0.888888888888889	20.0	4.0	1.0	24.0	0.8	2.1196509084210815	0.6669650740903321	0.0960443936232096
order	CAMI_HIGH_S003	8.645350159320063	8479.012650268141	0.7208513908260998	0.925	0.7254901960784313	0.8131868131868133	37.0	14.0	3.0	51.0	0.6851851851851852	2.959613138327504	0.7527325509287185	0.36042569541305014
family	CAMI_HIGH_S003	8.645350159320063	8479.012650268141	0.33124033908803446	0.8977272727272727	0.8315789473684211	0.8633879781420765	79.0	16.0	9.0	95.0	0.7596153846153846	3.6560292108378176	0.8028388333424713	0.16562016954401731
genus	CAMI_HIGH_S003	8.645350159320063	8479.012650268141	0.497761379238723	0.8608247422680413	0.8391959798994975	0.8498727735368957	167.0	32.0	27.0	199.0	0.7389380530973452	4.438369853974843	0.8384874857846208	0.24888068961936136
species	CAMI_HIGH_S003	8.645350159320063	8479.012650268141	1.7622122990052622	0.6502057613168725	0.2	0.3059051306873185	158.0	632.0	85.0	790.0	0.18057142857142858	6.221114063590353	0.93241656844973	0.8811061495026307
strain	CAMI_HIGH_S003	8.645350159320063	8479.012650268141	1.9284979284979322	0.056797020484171325	0.07721518987341772	0.06545064377682404	61.0	729.0	1013.0	790.0	0.03383250138657792	6.221114063590341	0.9324165684497282	0.9642489642489643
