rank	sample	Weighted UniFrac error	Unweighted UniFrac error	L1 norm error	Completeness (recall)	Purity (precision)	F1 score	True positives	False positives	False negatives	Taxon counts	Jaccard index	Shannon diversity	Shannon equitability	Bray-Curtis distance
superkingdom	peabody	6.514576293322267	82.84930816978039	0.0	1.0	1.0	1.0	1.0	0.0	0.0	1.0	1.0	0.0	0.0	0.0
phylum	peabody	6.514576293322267	82.84930816978039	0.1284611915259841	1.0	1.0	1.0	3.0	0.0	0.0	3.0	1.0	0.8731980790150184	0.7948191441346704	0.06423059576299206
class	peabody	6.514576293322267	82.84930816978039	0.3861157017964071	0.6	1.0	0.7499999999999999	3.0	0.0	2.0	3.0	0.6	0.9487053076890095	0.8635487855676197	0.19305785089820354
order	peabody	6.514576293322267	82.84930816978039	0.9999997999999597	0.25	1.0	0.4	2.0	0.0	6.0	2.0	0.25	0.5534125632317248	0.7984055605400593	0.49999989999998007
family	peabody	6.514576293322267	82.84930816978039	0.9999997999999599	0.25	1.0	0.4	2.0	0.0	6.0	2.0	0.25	0.5533052392172402	0.798250724716594	0.49999989999998
genus	peabody	6.514576293322267	82.84930816978039	0.99999979999996	0.25	1.0	0.4	2.0	0.0	6.0	2.0	0.25	0.553328083366514	0.7982836818574647	0.49999989999998007
species	peabody	6.514576293322267	82.84930816978039	2.0000000000000004	0.0	0.0	na	0.0	2.0	11.0	2.0	0.0	0.6365466917165524	0.918342755433746	1.0
strain	peabody	6.514576293322267	82.84930816978039	na	0.0	0.0	na	0.0	0.0	11.0	0.0	0.0	na	na	na
