rank	sample	Weighted UniFrac error	Unweighted UniFrac error	L1 norm error	Completeness (recall)	Purity (precision)	F1 score	True positives	False positives	False negatives	Taxon counts	Jaccard index	Shannon diversity	Shannon equitability	Bray-Curtis distance
superkingdom	peabody	7.999999799999955	103.0163110953904	0.0	1.0	1.0	1.0	1.0	0.0	0.0	1.0	1.0	0.0	0.0	0.0
phylum	peabody	7.999999799999955	103.0163110953904	0.33333340000000006	0.6666666666666666	1.0	0.8	2.0	0.0	1.0	2.0	0.6666666666666666	0.6492973989688477	0.9367381375544594	0.1666667
class	peabody	7.999999799999955	103.0163110953904	0.6666665999999999	0.4	1.0	0.5714285714285715	2.0	0.0	3.0	2.0	0.4	0.6901236000106792	0.9956378953358455	0.33333329999999994
order	peabody	7.999999799999955	103.0163110953904	1.333333266666653	0.125	1.0	0.2222222222222222	1.0	0.0	7.0	1.0	0.125	0.0	0.0	0.6666666333333268
family	peabody	7.999999799999955	103.0163110953904	1.3333332666666533	0.125	1.0	0.2222222222222222	1.0	0.0	7.0	1.0	0.125	0.0	0.0	0.6666666333333268
genus	peabody	7.999999799999955	103.0163110953904	1.3333332666666533	0.125	1.0	0.2222222222222222	1.0	0.0	7.0	1.0	0.125	0.0	0.0	0.6666666333333268
species	peabody	7.999999799999955	103.0163110953904	2.0	0.0	0.0	na	0.0	1.0	11.0	1.0	0.0	0.0	0.0	1.0
strain	peabody	7.999999799999955	103.0163110953904	na	0.0	0.0	na	0.0	0.0	11.0	0.0	0.0	na	na	na
