rank	sample	Weighted UniFrac error	Unweighted UniFrac error	L1 norm error	Completeness (recall)	Purity (precision)	F1 score	True positives	False positives	False negatives	Taxon counts	Jaccard index	Shannon diversity	Shannon equitability	Bray-Curtis distance
superkingdom	peabody	7.153334898763981	79.13196249312192	0.0	1.0	1.0	1.0	1.0	0.0	0.0	1.0	1.0	0.0	0.0	0.0
phylum	peabody	7.153334898763981	79.13196249312192	0.5000000000000001	0.6666666666666666	1.0	0.8	2.0	0.0	1.0	2.0	0.6666666666666666	0.5513965535140741	0.7954970733180207	0.25000000000000006
class	peabody	7.153334898763981	79.13196249312192	0.8333332	0.4	0.6666666666666666	0.5	2.0	1.0	3.0	3.0	0.3333333333333333	0.9184342769622919	0.835994905969735	0.4166666
order	peabody	7.153334898763981	79.13196249312192	0.9999997999999597	0.25	1.0	0.4	2.0	0.0	6.0	2.0	0.25	0.6582720419301842	0.9496858104485285	0.49999989999998007
family	peabody	7.153334898763981	79.13196249312192	0.8333331666666333	0.375	1.0	0.5454545454545454	3.0	0.0	5.0	3.0	0.375	1.0673056998210175	0.9715035147794984	0.4166665833333168
genus	peabody	7.153334898763981	79.13196249312192	1.1666666333333264	0.25	0.6666666666666666	0.36363636363636365	2.0	1.0	6.0	3.0	0.2222222222222222	1.0673056998210175	0.9715035147794984	0.5833333166666634
species	peabody	7.153334898763981	79.13196249312192	1.8333333500000055	0.09090909090909091	0.3333333333333333	0.14285714285714288	1.0	2.0	10.0	3.0	0.07692307692307693	1.067554420178873	0.971729909805679	0.9166666750000024
strain	peabody	7.153334898763981	79.13196249312192	na	0.0	0.0	na	0.0	0.0	11.0	0.0	0.0	na	na	na
