rank	sample	Weighted UniFrac error	Unweighted UniFrac error	L1 norm error	Completeness (recall)	Purity (precision)	F1 score	True positives	False positives	False negatives	Taxon counts	Jaccard index	Shannon diversity	Shannon equitability	Bray-Curtis distance
superkingdom	peabody	13.50431831354759	97.29022322247208	0.0	1.0	1.0	1.0	1.0	0.0	0.0	1.0	1.0	0.0	0.0	0.0
phylum	peabody	13.50431831354759	97.29022322247208	0.5678244156342785	0.6666666666666666	1.0	0.8	2.0	0.0	1.0	2.0	0.6666666666666666	0.3915895395566477	0.5649442867823683	0.2839122078171393
class	peabody	13.50431831354759	97.29022322247208	0.6990289949458153	0.6	1.0	0.7499999999999999	3.0	0.0	2.0	3.0	0.6	0.7887009354919703	0.7179065295620741	0.34951449747290764
order	peabody	13.50431831354759	97.29022322247208	0.9999997999999597	0.25	1.0	0.4	2.0	0.0	6.0	2.0	0.25	0.5064509182842392	0.7306542282623335	0.49999989999998007
family	peabody	13.50431831354759	97.29022322247208	0.99999979999996	0.25	1.0	0.4	2.0	0.0	6.0	2.0	0.25	0.5208473637352192	0.7514239087208909	0.49999989999998
genus	peabody	13.50431831354759	97.29022322247208	0.99999979999996	0.25	1.0	0.4	2.0	0.0	6.0	2.0	0.25	0.519835377904457	0.7499639217814004	0.4999998999999801
species	peabody	13.50431831354759	97.29022322247208	2.0000000000000004	0.0	0.0	na	0.0	1.0	11.0	1.0	0.0	0.0	0.0	1.0
strain	peabody	13.50431831354759	97.29022322247208	2.0000000000000004	0.0	0.0	na	0.0	2.0	11.0	2.0	0.0	0.5648918142155991	0.8149666190076145	1.0
