rank	sample	Weighted UniFrac error	Unweighted UniFrac error	L1 norm error	Completeness (recall)	Purity (precision)	F1 score	True positives	False positives	False negatives	Taxon counts	Jaccard index	Shannon diversity	Shannon equitability	Bray-Curtis distance
superkingdom	peabody	5.386418435205373	66.71997776962898	0.0	1.0	1.0	1.0	1.0	0.0	0.0	1.0	1.0	0.0	0.0	0.0
phylum	peabody	5.386418435205373	66.71997776962898	0.24876145845719413	1.0	1.0	1.0	3.0	0.0	0.0	3.0	1.0	0.8054703352712512	0.7331706950481631	0.12438072922859707
class	peabody	5.386418435205373	66.71997776962898	0.4791347857229284	0.6	1.0	0.7499999999999999	3.0	0.0	2.0	3.0	0.6	0.8802383090022323	0.801227437633507	0.2395673928614642
order	peabody	5.386418435205373	66.71997776962898	0.6740528848872148	0.5	1.0	0.6666666666666666	4.0	0.0	4.0	4.0	0.5	1.2294175523136788	0.886837302952396	0.33702644244360747
family	peabody	5.386418435205373	66.71997776962898	0.6740528848872148	0.5	1.0	0.6666666666666666	4.0	0.0	4.0	4.0	0.5	1.229417552313679	0.8868373029523963	0.3370264424436075
genus	peabody	5.386418435205373	66.71997776962898	0.6740528848872149	0.5	1.0	0.6666666666666666	4.0	0.0	4.0	4.0	0.5	1.229417552313679	0.8868373029523963	0.3370264424436075
species	peabody	5.386418435205373	66.71997776962898	0.9999998999999701	0.45454545454545453	1.0	0.625	5.0	0.0	6.0	5.0	0.45454545454545453	1.5795249211701077	0.981414013530505	0.49999994999998504
strain	peabody	5.386418435205373	66.71997776962898	1.6363636363636365	0.18181818181818182	0.4	0.25000000000000006	2.0	3.0	9.0	5.0	0.14285714285714285	1.5795249211701077	0.981414013530505	0.8181818181818181
