rank	sample	Weighted UniFrac error	Unweighted UniFrac error	L1 norm error	Completeness (recall)	Purity (precision)	F1 score	True positives	False positives	False negatives	Taxon counts	Jaccard index	Shannon diversity	Shannon equitability	Bray-Curtis distance
superkingdom	peabody	7.466817687619811	98.8512728278478	0.0	1.0	1.0	1.0	1.0	0.0	0.0	1.0	1.0	0.0	0.0	0.0
phylum	peabody	7.466817687619811	98.8512728278478	0.0909080730276978	1.0	1.0	1.0	3.0	0.0	0.0	3.0	1.0	0.8948158009174201	0.8144964426005464	0.0454540365138489
class	peabody	7.466817687619811	98.8512728278478	0.37591021459223567	0.6	1.0	0.7499999999999999	3.0	0.0	2.0	3.0	0.6	0.9660783666721777	0.8793624253406013	0.18795510729611786
order	peabody	7.466817687619811	98.8512728278478	0.9999997999999597	0.25	1.0	0.4	2.0	0.0	6.0	2.0	0.25	0.5443527310318081	0.7853349855539534	0.49999989999998007
family	peabody	7.466817687619811	98.8512728278478	0.9999997999999599	0.25	1.0	0.4	2.0	0.0	6.0	2.0	0.25	0.5443527310318081	0.7853349855539534	0.49999989999998
genus	peabody	7.466817687619811	98.8512728278478	0.9999997999999597	0.25	1.0	0.4	2.0	0.0	6.0	2.0	0.25	0.5443527310318081	0.7853349855539534	0.49999989999998
species	peabody	7.466817687619811	98.8512728278478	2.0	0.0	0.0	na	0.0	1.0	11.0	1.0	0.0	0.0	0.0	1.0
strain	peabody	7.466817687619811	98.8512728278478	2.0000000000000004	0.0	0.0	na	0.0	1.0	11.0	1.0	0.0	0.0	0.0	1.0
