rank	sample	Weighted UniFrac error	Unweighted UniFrac error	L1 norm error	Completeness (recall)	Purity (precision)	F1 score	True positives	False positives	False negatives	Taxon counts	Jaccard index	Shannon diversity	Shannon equitability	Bray-Curtis distance
superkingdom	peabody	6.7985640254987345	71.96183005449258	0.0	1.0	1.0	1.0	1.0	0.0	0.0	1.0	1.0	0.0	0.0	0.0
phylum	peabody	6.7985640254987345	71.96183005449258	0.1151488	1.0	1.0	1.0	3.0	0.0	0.0	3.0	1.0	0.8785832115008466	0.7997209029638537	0.057574400000000005
class	peabody	6.7985640254987345	71.96183005449258	0.8333332000000001	0.4	1.0	0.5714285714285715	2.0	0.0	3.0	2.0	0.4	0.493743147737395	0.7123207907136466	0.4166666000000001
order	peabody	6.7985640254987345	71.96183005449258	1.0177735439282685	0.25	0.6666666666666666	0.36363636363636365	2.0	1.0	6.0	3.0	0.2222222222222222	1.000732239669644	0.9109057398974396	0.5088867719641343
family	peabody	6.7985640254987345	71.96183005449258	0.694331894219948	0.5	1.0	0.6666666666666666	4.0	0.0	4.0	4.0	0.5	1.2380464192598217	0.8930617147282417	0.34716594710997406
genus	peabody	6.7985640254987345	71.96183005449258	0.9999999999999999	0.375	0.75	0.5	3.0	1.0	5.0	4.0	0.3333333333333333	1.238046419259822	0.8930617147282418	0.5000000000000001
species	peabody	6.7985640254987345	71.96183005449258	1.8333333500000055	0.09090909090909091	0.25	0.13333333333333333	1.0	3.0	10.0	4.0	0.07142857142857142	1.3674944324880154	0.9864387180968636	0.9166666750000025
strain	peabody	6.7985640254987345	71.96183005449258	na	0.0	0.0	na	0.0	0.0	11.0	0.0	0.0	na	na	na
