rank	sample	Weighted UniFrac error	Unweighted UniFrac error	L1 norm error	Completeness (recall)	Purity (precision)	F1 score	True positives	False positives	False negatives	Taxon counts	Jaccard index	Shannon diversity	Shannon equitability	Bray-Curtis distance
superkingdom	peabody	5.955357720413865	83.94251314833016	0.0	1.0	1.0	1.0	1.0	0.0	0.0	1.0	1.0	0.0	0.0	0.0
phylum	peabody	5.955357720413865	83.94251314833016	0.17000459692835185	1.0	1.0	1.0	3.0	0.0	0.0	3.0	1.0	0.8898503317629171	0.8099766777975123	0.08500229846417592
class	peabody	5.955357720413865	83.94251314833016	0.28535324015220254	0.8	1.0	0.888888888888889	4.0	0.0	1.0	4.0	0.8	1.2999401962585635	0.9377086372972278	0.1426766200761013
order	peabody	5.955357720413865	83.94251314833016	0.6666665333333068	0.5	1.0	0.6666666666666666	4.0	0.0	4.0	4.0	0.5	1.2361494080365958	0.8916933103861122	0.33333326666665347
family	peabody	5.955357720413865	83.94251314833016	1.0	0.375	1.0	0.5454545454545454	3.0	0.0	5.0	3.0	0.375	0.9415378293153538	0.8570246655959188	0.5000000000000001
genus	peabody	5.955357720413865	83.94251314833016	1.0	0.375	1.0	0.5454545454545454	3.0	0.0	5.0	3.0	0.375	0.9415378293153538	0.8570246655959188	0.5000000000000001
species	peabody	5.955357720413865	83.94251314833016	1.833333350000005	0.09090909090909091	0.5	0.15384615384615385	1.0	1.0	10.0	2.0	0.08333333333333333	0.6864179676934484	0.9902917979684188	0.9166666750000024
strain	peabody	5.955357720413865	83.94251314833016	na	0.0	0.0	na	0.0	0.0	11.0	0.0	0.0	na	na	na
