tool	sample	Weighted UniFrac error	Unweighted UniFrac error	L1 norm error	Completeness (recall)	Purity (precision)	F1 score	True positives	False positives	False negatives	Taxon counts	Jaccard index	Shannon diversity	Shannon equitability	Bray-Curtis distance
Metalign	peabody	4.293911626248262	55.31293843672157	0.10568029962031375	1.0	1.0	1.0	5.0	0.0	0.0	5.0	1.0	1.3610354227046113	0.8456588552994834	0.052840149810156875
Bracken+Kraken2	peabody	3.1398885442891427	50.98380233408595	0.1467572687092215	1.0	1.0	1.0	5.0	0.0	0.0	5.0	1.0	1.3511635142739584	0.8395250937207451	0.07337863435461076
CLARK	peabody	4.32541733858603	59.222551124475125	0.20308510826472712	1.0	1.0	1.0	5.0	0.0	0.0	5.0	1.0	1.4504852718776706	0.9012371714817933	0.10154255413236357
GOTTCHA	peabody	6.0368280755664765	68.48608746439018	0.7280808828012358	0.6	0.75	0.6666666666666665	3.0	1.0	2.0	4.0	0.5	1.076276992557632	0.7763697398928918	0.3640404414006179
MEGAN+DIAMOND	peabody	9.749341599450705	75.37738091418922	0.41998539999999984	1.0	1.0	1.0	5.0	0.0	0.0	5.0	1.0	1.2192834667011743	0.7575834129923907	0.20999269999999992
MetaPhlAn2	peabody	5.079488668172348	66.71302542141817	0.5275149242826943	0.8	1.0	0.888888888888889	4.0	0.0	1.0	4.0	0.8	1.0566096300053733	0.7621827366821373	0.26375746214134715
mOTUs2	peabody	5.187955478044651	80.07970277328796	0.18701656258606966	1.0	1.0	1.0	5.0	0.0	0.0	5.0	1.0	1.4731162221951632	0.9152985715163344	0.09350828129303485
