tool	sample	Weighted UniFrac error	Unweighted UniFrac error	L1 norm error	Completeness (recall)	Purity (precision)	F1 score	True positives	False positives	False negatives	Taxon counts	Jaccard index	Shannon diversity	Shannon equitability	Bray-Curtis distance
Metalign	peabody	4.293911626248262	55.31293843672158	0.1397468193207073	1.0	1.0	1.0	8.0	0.0	0.0	8.0	1.0	1.8256890412913385	0.8779708420254467	0.06987340966035366
Bracken+Kraken2	peabody	3.1398885442891418	50.98380233408595	0.11995807127882596	1.0	1.0	1.0	8.0	0.0	0.0	8.0	1.0	1.855880635876177	0.8924899299534723	0.059979035639412995
CLARK	peabody	4.32541733858603	59.222551124475096	0.39851373336246465	0.75	1.0	0.8571428571428571	6.0	0.0	2.0	6.0	0.75	1.6767901185070246	0.9358343836348957	0.19925686668123238
GOTTCHA	peabody	6.036828075566476	68.4860874643902	0.5543711811742033	0.625	1.0	0.7692307692307693	5.0	0.0	3.0	5.0	0.625	1.4226572055695232	0.8839466217233	0.2771855905871017
MEGAN+DIAMOND	peabody	9.749341599450709	75.37738091418919	0.30255675805185417	0.875	0.875	0.875	7.0	1.0	1.0	8.0	0.7777777777777778	1.8399315762466748	0.8848200535420305	0.15127837902592714
MetaBinG2	peabody	3.937347444442169	52.85482689324239	0.41333602895967964	0.75	1.0	0.8571428571428571	6.0	0.0	2.0	6.0	0.75	1.5784045754740266	0.8809243665691644	0.20666801447983985
MetaPhlAn2	peabody	5.079488668172347	66.71302542141817	0.3405135086509463	0.875	1.0	0.9333333333333333	7.0	0.0	1.0	7.0	0.875	1.7361001587201046	0.8921789937541229	0.17025675432547316
mOTUs2	peabody	5.1879554780446515	80.07970277328796	0.684303339379668	0.625	1.0	0.7692307692307693	5.0	0.0	3.0	5.0	0.625	1.3568554293837458	0.8430616794230037	0.34215166968983407
