tool	sample	Weighted UniFrac error	Unweighted UniFrac error	L1 norm error	Completeness (recall)	Purity (precision)	F1 score	True positives	False positives	False negatives	Taxon counts	Jaccard index	Shannon diversity	Shannon equitability	Bray-Curtis distance
Metalign	peabody	4.293911626248262	55.31293843672157	0.15308575134403665	1.0	1.0	1.0	8.0	0.0	0.0	8.0	1.0	1.813680758584546	0.872196078721886	0.07654287567201834
Bracken+Kraken2	peabody	3.1398885442891427	50.98380233408595	0.11922398071743442	1.0	1.0	1.0	8.0	0.0	0.0	8.0	1.0	1.846388068983762	0.8879249702264743	0.05961199035871722
CLARK	peabody	4.32541733858603	59.222551124475125	0.5354180173034376	0.625	1.0	0.7692307692307693	5.0	0.0	3.0	5.0	0.625	1.5022621561659824	0.933407958492772	0.26770900865171887
GOTTCHA	peabody	6.0368280755664765	68.48608746439018	0.8877046478408965	0.5	0.8	0.6153846153846154	4.0	1.0	4.0	5.0	0.4444444444444444	1.4226572055695232	0.8839466217233	0.4438523239204484
MEGAN+DIAMOND	peabody	9.749341599450705	75.37738091418922	0.42087836966516773	0.75	1.0	0.8571428571428571	6.0	0.0	2.0	6.0	0.75	1.5055850106370496	0.84028299361281	0.21043918483258386
MetaPhlAn2	peabody	5.079488668172348	66.71302542141817	0.5769446261691112	0.75	0.8571428571428571	0.7999999999999999	6.0	1.0	2.0	7.0	0.6666666666666666	1.736100158720105	0.8921789937541231	0.2884723130845556
mOTUs2	peabody	5.187955478044651	80.07970277328796	0.8333333666666733	0.5	1.0	0.6666666666666666	4.0	0.0	4.0	4.0	0.5	1.1521550772493032	0.8311042081413051	0.4166666833333368
