tool	sample	Weighted UniFrac error	Unweighted UniFrac error	L1 norm error	Completeness (recall)	Purity (precision)	F1 score	True positives	False positives	False negatives	Taxon counts	Jaccard index	Shannon diversity	Shannon equitability	Bray-Curtis distance
Metalign	peabody	4.293911626248262	55.31293843672158	0.1378239829354939	1.0	1.0	1.0	8.0	0.0	0.0	8.0	1.0	1.8277001813273865	0.8789379959442933	0.06891199146774696
Bracken+Kraken2	peabody	3.1398885442891418	50.98380233408595	0.12147636971978251	1.0	1.0	1.0	8.0	0.0	0.0	8.0	1.0	1.8572617377648073	0.8931540995687021	0.06073818485989127
CLARK	peabody	4.32541733858603	59.222551124475096	0.3988660889287635	0.75	1.0	0.8571428571428571	6.0	0.0	2.0	6.0	0.75	1.6780360073075369	0.9365297274139628	0.1994330444643818
GOTTCHA	peabody	6.036828075566476	68.4860874643902	0.6854315747708299	0.5	1.0	0.6666666666666666	4.0	0.0	4.0	4.0	0.5	1.1468084577908597	0.8272474374521968	0.34271578738541514
MEGAN+DIAMOND	peabody	9.749341599450709	75.37738091418919	0.5714063453609363	0.625	0.8333333333333334	0.7142857142857143	5.0	1.0	3.0	6.0	0.5555555555555556	1.4726127611330102	0.8218808307833065	0.28570317268046824
MetaBinG2	peabody	3.937347444442169	52.85482689324239	0.4133360289596797	0.75	1.0	0.8571428571428571	6.0	0.0	2.0	6.0	0.75	1.5784045754740266	0.8809243665691644	0.20666801447983985
MetaPhlAn2	peabody	5.079488668172347	66.71302542141817	0.7575785914087493	0.5	0.8	0.6153846153846154	4.0	1.0	4.0	5.0	0.4444444444444444	1.4174197417969958	0.8806924025129383	0.37878929570437464
mOTUs2	peabody	5.1879554780446515	80.07970277328796	0.41906729482495836	0.75	1.0	0.8571428571428571	6.0	0.0	2.0	6.0	0.75	1.573325204891137	0.878089515870662	0.2095336474124792
