tool	sample	Weighted UniFrac error	Unweighted UniFrac error	L1 norm error	Completeness (recall)	Purity (precision)	F1 score	True positives	False positives	False negatives	Taxon counts	Jaccard index	Shannon diversity	Shannon equitability	Bray-Curtis distance
Metalign	peabody	4.293911626248262	55.31293843672157	0.1378239829354939	1.0	1.0	1.0	8.0	0.0	0.0	8.0	1.0	1.8277001813273865	0.8789379959442933	0.06891199146774694
Bracken+Kraken2	peabody	3.1398885442891427	50.98380233408595	0.12147636971978253	1.0	1.0	1.0	8.0	0.0	0.0	8.0	1.0	1.8572617377648075	0.8931540995687022	0.06073818485989126
CLARK	peabody	4.32541733858603	59.222551124475125	0.39886608892876363	0.75	1.0	0.8571428571428571	6.0	0.0	2.0	6.0	0.75	1.6780360073075369	0.9365297274139628	0.19943304446438181
GOTTCHA	peabody	6.0368280755664765	68.48608746439018	0.6854315747708299	0.5	1.0	0.6666666666666666	4.0	0.0	4.0	4.0	0.5	1.1468084577908597	0.8272474374521968	0.3427157873854152
MEGAN+DIAMOND	peabody	9.749341599450705	75.37738091418922	0.5714063453609363	0.625	0.8333333333333334	0.7142857142857143	5.0	1.0	3.0	6.0	0.5555555555555556	1.4726127611330102	0.8218808307833065	0.28570317268046813
MetaPhlAn2	peabody	5.079488668172348	66.71302542141817	0.7575785914087492	0.5	0.8	0.6153846153846154	4.0	1.0	4.0	5.0	0.4444444444444444	1.4174197417969958	0.8806924025129383	0.37878929570437464
mOTUs2	peabody	5.187955478044651	80.07970277328796	0.41906729482495836	0.75	1.0	0.8571428571428571	6.0	0.0	2.0	6.0	0.75	1.5733252048911368	0.8780895158706619	0.20953364741247918
