tool	sample	Weighted UniFrac error	Unweighted UniFrac error	L1 norm error	Completeness (recall)	Purity (precision)	F1 score	True positives	False positives	False negatives	Taxon counts	Jaccard index	Shannon diversity	Shannon equitability	Bray-Curtis distance
Metalign	peabody	4.293911626248262	55.31293843672158	0.0909080730276978	1.0	1.0	1.0	3.0	0.0	0.0	3.0	1.0	0.8948158009174201	0.8144964426005464	0.0454540365138489
Bracken+Kraken2	peabody	3.1398885442891418	50.98380233408595	0.1284611915259841	1.0	1.0	1.0	3.0	0.0	0.0	3.0	1.0	0.8731980790150184	0.7948191441346704	0.06423059576299205
CLARK	peabody	4.32541733858603	59.222551124475096	0.12286769072662782	1.0	1.0	1.0	3.0	0.0	0.0	3.0	1.0	0.9353375143502116	0.851380895697205	0.06143384536331391
GOTTCHA	peabody	6.036828075566476	68.4860874643902	0.5000000000000001	0.6666666666666666	1.0	0.8	2.0	0.0	1.0	2.0	0.6666666666666666	0.5513965535140741	0.7954970733180207	0.25000000000000006
MEGAN+DIAMOND	peabody	9.749341599450709	75.37738091418919	0.44712256137891626	1.0	1.0	1.0	3.0	0.0	0.0	3.0	1.0	0.6169141885436895	0.5615394938751308	0.22356128068945813
MetaBinG2	peabody	3.937347444442169	52.85482689324239	0.24876145845719413	1.0	1.0	1.0	3.0	0.0	0.0	3.0	1.0	0.8054703352712512	0.7331706950481631	0.12438072922859707
MetaPhlAn2	peabody	5.079488668172347	66.71302542141817	0.1151488	1.0	1.0	1.0	3.0	0.0	0.0	3.0	1.0	0.8785832115008466	0.7997209029638537	0.057574400000000005
mOTUs2	peabody	5.1879554780446515	80.07970277328796	0.17000459692835185	1.0	1.0	1.0	3.0	0.0	0.0	3.0	1.0	0.8898503317629171	0.8099766777975123	0.08500229846417592
