tool	sample	Weighted UniFrac error	Unweighted UniFrac error	L1 norm error	Completeness (recall)	Purity (precision)	F1 score	True positives	False positives	False negatives	Taxon counts	Jaccard index	Shannon diversity	Shannon equitability	Bray-Curtis distance
Metalign	peabody	4.293911626248262	55.31293843672157	0.0909080730276978	1.0	1.0	1.0	3.0	0.0	0.0	3.0	1.0	0.89481580091742	0.8144964426005464	0.0454540365138489
Bracken+Kraken2	peabody	3.1398885442891427	50.98380233408595	0.1284611915259841	1.0	1.0	1.0	3.0	0.0	0.0	3.0	1.0	0.8731980790150184	0.7948191441346704	0.06423059576299206
CLARK	peabody	4.32541733858603	59.222551124475125	0.12286769072662782	1.0	1.0	1.0	3.0	0.0	0.0	3.0	1.0	0.9353375143502117	0.8513808956972051	0.06143384536331391
GOTTCHA	peabody	6.0368280755664765	68.48608746439018	0.5000000000000001	0.6666666666666666	1.0	0.8	2.0	0.0	1.0	2.0	0.6666666666666666	0.5513965535140741	0.7954970733180207	0.25000000000000006
MEGAN+DIAMOND	peabody	9.749341599450705	75.37738091418922	0.44712256137891615	1.0	1.0	1.0	3.0	0.0	0.0	3.0	1.0	0.6169141885436895	0.5615394938751308	0.22356128068945808
MetaPhlAn2	peabody	5.079488668172348	66.71302542141817	0.1151488	1.0	1.0	1.0	3.0	0.0	0.0	3.0	1.0	0.8785832115008465	0.7997209029638536	0.057574400000000005
mOTUs2	peabody	5.187955478044651	80.07970277328796	0.17000459692835185	1.0	1.0	1.0	3.0	0.0	0.0	3.0	1.0	0.889850331762917	0.8099766777975121	0.08500229846417592
