tool	sample	Weighted UniFrac error	Unweighted UniFrac error	L1 norm error	Completeness (recall)	Purity (precision)	F1 score	True positives	False positives	False negatives	Taxon counts	Jaccard index	Shannon diversity	Shannon equitability	Bray-Curtis distance
Metalign	peabody	4.293911626248262	55.31293843672158	1.6666667000000097	0.18181818181818182	0.2222222222222222	0.19999999999999998	2.0	7.0	9.0	9.0	0.1111111111111111	2.1699511069848	0.9875873087199469	0.8333333500000049
Bracken+Kraken2	peabody	3.1398885442891418	50.98380233408595	1.5040116623378932	0.2727272727272727	0.3333333333333333	0.3	3.0	6.0	8.0	9.0	0.17647058823529413	2.0927420457247754	0.9524479506149925	0.7520058311689465
CLARK	peabody	4.32541733858603	59.222551124475096	1.6666667000000104	0.18181818181818182	0.3333333333333333	0.23529411764705885	2.0	4.0	9.0	6.0	0.13333333333333333	1.773561965330481	0.9898437796980563	0.8333333500000052
GOTTCHA	peabody	6.036828075566476	68.4860874643902	1.5543713478409067	0.2727272727272727	0.375	0.3157894736842105	3.0	5.0	8.0	8.0	0.1875	1.9346886296263741	0.9303885638754116	0.7771856739204532
MEGAN+DIAMOND	peabody	9.749341599450709	75.37738091418919	1.6666667000000102	0.18181818181818182	0.6666666666666666	0.28571428571428575	2.0	1.0	9.0	3.0	0.16666666666666666	0.8434862356812519	0.767774258836885	0.8333333500000051
MetaBinG2	peabody	3.937347444442169	52.85482689324239	0.6885200676945523	0.6363636363636364	1.0	0.7777777777777778	7.0	0.0	4.0	7.0	0.6363636363636364	1.8739862520603097	0.963038428557495	0.34426003384727616
MetaPhlAn2	peabody	5.079488668172347	66.71302542141817	1.5056268318982444	0.2727272727272727	0.3333333333333333	0.3	3.0	6.0	8.0	9.0	0.17647058823529413	2.1391984682248713	0.9735911796591609	0.7528134159491224
mOTUs2	peabody	5.1879554780446515	80.07970277328796	1.833333350000005	0.09090909090909091	0.3333333333333333	0.14285714285714288	1.0	2.0	10.0	3.0	0.07692307692307693	0.8740456560852583	0.7955906420315921	0.9166666750000025
