tool	sample	Weighted UniFrac error	Unweighted UniFrac error	L1 norm error	Completeness (recall)	Purity (precision)	F1 score	True positives	False positives	False negatives	Taxon counts	Jaccard index	Shannon diversity	Shannon equitability	Bray-Curtis distance
Metalign	peabody	4.293911626248262	55.31293843672158	2.0000000000000004	0.0	0.0	na	0.0	9.0	11.0	9.0	0.0	2.1699511069848	0.9875873087199469	1.0
Bracken+Kraken2	peabody	3.1398885442891418	50.98380233408595	na	0.0	0.0	na	0.0	0.0	11.0	0.0	0.0	na	na	na
CLARK	peabody	4.32541733858603	59.222551124475096	na	0.0	0.0	na	0.0	0.0	11.0	0.0	0.0	na	na	na
GOTTCHA	peabody	6.036828075566476	68.4860874643902	na	0.0	0.0	na	0.0	0.0	11.0	0.0	0.0	na	na	na
MEGAN+DIAMOND	peabody	9.749341599450709	75.37738091418919	2.0000000000000004	0.0	0.0	na	0.0	4.0	11.0	4.0	0.0	1.0893314677523727	0.785786553205322	1.0
MetaBinG2	peabody	3.937347444442169	52.85482689324239	1.4774689430036134	0.2727272727272727	0.42857142857142855	0.33333333333333326	3.0	4.0	8.0	7.0	0.2	1.8739862520603097	0.963038428557495	0.7387344715018064
MetaPhlAn2	peabody	5.079488668172347	66.71302542141817	na	0.0	0.0	na	0.0	0.0	11.0	0.0	0.0	na	na	na
mOTUs2	peabody	5.1879554780446515	80.07970277328796	na	0.0	0.0	na	0.0	0.0	11.0	0.0	0.0	na	na	na
