rank	sample	Weighted UniFrac error	Unweighted UniFrac error	L1 norm error	Completeness (recall)	Purity (precision)	F1 score	True positives	False positives	False negatives	Taxon counts	Jaccard index	Shannon diversity	Shannon equitability	Bray-Curtis distance
superkingdom	CAMI_HIGH_S005	7.605148292594613	21966.6074078612	0.01336092504768732	1.0	0.5	0.6666666666666666	2.0	2.0	0.0	4.0	0.5	0.05685844071050413	0.04101469522286173	0.006680462523843661
phylum	CAMI_HIGH_S005	7.605148292594613	21966.6074078612	0.057500164430857315	1.0	0.2857142857142857	0.4444444444444445	12.0	30.0	0.0	42.0	0.2857142857142857	1.2523244252524266	0.23726737786234448	0.028750082215428664
class	CAMI_HIGH_S005	7.605148292594613	21966.6074078612	0.1274444390032616	1.0	0.2727272727272727	0.42857142857142855	21.0	56.0	0.0	77.0	0.2727272727272727	2.0869079826932655	0.3957724554146739	0.06372221950163086
order	CAMI_HIGH_S005	7.605148292594613	21966.6074078612	0.6480305487990918	1.0	0.272108843537415	0.42780748663101603	40.0	107.0	0.0	147.0	0.272108843537415	3.0481703252095036	0.5058476803914836	0.32401527439954597
family	CAMI_HIGH_S005	7.605148292594613	21966.6074078612	0.2626810635267027	0.9545454545454546	0.33070866141732286	0.4912280701754386	84.0	170.0	4.0	254.0	0.32558139534883723	3.734281957677107	0.549868971019841	0.13134053176335125
genus	CAMI_HIGH_S005	7.605148292594613	21966.6074078612	0.4007266857089214	0.9587628865979382	0.28615384615384615	0.4407582938388626	186.0	464.0	8.0	650.0	0.2826747720364742	4.536788254236468	0.5554977814765722	0.2003633428544614
species	CAMI_HIGH_S005	7.605148292594613	21966.6074078612	1.7876738714942815	0.6378600823045267	0.05512091038406828	0.10147299509001637	155.0	2657.0	88.0	2812.0	0.05344827586206897	6.078766759497686	0.5933120379400583	0.8938369357471284
strain	CAMI_HIGH_S005	7.605148292594613	21966.6074078612	na	0.0	0.0	na	0.0	0.0	1074.0	0.0	0.0	na	na	na
