rank	sample	Weighted UniFrac error	Unweighted UniFrac error	L1 norm error	Completeness (recall)	Purity (precision)	F1 score	True positives	False positives	False negatives	Taxon counts	Jaccard index	Shannon diversity	Shannon equitability	Bray-Curtis distance
superkingdom	CAMI_HIGH_S005	8.679107270789563	13557.969866003139	0.05667181150745793	1.0	0.5	0.6666666666666666	2.0	2.0	0.0	4.0	0.5	0.17206211596246507	0.12411658071195505	0.028335905753728966
phylum	CAMI_HIGH_S005	8.679107270789563	13557.969866003139	0.08906407947006595	0.9166666666666666	0.8461538461538461	0.8799999999999999	11.0	2.0	1.0	13.0	0.7857142857142857	1.2186729525230295	0.4751255415542076	0.044532039735032974
class	CAMI_HIGH_S005	8.679107270789563	13557.969866003139	0.18758512822517873	0.9523809523809523	0.7692307692307693	0.8510638297872339	20.0	6.0	1.0	26.0	0.7407407407407407	2.0992027920655962	0.644303435324345	0.09379256411258935
order	CAMI_HIGH_S005	8.679107270789563	13557.969866003139	0.7254159070599959	0.925	0.6607142857142857	0.7708333333333333	37.0	19.0	3.0	56.0	0.6271186440677966	2.9924721337809093	0.7434063812780528	0.3627079535299979
family	CAMI_HIGH_S005	8.679107270789563	13557.969866003139	0.3494170060435913	0.9090909090909091	0.7843137254901961	0.8421052631578948	80.0	22.0	8.0	102.0	0.7272727272727273	3.627156544099652	0.7842546736018426	0.1747085030217956
genus	CAMI_HIGH_S005	8.679107270789563	13557.969866003139	0.48419472246821443	0.8608247422680413	0.7522522522522522	0.8028846153846154	167.0	55.0	27.0	222.0	0.6706827309236948	4.398052423629314	0.8140505369404797	0.24209736123410713
species	CAMI_HIGH_S005	8.679107270789563	13557.969866003139	1.7735581097595658	0.6460905349794238	0.1064406779661017	0.18277066356228172	157.0	1318.0	86.0	1475.0	0.1005765534913517	6.29489901001285	0.8627388249720999	0.8867790548797836
strain	CAMI_HIGH_S005	8.679107270789563	13557.969866003139	1.9397327232073236	0.056797020484171325	0.04135593220338983	0.047861906630051	61.0	1414.0	1013.0	1475.0	0.02451768488745981	6.294899010012836	0.862738824972098	0.9698663616036609
