tool	sample	Weighted UniFrac error	Unweighted UniFrac error	L1 norm error	Completeness (recall)	Purity (precision)	F1 score	True positives	False positives	False negatives	Taxon counts	Jaccard index	Shannon diversity	Shannon equitability	Bray-Curtis distance
Metalign	CAMI_HIGH_S005	8.67853273267523	8537.020767803971	0.18756803336577454	0.9523809523809523	0.8	0.8695652173913043	20.0	5.0	1.0	25.0	0.7692307692307693	2.0987723166132457	0.652020279999208	0.09378401668288729
Bracken+Kraken2	CAMI_HIGH_S005	8.365331309172252	13024.703133794543	0.30567547262815675	1.0	0.5526315789473685	0.711864406779661	21.0	17.0	0.0	38.0	0.5526315789473685	1.9203791801275103	0.5279267887559697	0.1528377363140784
CLARK	CAMI_HIGH_S005	8.498955014034115	9185.609168062456	0.3055259652900664	0.6190476190476191	0.8666666666666667	0.7222222222222222	13.0	2.0	8.0	15.0	0.5652173913043478	1.8987192903405719	0.7011388819778044	0.15276298264503319
GOTTCHA	CAMI_HIGH_S005	11.222209111946004	10870.414609123358	1.4055729115499889	0.5714285714285714	0.8	0.6666666666666666	12.0	3.0	9.0	15.0	0.5	1.4872056200775254	0.5491794869505057	0.7027864557749947
MEGAN+DIAMOND	CAMI_HIGH_S005	10.12225343509108	9967.55862937828	0.3061508806182449	0.9047619047619048	0.8636363636363636	0.8837209302325582	19.0	3.0	2.0	22.0	0.7916666666666666	2.187595075996353	0.7077208123167649	0.15307544030912246
MetaBinG2	CAMI_HIGH_S005	11.718303762717369	11521.301169099002	0.7465171081406966	0.19047619047619047	0.8	0.3076923076923077	4.0	1.0	17.0	5.0	0.18181818181818182	1.2735871389485378	0.791324181634553	0.37325855407034836
MetaPhlAn2	CAMI_HIGH_S005	9.733736554114914	10989.439441085287	0.9118974206230253	0.5714285714285714	1.0	0.7272727272727273	12.0	0.0	9.0	12.0	0.5714285714285714	1.8949195544652526	0.762571726638873	0.45594871031151263
mOTUs2	CAMI_HIGH_S005	7.6893251931428335	9688.437351474915	0.10198059517901883	0.9523809523809523	0.8695652173913043	0.909090909090909	20.0	3.0	1.0	23.0	0.8333333333333334	2.0999002838922785	0.6697190743405691	0.05099029758950941
