tool	sample	Weighted UniFrac error	Unweighted UniFrac error	L1 norm error	Completeness (recall)	Purity (precision)	F1 score	True positives	False positives	False negatives	Taxon counts	Jaccard index	Shannon diversity	Shannon equitability	Bray-Curtis distance
Metalign	CAMI_HIGH_S005	8.678532732675224	8537.020767803975	0.1875680333657746	0.9523809523809523	0.8	0.8695652173913043	20.0	5.0	1.0	25.0	0.7692307692307693	2.098772316613246	0.6520202799992081	0.09378401668288727
Bracken+Kraken2	CAMI_HIGH_S005	8.365331309172282	13024.703133794545	0.3056754726281567	1.0	0.5526315789473685	0.711864406779661	21.0	17.0	0.0	38.0	0.5526315789473685	1.9203791801275103	0.5279267887559697	0.15283773631407835
CLARK	CAMI_HIGH_S005	8.498955014034133	9185.609168062458	0.30552596529006637	0.6190476190476191	0.8666666666666667	0.7222222222222222	13.0	2.0	8.0	15.0	0.5652173913043478	1.8987192903405716	0.7011388819778043	0.1527629826450332
GOTTCHA	CAMI_HIGH_S005	11.222209111945993	10870.414609123358	1.4055729115499886	0.5714285714285714	0.8	0.6666666666666666	12.0	3.0	9.0	15.0	0.5	1.4872056200775259	0.5491794869505059	0.7027864557749944
MEGAN+DIAMOND	CAMI_HIGH_S005	10.122253435091073	9967.558629378282	0.3061508806182449	0.9047619047619048	0.8636363636363636	0.8837209302325582	19.0	3.0	2.0	22.0	0.7916666666666666	2.1875950759963527	0.7077208123167648	0.15307544030912246
MetaPhlAn2	CAMI_HIGH_S005	9.733736554114921	10989.439441085286	0.9118974206230251	0.5714285714285714	1.0	0.7272727272727273	12.0	0.0	9.0	12.0	0.5714285714285714	1.8949195544652526	0.762571726638873	0.4559487103115127
mOTUs2	CAMI_HIGH_S005	7.6893251931428335	9688.437351474917	0.10198059517901882	0.9523809523809523	0.8695652173913043	0.909090909090909	20.0	3.0	1.0	23.0	0.8333333333333334	2.0999002838922793	0.6697190743405693	0.05099029758950941
