tool	sample	Weighted UniFrac error	Unweighted UniFrac error	L1 norm error	Completeness (recall)	Purity (precision)	F1 score	True positives	False positives	False negatives	Taxon counts	Jaccard index	Shannon diversity	Shannon equitability	Bray-Curtis distance
Metalign	CAMI_HIGH_S005	8.678532732675224	8537.020767803975	0.34923373182570655	0.9090909090909091	0.8421052631578947	0.8743169398907102	80.0	15.0	8.0	95.0	0.7766990291262136	3.6257740209547373	0.7961950020305434	0.1746168659128532
Bracken+Kraken2	CAMI_HIGH_S005	8.365331309172282	13024.703133794545	0.5851853998492891	0.8863636363636364	0.4262295081967213	0.5756457564575646	78.0	105.0	10.0	183.0	0.40414507772020725	3.6984587024948024	0.7099469302701849	0.2925926999246446
CLARK	CAMI_HIGH_S005	8.498955014034133	9185.609168062458	0.6330971651120941	0.6477272727272727	0.6705882352941176	0.6589595375722542	57.0	28.0	31.0	85.0	0.49137931034482757	3.477439850690777	0.7827397763014929	0.31654858255604706
GOTTCHA	CAMI_HIGH_S005	11.222209111945993	10870.414609123358	1.548357030212896	0.4659090909090909	0.8367346938775511	0.5985401459854014	41.0	8.0	47.0	49.0	0.4270833333333333	1.9809225841067757	0.5089964161676376	0.7741785151064484
MEGAN+DIAMOND	CAMI_HIGH_S005	10.122253435091073	9967.558629378282	0.3232155602991639	0.8409090909090909	0.8604651162790697	0.8505747126436781	74.0	12.0	14.0	86.0	0.74	3.747032784695436	0.8412080458672399	0.16160778014958183
MetaPhlAn2	CAMI_HIGH_S005	9.733736554114921	10989.439441085286	1.2168645440667258	0.5454545454545454	0.9795918367346939	0.7007299270072993	48.0	1.0	40.0	49.0	0.5393258426966292	2.971438039051756	0.76350854136156	0.6084322720333626
mOTUs2	CAMI_HIGH_S005	7.6893251931428335	9688.437351474917	0.26795543452490256	0.875	0.8555555555555555	0.8651685393258427	77.0	13.0	11.0	90.0	0.7623762376237624	3.6475113159863093	0.8105923546136561	0.13397771726245128
