tool	sample	Weighted UniFrac error	Unweighted UniFrac error	L1 norm error	Completeness (recall)	Purity (precision)	F1 score	True positives	False positives	False negatives	Taxon counts	Jaccard index	Shannon diversity	Shannon equitability	Bray-Curtis distance
Metalign	CAMI_HIGH_S005	8.67853273267523	8537.020767803971	0.3492337318257065	0.9090909090909091	0.8421052631578947	0.8743169398907102	80.0	15.0	8.0	95.0	0.7766990291262136	3.625774020954738	0.7961950020305436	0.17461686591285322
Bracken+Kraken2	CAMI_HIGH_S005	8.365331309172252	13024.703133794543	0.5851853998492893	0.8863636363636364	0.4262295081967213	0.5756457564575646	78.0	105.0	10.0	183.0	0.40414507772020725	3.698458702494801	0.7099469302701846	0.2925926999246446
CLARK	CAMI_HIGH_S005	8.498955014034115	9185.609168062456	0.6330971651120941	0.6477272727272727	0.6705882352941176	0.6589595375722542	57.0	28.0	31.0	85.0	0.49137931034482757	3.4774398506907773	0.782739776301493	0.3165485825560469
GOTTCHA	CAMI_HIGH_S005	11.222209111946004	10870.414609123358	1.5483570302128964	0.4659090909090909	0.8367346938775511	0.5985401459854014	41.0	8.0	47.0	49.0	0.4270833333333333	1.9809225841067752	0.5089964161676375	0.7741785151064483
MEGAN+DIAMOND	CAMI_HIGH_S005	10.12225343509108	9967.55862937828	0.3232155602991638	0.8409090909090909	0.8604651162790697	0.8505747126436781	74.0	12.0	14.0	86.0	0.74	3.747032784695437	0.8412080458672401	0.16160778014958183
MetaBinG2	CAMI_HIGH_S005	11.718303762717369	11521.301169099002	1.5478209139427295	0.045454545454545456	0.8	0.08602150537634409	4.0	1.0	84.0	5.0	0.0449438202247191	1.120534570180976	0.6962272738351795	0.7739104569713647
MetaPhlAn2	CAMI_HIGH_S005	9.733736554114914	10989.439441085287	1.2168645440667256	0.5454545454545454	0.9795918367346939	0.7007299270072993	48.0	1.0	40.0	49.0	0.5393258426966292	2.9714380390517556	0.7635085413615599	0.6084322720333626
mOTUs2	CAMI_HIGH_S005	7.6893251931428335	9688.437351474915	0.26795543452490256	0.875	0.8555555555555555	0.8651685393258427	77.0	13.0	11.0	90.0	0.7623762376237624	3.647511315986309	0.8105923546136561	0.13397771726245128
