tool	sample	Weighted UniFrac error	Unweighted UniFrac error	L1 norm error	Completeness (recall)	Purity (precision)	F1 score	True positives	False positives	False negatives	Taxon counts	Jaccard index	Shannon diversity	Shannon equitability	Bray-Curtis distance
Metalign	CAMI_HIGH_S005	8.67853273267523	8537.020767803971	0.4837058399292843	0.8608247422680413	0.8564102564102564	0.8586118251928021	167.0	28.0	27.0	195.0	0.7522522522522522	4.394029516148193	0.8333073931348922	0.24185291996464206
Bracken+Kraken2	CAMI_HIGH_S005	8.365331309172252	13024.703133794543	1.001072634471981	0.5927835051546392	0.24572649572649571	0.34743202416918423	115.0	353.0	79.0	468.0	0.21023765996343693	4.632987691622143	0.753519001585854	0.5005363172359906
CLARK	CAMI_HIGH_S005	8.498955014034115	9185.609168062456	1.0083643744323485	0.4793814432989691	0.4696969696969697	0.4744897959183673	93.0	105.0	101.0	198.0	0.3110367892976589	4.186471708557096	0.7916528579698565	0.5041821872161741
GOTTCHA	CAMI_HIGH_S005	11.222209111946004	10870.414609123358	1.781815033222286	0.24742268041237114	0.6575342465753424	0.3595505617977528	48.0	25.0	146.0	73.0	0.2191780821917808	2.169069202269421	0.5055563936735048	0.8909075166111432
MEGAN+DIAMOND	CAMI_HIGH_S005	10.12225343509108	9967.55862937828	0.4959854214766648	0.7525773195876289	0.9012345679012346	0.8202247191011236	146.0	16.0	48.0	162.0	0.6952380952380952	4.401646390758635	0.8651720971407577	0.24799271073833226
MetaBinG2	CAMI_HIGH_S005	11.718303762717369	11521.301169099002	1.7589463689013562	0.02577319587628866	0.7142857142857143	0.04975124378109452	5.0	2.0	189.0	7.0	0.025510204081632654	1.568869124806806	0.8062392426332992	0.879473184450678
MetaPhlAn2	CAMI_HIGH_S005	9.733736554114914	10989.439441085287	1.5276529279585325	0.25773195876288657	0.78125	0.38759689922480617	50.0	14.0	144.0	64.0	0.2403846153846154	3.0989160944594185	0.7451318136012663	0.7638264639792661
mOTUs2	CAMI_HIGH_S005	7.6893251931428335	9688.437351474915	0.3503085854031841	0.8195876288659794	0.888268156424581	0.8525469168900804	159.0	20.0	35.0	179.0	0.7429906542056075	4.444518586282651	0.8567935281155163	0.17515429270159205
