tool	sample	Weighted UniFrac error	Unweighted UniFrac error	L1 norm error	Completeness (recall)	Purity (precision)	F1 score	True positives	False positives	False negatives	Taxon counts	Jaccard index	Shannon diversity	Shannon equitability	Bray-Curtis distance
Metalign	CAMI_HIGH_S005	8.678532732675224	8537.020767803975	0.4837058399292845	0.8608247422680413	0.8564102564102564	0.8586118251928021	167.0	28.0	27.0	195.0	0.7522522522522522	4.394029516148191	0.8333073931348917	0.241852919964642
Bracken+Kraken2	CAMI_HIGH_S005	8.365331309172282	13024.703133794545	1.0010726344719811	0.5927835051546392	0.24572649572649571	0.34743202416918423	115.0	353.0	79.0	468.0	0.21023765996343693	4.632987691622144	0.7535190015858543	0.5005363172359906
CLARK	CAMI_HIGH_S005	8.498955014034133	9185.609168062458	1.008364374432348	0.4793814432989691	0.4696969696969697	0.4744897959183673	93.0	105.0	101.0	198.0	0.3110367892976589	4.186471708557098	0.7916528579698571	0.5041821872161741
GOTTCHA	CAMI_HIGH_S005	11.222209111945993	10870.414609123358	1.7818150332222853	0.24742268041237114	0.6575342465753424	0.3595505617977528	48.0	25.0	146.0	73.0	0.2191780821917808	2.1690692022694216	0.5055563936735048	0.890907516611143
MEGAN+DIAMOND	CAMI_HIGH_S005	10.122253435091073	9967.558629378282	0.4959854214766645	0.7525773195876289	0.9012345679012346	0.8202247191011236	146.0	16.0	48.0	162.0	0.6952380952380952	4.401646390758634	0.8651720971407575	0.2479927107383322
MetaPhlAn2	CAMI_HIGH_S005	9.733736554114921	10989.439441085286	1.527652927958532	0.25773195876288657	0.78125	0.38759689922480617	50.0	14.0	144.0	64.0	0.2403846153846154	3.0989160944594185	0.7451318136012663	0.7638264639792662
mOTUs2	CAMI_HIGH_S005	7.6893251931428335	9688.437351474917	0.3503085854031841	0.8195876288659794	0.888268156424581	0.8525469168900804	159.0	20.0	35.0	179.0	0.7429906542056075	4.444518586282654	0.8567935281155169	0.17515429270159205
