tool	sample	Weighted UniFrac error	Unweighted UniFrac error	L1 norm error	Completeness (recall)	Purity (precision)	F1 score	True positives	False positives	False negatives	Taxon counts	Jaccard index	Shannon diversity	Shannon equitability	Bray-Curtis distance
Metalign	CAMI_HIGH_S005	8.67853273267523	8537.020767803971	0.7253634507877355	0.925	0.6981132075471698	0.7956989247311829	37.0	16.0	3.0	53.0	0.6607142857142857	2.991775550894237	0.753540448923205	0.3626817253938677
Bracken+Kraken2	CAMI_HIGH_S005	8.365331309172252	13024.703133794543	0.8759673542983458	1.0	0.40816326530612246	0.5797101449275363	40.0	58.0	0.0	98.0	0.40816326530612246	2.9872070252307386	0.6515219658868528	0.43798367714917325
CLARK	CAMI_HIGH_S005	8.498955014034115	9185.609168062456	0.9101384426483787	0.7	0.6363636363636364	0.6666666666666666	28.0	16.0	12.0	44.0	0.5	2.850799523661445	0.753344784338845	0.4550692213241893
GOTTCHA	CAMI_HIGH_S005	11.222209111946004	10870.414609123358	1.2961316025623821	0.575	0.7419354838709677	0.6478873239436619	23.0	8.0	17.0	31.0	0.4791666666666667	2.073819827893872	0.6039101791600291	0.6480658012811911
MEGAN+DIAMOND	CAMI_HIGH_S005	10.12225343509108	9967.55862937828	0.674810761951205	0.875	0.7142857142857143	0.7865168539325842	35.0	14.0	5.0	49.0	0.6481481481481481	3.0742012375756724	0.7899134600505872	0.3374053809756027
MetaBinG2	CAMI_HIGH_S005	11.718303762717369	11521.301169099002	1.6055032861515846	0.1	0.6666666666666666	0.1739130434782609	4.0	2.0	36.0	6.0	0.09523809523809523	1.328652344777863	0.741534992612757	0.8027516430757926
MetaPhlAn2	CAMI_HIGH_S005	9.733736554114914	10989.439441085287	0.9945856213386637	0.65	1.0	0.787878787878788	26.0	0.0	14.0	26.0	0.65	2.5420092644638137	0.7802129970057545	0.49729281066933173
mOTUs2	CAMI_HIGH_S005	7.6893251931428335	9688.437351474915	0.6117401822822259	0.9	0.72	0.7999999999999999	36.0	14.0	4.0	50.0	0.6666666666666666	2.967684951590962	0.7586062115363679	0.3058700911411129
