tool	sample	Weighted UniFrac error	Unweighted UniFrac error	L1 norm error	Completeness (recall)	Purity (precision)	F1 score	True positives	False positives	False negatives	Taxon counts	Jaccard index	Shannon diversity	Shannon equitability	Bray-Curtis distance
Metalign	CAMI_HIGH_S005	8.678532732675224	8537.020767803975	0.08904359176208963	0.9166666666666666	0.9166666666666666	0.9166666666666666	11.0	1.0	1.0	12.0	0.8461538461538461	1.2181889279678548	0.4902352883444473	0.044521795881044816
Bracken+Kraken2	CAMI_HIGH_S005	8.365331309172282	13024.703133794545	0.21758896612545628	0.9166666666666666	0.5789473684210527	0.7096774193548387	11.0	8.0	1.0	19.0	0.55	1.1606065775769496	0.39416900325966786	0.10879448306272814
CLARK	CAMI_HIGH_S005	8.498955014034133	9185.609168062458	0.21740113161062888	0.4166666666666667	0.8333333333333334	0.5555555555555556	5.0	1.0	7.0	6.0	0.38461538461538464	1.1121433421481985	0.6206990175011292	0.10870056580531444
GOTTCHA	CAMI_HIGH_S005	11.222209111945993	10870.414609123358	0.6969105362457164	0.4166666666666667	1.0	0.5882352941176471	5.0	0.0	7.0	5.0	0.4166666666666667	0.9396194042054373	0.5838183610229268	0.3484552681228582
MEGAN+DIAMOND	CAMI_HIGH_S005	10.122253435091073	9967.558629378282	0.1723284896117531	0.9166666666666666	1.0	0.9565217391304348	11.0	0.0	1.0	11.0	0.9166666666666666	1.293492291338936	0.5394281835459044	0.08616424480587652
MetaPhlAn2	CAMI_HIGH_S005	9.733736554114921	10989.439441085286	0.49680613229593235	0.5	1.0	0.6666666666666666	6.0	0.0	6.0	6.0	0.5	1.0594629935646704	0.5912975551462383	0.24840306614796617
mOTUs2	CAMI_HIGH_S005	7.6893251931428335	9688.437351474917	0.055118153058492894	0.9166666666666666	1.0	0.9565217391304348	11.0	0.0	1.0	11.0	0.9166666666666666	1.3035800776041913	0.5436351171762804	0.02755907652924645
