tool	sample	Weighted UniFrac error	Unweighted UniFrac error	L1 norm error	Completeness (recall)	Purity (precision)	F1 score	True positives	False positives	False negatives	Taxon counts	Jaccard index	Shannon diversity	Shannon equitability	Bray-Curtis distance
Metalign	CAMI_HIGH_S005	8.67853273267523	8537.020767803971	0.08904359176208965	0.9166666666666666	0.9166666666666666	0.9166666666666666	11.0	1.0	1.0	12.0	0.8461538461538461	1.2181889279678546	0.4902352883444472	0.04452179588104482
Bracken+Kraken2	CAMI_HIGH_S005	8.365331309172252	13024.703133794543	0.21758896612545622	0.9166666666666666	0.5789473684210527	0.7096774193548387	11.0	8.0	1.0	19.0	0.55	1.16060657757695	0.39416900325966797	0.1087944830627281
CLARK	CAMI_HIGH_S005	8.498955014034115	9185.609168062456	0.2174011316106289	0.4166666666666667	0.8333333333333334	0.5555555555555556	5.0	1.0	7.0	6.0	0.38461538461538464	1.1121433421481985	0.6206990175011292	0.10870056580531445
GOTTCHA	CAMI_HIGH_S005	11.222209111946004	10870.414609123358	0.6969105362457164	0.4166666666666667	1.0	0.5882352941176471	5.0	0.0	7.0	5.0	0.4166666666666667	0.9396194042054374	0.583818361022927	0.3484552681228582
MEGAN+DIAMOND	CAMI_HIGH_S005	10.12225343509108	9967.55862937828	0.1723284896117531	0.9166666666666666	1.0	0.9565217391304348	11.0	0.0	1.0	11.0	0.9166666666666666	1.293492291338936	0.5394281835459044	0.08616424480587655
MetaBinG2	CAMI_HIGH_S005	11.718303762717369	11521.301169099002	0.3454123896569444	0.25	1.0	0.4	3.0	0.0	9.0	3.0	0.25	1.0064274417746417	0.9160897362569762	0.1727061948284722
MetaPhlAn2	CAMI_HIGH_S005	9.733736554114914	10989.439441085287	0.4968061322959323	0.5	1.0	0.6666666666666666	6.0	0.0	6.0	6.0	0.5	1.0594629935646704	0.5912975551462383	0.24840306614796615
mOTUs2	CAMI_HIGH_S005	7.6893251931428335	9688.437351474915	0.0551181530584929	0.9166666666666666	1.0	0.9565217391304348	11.0	0.0	1.0	11.0	0.9166666666666666	1.3035800776041915	0.5436351171762805	0.027559076529246444
