tool	sample	Weighted UniFrac error	Unweighted UniFrac error	L1 norm error	Completeness (recall)	Purity (precision)	F1 score	True positives	False positives	False negatives	Taxon counts	Jaccard index	Shannon diversity	Shannon equitability	Bray-Curtis distance
Metalign	CAMI_HIGH_S005	8.67853273267523	8537.020767803971	1.7736639335867985	0.6378600823045267	0.1952141057934509	0.29893924783027964	155.0	639.0	88.0	794.0	0.17573696145124718	6.219846649408004	0.9315214772298608	0.8868319667933986
Bracken+Kraken2	CAMI_HIGH_S005	8.365331309172252	13024.703133794543	1.9681755442418274	0.06584362139917696	0.011404133998574484	0.019441069258809236	16.0	1387.0	227.0	1403.0	0.0098159509202454	6.129441839050269	0.845863993009254	0.9840877721209096
CLARK	CAMI_HIGH_S005	8.498955014034115	9185.609168062456	1.966198033900991	0.06172839506172839	0.03768844221105527	0.04680187207488299	15.0	383.0	228.0	398.0	0.023961661341853034	5.097432233340683	0.8514947132025802	0.9830990169504957
GOTTCHA	CAMI_HIGH_S005	11.222209111946004	10870.414609123358	1.9897237067748474	0.00823045267489712	0.019801980198019802	0.011627906976744186	2.0	99.0	241.0	101.0	0.005847953216374269	2.156526248235606	0.4672740918392318	0.9948618533874233
MEGAN+DIAMOND	CAMI_HIGH_S005	10.12225343509108	9967.55862937828	1.8268644013753943	0.37448559670781895	0.5947712418300654	0.45959595959595956	91.0	62.0	152.0	153.0	0.2983606557377049	4.75615721075214	0.9454757786645395	0.9134322006876976
MetaBinG2	CAMI_HIGH_S005	11.718303762717369	11521.301169099002	1.9948661254102598	0.00411522633744856	0.14285714285714285	0.008	1.0	6.0	242.0	7.0	0.004016064257028112	1.5688691248068063	0.8062392426332993	0.9974330627051302
MetaPhlAn2	CAMI_HIGH_S005	9.733736554114914	10989.439441085287	1.9674347901191893	0.01646090534979424	0.11428571428571428	0.02877697841726619	4.0	31.0	239.0	35.0	0.014598540145985401	2.38592962402758	0.671081869556271	0.9837173950595958
mOTUs2	CAMI_HIGH_S005	7.6893251931428335	9688.437351474915	1.8254925711152934	0.5020576131687243	0.42214532871972316	0.45864661654135336	122.0	167.0	121.0	289.0	0.2975609756097561	5.251340783868962	0.9267464440836626	0.9127462855576467
