tool	sample	Weighted UniFrac error	Unweighted UniFrac error	L1 norm error	Completeness (recall)	Purity (precision)	F1 score	True positives	False positives	False negatives	Taxon counts	Jaccard index	Shannon diversity	Shannon equitability	Bray-Curtis distance
Metalign	CAMI_HIGH_S005	8.678532732675224	8537.020767803975	1.9397327232073236	0.056797020484171325	0.07682619647355164	0.06531049250535331	61.0	733.0	1013.0	794.0	0.033757609297177645	6.219846649408014	0.9315214772298622	0.9698663616036607
Bracken+Kraken2	CAMI_HIGH_S005	8.365331309172282	13024.703133794545	na	0.0	0.0	na	0.0	0.0	1074.0	0.0	0.0	na	na	na
CLARK	CAMI_HIGH_S005	8.498955014034133	9185.609168062458	na	0.0	0.0	na	0.0	0.0	1074.0	0.0	0.0	na	na	na
GOTTCHA	CAMI_HIGH_S005	11.222209111945993	10870.414609123358	na	0.0	0.0	na	0.0	0.0	1074.0	0.0	0.0	na	na	na
MEGAN+DIAMOND	CAMI_HIGH_S005	10.122253435091073	9967.558629378282	2.0000000000000004	0.0	0.0	na	0.0	53.0	1074.0	53.0	0.0	3.2270536741149005	0.812800102455876	1.0
MetaPhlAn2	CAMI_HIGH_S005	9.733736554114921	10989.439441085286	na	0.0	0.0	na	0.0	0.0	1074.0	0.0	0.0	na	na	na
mOTUs2	CAMI_HIGH_S005	7.6893251931428335	9688.437351474917	na	0.0	0.0	na	0.0	0.0	1074.0	0.0	0.0	na	na	na
