tool	sample	Weighted UniFrac error	Unweighted UniFrac error	L1 norm error	Completeness (recall)	Purity (precision)	F1 score	True positives	False positives	False negatives	Taxon counts	Jaccard index	Shannon diversity	Shannon equitability	Bray-Curtis distance
Metalign	CAMI_HIGH_S005	8.67853273267523	8537.020767803971	1.9397327232073223	0.056797020484171325	0.07682619647355164	0.06531049250535331	61.0	733.0	1013.0	794.0	0.033757609297177645	6.219846649408012	0.931521477229862	0.9698663616036608
Bracken+Kraken2	CAMI_HIGH_S005	8.365331309172252	13024.703133794543	na	0.0	0.0	na	0.0	0.0	1074.0	0.0	0.0	na	na	na
CLARK	CAMI_HIGH_S005	8.498955014034115	9185.609168062456	na	0.0	0.0	na	0.0	0.0	1074.0	0.0	0.0	na	na	na
GOTTCHA	CAMI_HIGH_S005	11.222209111946004	10870.414609123358	na	0.0	0.0	na	0.0	0.0	1074.0	0.0	0.0	na	na	na
MEGAN+DIAMOND	CAMI_HIGH_S005	10.12225343509108	9967.55862937828	2.0000000000000013	0.0	0.0	na	0.0	53.0	1074.0	53.0	0.0	3.227053674114901	0.8128001024558761	1.0
MetaBinG2	CAMI_HIGH_S005	11.718303762717369	11521.301169099002	2.0000000000000013	0.0	0.0	na	0.0	7.0	1074.0	7.0	0.0	1.568869124806806	0.8062392426332992	1.0
MetaPhlAn2	CAMI_HIGH_S005	9.733736554114914	10989.439441085287	na	0.0	0.0	na	0.0	0.0	1074.0	0.0	0.0	na	na	na
mOTUs2	CAMI_HIGH_S005	7.6893251931428335	9688.437351474915	na	0.0	0.0	na	0.0	0.0	1074.0	0.0	0.0	na	na	na
