tool	sample	Weighted UniFrac error	Unweighted UniFrac error	L1 norm error	Completeness (recall)	Purity (precision)	F1 score	True positives	False positives	False negatives	Taxon counts	Jaccard index	Shannon diversity	Shannon equitability	Bray-Curtis distance
Metalign	CAMI_HIGH_S005	8.67853273267523	8537.020767803971	0.05667181150745793	1.0	0.5	0.6666666666666666	2.0	2.0	0.0	4.0	0.5	0.17206211596246507	0.12411658071195505	0.028335905753728966
Bracken+Kraken2	CAMI_HIGH_S005	8.365331309172252	13024.703133794543	0.010098674156320648	1.0	0.5	0.6666666666666666	2.0	2.0	0.0	4.0	0.5	0.10707692737099347	0.07723967605588	0.005049337078160325
CLARK	CAMI_HIGH_S005	8.498955014034115	9185.609168062456	0.027629902152903063	1.0	0.6666666666666666	0.8	2.0	1.0	0.0	3.0	0.6666666666666666	0.13283071175855266	0.12090772434339732	0.013814951076451532
GOTTCHA	CAMI_HIGH_S005	11.222209111946004	10870.414609123358	0.35783070930134303	1.0	1.0	1.0	2.0	0.0	0.0	2.0	1.0	0.4918371337058464	0.7095709937224667	0.17891535465067152
MEGAN+DIAMOND	CAMI_HIGH_S005	10.12225343509108	9967.55862937828	0.015950525047687413	1.0	1.0	1.0	2.0	0.0	0.0	2.0	1.0	0.04178365520646121	0.06028107215657591	0.007975262523843707
MetaBinG2	CAMI_HIGH_S005	11.718303762717369	11521.301169099002	0.02998092504768744	0.5	1.0	0.6666666666666666	1.0	0.0	1.0	1.0	0.5	0.0	0.0	0.01499046252384372
MetaPhlAn2	CAMI_HIGH_S005	9.733736554114914	10989.439441085287	0.18618767495231256	1.0	1.0	1.0	2.0	0.0	0.0	2.0	1.0	0.34249126484843906	0.4941104493446316	0.0930938374761563
mOTUs2	CAMI_HIGH_S005	7.6893251931428335	9688.437351474915	0.0062065156271248	1.0	1.0	1.0	2.0	0.0	0.0	2.0	1.0	0.06450384082463159	0.09305937127598707	0.0031032578135624
