tool	sample	Weighted UniFrac error	Unweighted UniFrac error	L1 norm error	Completeness (recall)	Purity (precision)	F1 score	True positives	False positives	False negatives	Taxon counts	Jaccard index	Shannon diversity	Shannon equitability	Bray-Curtis distance
Metalign	CAMI_HIGH_S004	8.793931311701906	10048.643172304604	0.17690891158861227	0.7619047619047619	0.8	0.7804878048780488	16.0	4.0	5.0	20.0	0.64	2.0884126993696226	0.6971292854858594	0.08845445579430612
Bracken_custom	CAMI_HIGH_S004	7.6847978533980035	9781.003695068779	0.12889088187005765	0.7619047619047619	0.8421052631578947	0.8	16.0	3.0	5.0	19.0	0.6666666666666666	2.0823490434478864	0.7072141953634209	0.06444544093502884
Bracken_original	CAMI_HIGH_S004	8.393697775268233	10343.434312871788	0.323042452861493	0.6666666666666666	0.7777777777777778	0.717948717948718	14.0	4.0	7.0	18.0	0.56	1.887641638559944	0.6530791872717145	0.1615212264307465
