tool	sample	Weighted UniFrac error	Unweighted UniFrac error	L1 norm error	Completeness (recall)	Purity (precision)	F1 score	True positives	False positives	False negatives	Taxon counts	Jaccard index	Shannon diversity	Shannon equitability	Bray-Curtis distance
Metalign	CAMI_HIGH_S004	8.793931311701906	10048.643172304604	0.3280775382377441	0.6022727272727273	0.8548387096774194	0.7066666666666668	53.0	9.0	35.0	62.0	0.5463917525773195	3.5096790991714797	0.8503912816333298	0.164038769118872
Bracken_custom	CAMI_HIGH_S004	7.6847978533980035	9781.003695068779	0.2689149216773838	0.7159090909090909	0.863013698630137	0.782608695652174	63.0	10.0	25.0	73.0	0.6428571428571429	3.622039853226559	0.8442079229298293	0.13445746083869184
Bracken_original	CAMI_HIGH_S004	8.393697775268233	10343.434312871788	0.5650022764404826	0.6022727272727273	0.726027397260274	0.6583850931677019	53.0	20.0	35.0	73.0	0.49074074074074076	3.5359485451694987	0.8241421679126889	0.28250113822024153
