tool	sample	Weighted UniFrac error	Unweighted UniFrac error	L1 norm error	Completeness (recall)	Purity (precision)	F1 score	True positives	False positives	False negatives	Taxon counts	Jaccard index	Shannon diversity	Shannon equitability	Bray-Curtis distance
Metalign	CAMI_HIGH_S004	8.793931311701906	10048.643172304604	0.5153027705086433	0.5721649484536082	0.8604651162790697	0.6873065015479876	111.0	18.0	83.0	129.0	0.5235849056603774	4.228377499800241	0.8700701072340326	0.2576513852543218
Bracken_custom	CAMI_HIGH_S004	7.6847978533980035	9781.003695068779	0.4273253675066833	0.6752577319587629	0.8972602739726028	0.7705882352941177	131.0	15.0	63.0	146.0	0.6267942583732058	4.303736640419546	0.86357872262082	0.21366268375334196
Bracken_original	CAMI_HIGH_S004	8.393697775268233	10343.434312871788	1.0061942056350897	0.39690721649484534	0.5923076923076923	0.47530864197530864	77.0	53.0	117.0	130.0	0.3117408906882591	4.173656728764906	0.8574478046835945	0.5030971028175448
