tool	sample	Weighted UniFrac error	Unweighted UniFrac error	L1 norm error	Completeness (recall)	Purity (precision)	F1 score	True positives	False positives	False negatives	Taxon counts	Jaccard index	Shannon diversity	Shannon equitability	Bray-Curtis distance
Metalign	CAMI_HIGH_S004	8.793931311701906	10048.643172304604	0.7075031067904533	0.675	0.7105263157894737	0.6923076923076923	27.0	11.0	13.0	38.0	0.5294117647058824	2.9112792158659286	0.8003327173657685	0.35375155339522674
Bracken_custom	CAMI_HIGH_S004	7.6847978533980035	9781.003695068779	0.6446923365399819	0.8	0.7111111111111111	0.7529411764705882	32.0	13.0	8.0	45.0	0.6037735849056604	2.9889992809002615	0.785202073714869	0.3223461682699911
Bracken_original	CAMI_HIGH_S004	8.393697775268233	10343.434312871788	0.8790730414285727	0.7	0.6363636363636364	0.6666666666666666	28.0	16.0	12.0	44.0	0.5	2.896403627375969	0.7653960048447539	0.4395365207142863
