tool	sample	Weighted UniFrac error	Unweighted UniFrac error	L1 norm error	Completeness (recall)	Purity (precision)	F1 score	True positives	False positives	False negatives	Taxon counts	Jaccard index	Shannon diversity	Shannon equitability	Bray-Curtis distance
Metalign	CAMI_HIGH_S004	8.793931311701906	10048.643172304604	0.07878177350733304	0.6666666666666666	0.8888888888888888	0.761904761904762	8.0	1.0	4.0	9.0	0.6153846153846154	1.2210428679524035	0.5557205579016056	0.03939088675366651
Bracken_custom	CAMI_HIGH_S004	7.6847978533980035	9781.003695068779	0.050363487251962775	0.6666666666666666	1.0	0.8	8.0	0.0	4.0	8.0	0.6666666666666666	1.2361270768653603	0.594451467900742	0.025181743625981398
Bracken_original	CAMI_HIGH_S004	8.393697775268233	10343.434312871788	0.232328001835587	0.4166666666666667	0.625	0.5	5.0	3.0	7.0	8.0	0.3333333333333333	1.1278137285854872	0.5423637577589246	0.11616400091779351
