tool	sample	Weighted UniFrac error	Unweighted UniFrac error	L1 norm error	Completeness (recall)	Purity (precision)	F1 score	True positives	False positives	False negatives	Taxon counts	Jaccard index	Shannon diversity	Shannon equitability	Bray-Curtis distance
Metalign	CAMI_HIGH_S004	8.793931311701906	10048.643172304604	1.8281793044252346	0.3004115226337449	0.2579505300353357	0.27756653992395436	73.0	210.0	170.0	283.0	0.16114790286975716	5.451966508561963	0.9657280650072104	0.9140896522126181
Bracken_custom	CAMI_HIGH_S004	7.6847978533980035	9781.003695068779	1.814010989949216	0.41975308641975306	0.3849056603773585	0.4015748031496063	102.0	163.0	141.0	265.0	0.2512315270935961	5.227179346676892	0.9368158512501067	0.9070054949746085
Bracken_original	CAMI_HIGH_S004	8.393697775268233	10343.434312871788	1.9733884677681888	0.0411522633744856	0.05555555555555555	0.04728132387706855	10.0	170.0	233.0	180.0	0.024213075060532687	4.690246271410013	0.9031937691925902	0.9866942338840944
