tool	sample	Weighted UniFrac error	Unweighted UniFrac error	L1 norm error	Completeness (recall)	Purity (precision)	F1 score	True positives	False positives	False negatives	Taxon counts	Jaccard index	Shannon diversity	Shannon equitability	Bray-Curtis distance
Metalign	CAMI_HIGH_S004	8.793931311701906	10048.643172304604	0.031249414954229515	1.0	0.5	0.6666666666666666	2.0	2.0	0.0	4.0	0.5	0.12020909536508136	0.08671253287647568	0.015624707477114757
Bracken_custom	CAMI_HIGH_S004	7.6847978533980035	9781.003695068779	0.011482888013010457	1.0	0.6666666666666666	0.8	2.0	1.0	0.0	3.0	0.6666666666666666	0.05056823806837666	0.04602919391124097	0.005741444006505229
Bracken_original	CAMI_HIGH_S004	8.393697775268233	10343.434312871788	0.010551564199632848	1.0	0.6666666666666666	0.8	2.0	1.0	0.0	3.0	0.6666666666666666	0.09767324378305742	0.08890601788322473	0.005275782099816424
