rank	sample	Weighted UniFrac error	Unweighted UniFrac error	L1 norm error	Completeness (recall)	Purity (precision)	F1 score	True positives	False positives	False negatives	Taxon counts	Jaccard index	Shannon diversity	Shannon equitability	Bray-Curtis distance
superkingdom	CAMI_HIGH_S001	8.562991970361903	11091.933605692999	0.017546848128876077	1.0	1.0	1.0	2.0	0.0	0.0	2.0	1.0	0.08801196740106129	0.12697442890839225	0.008773424064438038
phylum	CAMI_HIGH_S001	8.562991970361903	11091.933605692999	0.2129502681882236	0.4166666666666667	1.0	0.5882352941176471	5.0	0.0	7.0	5.0	0.4166666666666667	1.0927168756683436	0.6789431684355738	0.10647513409411179
class	CAMI_HIGH_S001	8.562991970361903	11091.933605692999	0.3059732911270557	0.5238095238095238	1.0	0.6875000000000001	11.0	0.0	10.0	11.0	0.5238095238095238	1.8703878119210784	0.7800123020962108	0.1529866455635278
order	CAMI_HIGH_S001	8.562991970361903	11091.933605692999	0.8619346326458427	0.45	0.782608695652174	0.5714285714285714	18.0	5.0	22.0	23.0	0.4	2.6928901190731556	0.8588407229050378	0.43096731632292135
family	CAMI_HIGH_S001	8.562991970361903	11091.933605692999	0.6300762271286608	0.375	0.9428571428571428	0.5365853658536585	33.0	2.0	55.0	35.0	0.36666666666666664	3.2884629025220167	0.9249341683706791	0.3150381135643304
genus	CAMI_HIGH_S001	8.562991970361903	11091.933605692999	1.0075645959709754	0.1958762886597938	0.8636363636363636	0.31932773109243695	38.0	6.0	156.0	44.0	0.19	3.5550551201243716	0.9394495160231606	0.5037822979854876
species	CAMI_HIGH_S001	8.562991970361903	11091.933605692999	1.9757292270331421	0.02880658436213992	0.1590909090909091	0.048780487804878044	7.0	37.0	236.0	44.0	0.025	3.5491947835129163	0.9379008788832751	0.9878646135165714
strain	CAMI_HIGH_S001	8.562991970361903	11091.933605692999	na	0.0	0.0	na	0.0	0.0	1074.0	0.0	0.0	na	na	na
