rank	sample	Weighted UniFrac error	Unweighted UniFrac error	L1 norm error	Completeness (recall)	Purity (precision)	F1 score	True positives	False positives	False negatives	Taxon counts	Jaccard index	Shannon diversity	Shannon equitability	Bray-Curtis distance
superkingdom	CAMI_HIGH_S001	11.922142766237553	11327.206881046739	0.0790658833212024	1.0	1.0	1.0	2.0	0.0	0.0	2.0	1.0	0.19326113792581764	0.2788168852821351	0.0395329416606012
phylum	CAMI_HIGH_S001	11.922142766237553	11327.206881046739	0.9112037279852438	0.3333333333333333	1.0	0.5	4.0	0.0	8.0	4.0	0.3333333333333333	0.3323030412484692	0.2397059748407436	0.45560186399262187
class	CAMI_HIGH_S001	11.922142766237553	11327.206881046739	1.5086216894205682	0.42857142857142855	0.9	0.5806451612903225	9.0	1.0	12.0	10.0	0.4090909090909091	1.0328524191420994	0.4485621062538383	0.7543108447102841
order	CAMI_HIGH_S001	11.922142766237553	11327.206881046739	1.2471701122478585	0.325	0.8666666666666667	0.4727272727272728	13.0	2.0	27.0	15.0	0.30952380952380953	2.1351142368110683	0.7884322956576101	0.623585056123929
family	CAMI_HIGH_S001	11.922142766237553	11327.206881046739	1.6863363992065	0.22727272727272727	0.9523809523809523	0.36697247706422015	20.0	1.0	68.0	21.0	0.2247191011235955	1.1955938076676642	0.39270323412747893	0.8431681996032498
genus	CAMI_HIGH_S001	11.922142766237553	11327.206881046739	1.8332222706824137	0.08762886597938144	0.7391304347826086	0.15668202764976957	17.0	6.0	177.0	23.0	0.085	1.242175475562001	0.3961657684620871	0.9166111353412069
species	CAMI_HIGH_S001	11.922142766237553	11327.206881046739	1.9942876065899484	0.00411522633744856	0.041666666666666664	0.007490636704119851	1.0	23.0	242.0	24.0	0.0037593984962406013	1.1727160833943266	0.36900447443520273	0.9971438032949748
strain	CAMI_HIGH_S001	11.922142766237553	11327.206881046739	na	0.0	0.0	na	0.0	0.0	1074.0	0.0	0.0	na	na	na
