rank	sample	Weighted UniFrac error	Unweighted UniFrac error	L1 norm error	Completeness (recall)	Purity (precision)	F1 score	True positives	False positives	False negatives	Taxon counts	Jaccard index	Shannon diversity	Shannon equitability	Bray-Curtis distance
superkingdom	CAMI_HIGH_S001	10.125799423054536	10275.31013781573	0.00943861738801748	1.0	1.0	1.0	2.0	0.0	0.0	2.0	1.0	0.025938160923313587	0.03742085613384441	0.00471930869400874
phylum	CAMI_HIGH_S001	10.125799423054536	10275.31013781573	0.19049620151200528	0.6666666666666666	1.0	0.8	8.0	0.0	4.0	8.0	0.6666666666666666	1.3128907868454913	0.6313670091369332	0.09524810075600261
class	CAMI_HIGH_S001	10.125799423054536	10275.31013781573	0.32635790383914626	0.8095238095238095	0.8947368421052632	0.8500000000000001	17.0	2.0	4.0	19.0	0.7391304347826086	2.223106351534554	0.7550186528789627	0.16317895191957316
order	CAMI_HIGH_S001	10.125799423054536	10275.31013781573	0.6666097233195426	0.7	0.7368421052631579	0.717948717948718	28.0	10.0	12.0	38.0	0.56	2.999505807407446	0.8245868759389233	0.3333048616597714
family	CAMI_HIGH_S001	10.125799423054536	10275.31013781573	0.36041401670435846	0.6590909090909091	0.8787878787878788	0.7532467532467532	58.0	8.0	30.0	66.0	0.6041666666666666	3.6493024534168734	0.87102701251507	0.18020700835217923
genus	CAMI_HIGH_S001	10.125799423054536	10275.31013781573	0.47946689717502566	0.6237113402061856	0.937984496124031	0.7492260061919505	121.0	8.0	73.0	129.0	0.599009900990099	4.248406941571052	0.8741915506364228	0.23973344858751297
species	CAMI_HIGH_S001	10.125799423054536	10275.31013781573	1.8350120962920038	0.25925925925925924	0.5478260869565217	0.3519553072625698	63.0	52.0	180.0	115.0	0.2135593220338983	4.406734604414531	0.9287244759672928	0.9175060481460018
strain	CAMI_HIGH_S001	10.125799423054536	10275.31013781573	2.0000000000000004	0.0	0.0	na	0.0	54.0	1074.0	54.0	0.0	3.3454956494983197	0.8386836373486644	1.0
