rank	sample	Weighted UniFrac error	Unweighted UniFrac error	L1 norm error	Completeness (recall)	Purity (precision)	F1 score	True positives	False positives	False negatives	Taxon counts	Jaccard index	Shannon diversity	Shannon equitability	Bray-Curtis distance
superkingdom	CAMI_HIGH_S001	9.671534021254937	11152.007786337845	0.10976018261198256	1.0	1.0	1.0	2.0	0.0	0.0	2.0	1.0	0.23669058278606414	0.3414723300105734	0.05488009130599128
phylum	CAMI_HIGH_S001	9.671534021254937	11152.007786337845	0.5139022107820788	0.4166666666666667	1.0	0.5882352941176471	5.0	0.0	7.0	5.0	0.4166666666666667	1.004401707231113	0.6240698690340061	0.2569511053910394
class	CAMI_HIGH_S001	9.671534021254937	11152.007786337845	0.8901961786653085	0.47619047619047616	1.0	0.6451612903225806	10.0	0.0	11.0	10.0	0.47619047619047616	1.8372690486682648	0.7979158096082644	0.4450980893326543
order	CAMI_HIGH_S001	9.671534021254937	11152.007786337845	0.9044138372982428	0.45	1.0	0.6206896551724138	18.0	0.0	22.0	18.0	0.45	2.4482206859381854	0.8470262274221048	0.4522069186491214
family	CAMI_HIGH_S001	9.671534021254937	11152.007786337845	1.169237951062208	0.4318181818181818	1.0	0.6031746031746031	38.0	0.0	50.0	38.0	0.4318181818181818	3.0061889321358244	0.8264241175697529	0.5846189755311041
genus	CAMI_HIGH_S001	9.671534021254937	11152.007786337845	1.4669117621257066	0.1958762886597938	0.8444444444444444	0.3179916317991631	38.0	7.0	156.0	45.0	0.1890547263681592	3.095009168973866	0.8130505862526856	0.7334558810628532
species	CAMI_HIGH_S001	9.671534021254937	11152.007786337845	1.9790246617177627	0.01646090534979424	0.17391304347826086	0.030075187969924814	4.0	19.0	239.0	23.0	0.015267175572519083	2.564833748999645	0.8179998342748022	0.9895123308588828
strain	CAMI_HIGH_S001	9.671534021254937	11152.007786337845	na	0.0	0.0	na	0.0	0.0	1074.0	0.0	0.0	na	na	na
