rank	sample	Weighted UniFrac error	Unweighted UniFrac error	L1 norm error	Completeness (recall)	Purity (precision)	F1 score	True positives	False positives	False negatives	Taxon counts	Jaccard index	Shannon diversity	Shannon equitability	Bray-Curtis distance
superkingdom	CAMI_HIGH_S001	8.752734644476309	10046.548402751136	0.032828454350891684	1.0	0.5	0.6666666666666666	2.0	2.0	0.0	4.0	0.5	0.11213491244131085	0.08088824104479865	0.016414227175445842
phylum	CAMI_HIGH_S001	8.752734644476309	10046.548402751136	0.09624499099458225	0.6666666666666666	1.0	0.8	8.0	0.0	4.0	8.0	0.6666666666666666	1.2130519535480724	0.5833546792414911	0.048122495497291126
class	CAMI_HIGH_S001	8.752734644476309	10046.548402751136	0.178737052636918	0.7619047619047619	0.8421052631578947	0.8	16.0	3.0	5.0	19.0	0.6666666666666666	2.083522524049007	0.707612736684679	0.08936852631845903
order	CAMI_HIGH_S001	8.752734644476309	10046.548402751136	0.7098193013270521	0.675	0.7297297297297297	0.7012987012987014	27.0	10.0	13.0	37.0	0.54	2.8609910153776337	0.7923168248603498	0.3549096506635259
family	CAMI_HIGH_S001	8.752734644476309	10046.548402751136	0.33978264611069087	0.6022727272727273	0.8688524590163934	0.7114093959731543	53.0	8.0	35.0	61.0	0.5520833333333334	3.5411209980710296	0.8614034667743672	0.16989132305534546
genus	CAMI_HIGH_S001	8.752734644476309	10046.548402751136	0.46670508582821874	0.520618556701031	0.8859649122807017	0.6558441558441558	101.0	13.0	93.0	114.0	0.48792270531400966	4.159310131540206	0.8781959153232174	0.23335254291410948
species	CAMI_HIGH_S001	8.752734644476309	10046.548402751136	1.8203828835024936	0.26337448559670784	0.2570281124497992	0.26016260162601623	64.0	185.0	179.0	249.0	0.14953271028037382	5.2889565918970325	0.958586632481433	0.9101914417512474
strain	CAMI_HIGH_S001	8.752734644476309	10046.548402751136	1.9464595181356645	0.021415270018621976	0.09236947791164658	0.03476946334089191	23.0	226.0	1051.0	249.0	0.01769230769230769	5.288956591897031	0.9585866324814327	0.9732297590678317
