rank	sample	Weighted UniFrac error	Unweighted UniFrac error	L1 norm error	Completeness (recall)	Purity (precision)	F1 score	True positives	False positives	False negatives	Taxon counts	Jaccard index	Shannon diversity	Shannon equitability	Bray-Curtis distance
superkingdom	CAMI_HIGH_S001	7.7483513469541485	10153.75031370893	0.005518776422463099	1.0	1.0	1.0	2.0	0.0	0.0	2.0	1.0	0.0363434912148667	0.0524325745442798	0.0027593882112315494
phylum	CAMI_HIGH_S001	7.7483513469541485	10153.75031370893	0.05998665547880272	0.75	1.0	0.8571428571428571	9.0	0.0	3.0	9.0	0.75	1.3011014027419092	0.5921567672974443	0.02999332773940135
class	CAMI_HIGH_S001	7.7483513469541485	10153.75031370893	0.07481460508393112	0.8095238095238095	0.9444444444444444	0.8717948717948718	17.0	1.0	4.0	18.0	0.7727272727272727	2.0984780725949292	0.7260235874025989	0.03740730254196556
order	CAMI_HIGH_S001	7.7483513469541485	10153.75031370893	0.585183832278676	0.775	0.7560975609756098	0.7654320987654322	31.0	10.0	9.0	41.0	0.62	2.9063149665370003	0.78261978341416	0.29259191613933794
family	CAMI_HIGH_S001	7.7483513469541485	10153.75031370893	0.2663391624072171	0.6818181818181818	0.8571428571428571	0.759493670886076	60.0	10.0	28.0	70.0	0.6122448979591837	3.6009550646598965	0.847583640678127	0.13316958120360853
genus	CAMI_HIGH_S001	7.7483513469541485	10153.75031370893	0.3433885126297826	0.5824742268041238	0.889763779527559	0.7040498442367602	113.0	14.0	81.0	127.0	0.5432692307692307	4.292806837420763	0.8861769293388455	0.1716942563148911
species	CAMI_HIGH_S001	7.7483513469541485	10153.75031370893	1.8337357765083564	0.3868312757201646	0.4723618090452261	0.4253393665158371	94.0	105.0	149.0	199.0	0.27011494252873564	4.900543525685342	0.9258003625250143	0.9168678882541786
strain	CAMI_HIGH_S001	7.7483513469541485	10153.75031370893	na	0.0	0.0	na	0.0	0.0	1074.0	0.0	0.0	na	na	na
