rank	sample	Weighted UniFrac error	Unweighted UniFrac error	L1 norm error	Completeness (recall)	Purity (precision)	F1 score	True positives	False positives	False negatives	Taxon counts	Jaccard index	Shannon diversity	Shannon equitability	Bray-Curtis distance
superkingdom	CAMI_HIGH_S001	7.748351346954152	10153.750313708928	0.005518776422463099	1.0	1.0	1.0	2.0	0.0	0.0	2.0	1.0	0.0363434912148667	0.0524325745442798	0.0027593882112315494
phylum	CAMI_HIGH_S001	7.748351346954152	10153.750313708928	0.05998665547880272	0.75	1.0	0.8571428571428571	9.0	0.0	3.0	9.0	0.75	1.301101402741909	0.5921567672974443	0.029993327739401346
class	CAMI_HIGH_S001	7.748351346954152	10153.750313708928	0.07481460508393112	0.8095238095238095	0.9444444444444444	0.8717948717948718	17.0	1.0	4.0	18.0	0.7727272727272727	2.0984780725949297	0.726023587402599	0.03740730254196556
order	CAMI_HIGH_S001	7.748351346954152	10153.750313708928	0.5851838322786758	0.775	0.7560975609756098	0.7654320987654322	31.0	10.0	9.0	41.0	0.62	2.9063149665369994	0.7826197834141598	0.292591916139338
family	CAMI_HIGH_S001	7.748351346954152	10153.750313708928	0.2663391624072172	0.6818181818181818	0.8571428571428571	0.759493670886076	60.0	10.0	28.0	70.0	0.6122448979591837	3.600955064659897	0.8475836406781271	0.13316958120360856
genus	CAMI_HIGH_S001	7.748351346954152	10153.750313708928	0.34338851262978226	0.5824742268041238	0.889763779527559	0.7040498442367602	113.0	14.0	81.0	127.0	0.5432692307692307	4.292806837420761	0.8861769293388451	0.17169425631489107
species	CAMI_HIGH_S001	7.748351346954152	10153.750313708928	1.8337357765083562	0.3868312757201646	0.4723618090452261	0.4253393665158371	94.0	105.0	149.0	199.0	0.27011494252873564	4.900543525685346	0.925800362525015	0.9168678882541786
strain	CAMI_HIGH_S001	7.748351346954152	10153.750313708928	na	0.0	0.0	na	0.0	0.0	1074.0	0.0	0.0	na	na	na
