rank	sample	Weighted UniFrac error	Unweighted UniFrac error	L1 norm error	Completeness (recall)	Purity (precision)	F1 score	True positives	False positives	False negatives	Taxon counts	Jaccard index	Shannon diversity	Shannon equitability	Bray-Curtis distance
superkingdom	CAMI_MED_S002	7.99011754107249	2470.1152986074158	0.6616863789487156	1.0	0.75	0.8571428571428571	3.0	1.0	0.0	4.0	0.75	0.1224433697134241	0.08832422113764542	0.3308431894743578
phylum	CAMI_MED_S002	7.99011754107249	2470.1152986074158	0.23320991794652307	1.0	0.75	0.8571428571428571	6.0	2.0	0.0	8.0	0.75	1.321170885214175	0.6353488947551241	0.11660495897326152
class	CAMI_MED_S002	7.99011754107249	2470.1152986074158	0.2744392572377321	1.0	0.8823529411764706	0.9375	15.0	2.0	0.0	17.0	0.8823529411764706	1.9825860670626636	0.6997658934587192	0.13721962861886605
order	CAMI_MED_S002	7.99011754107249	2470.1152986074158	0.7907407811641575	0.896551724137931	0.6842105263157895	0.7761194029850746	26.0	12.0	3.0	38.0	0.6341463414634146	2.772768580299997	0.762255094050765	0.39537039058207873
family	CAMI_MED_S002	7.99011754107249	2470.1152986074158	0.3436035288240283	0.9056603773584906	0.75	0.8205128205128206	48.0	16.0	5.0	64.0	0.6956521739130435	3.0826152929252637	0.741212299345293	0.17180176441201414
genus	CAMI_MED_S002	7.99011754107249	2470.1152986074158	0.4435317055389647	0.9014084507042254	0.5818181818181818	0.7071823204419889	64.0	46.0	7.0	110.0	0.5470085470085471	3.470402092221415	0.738307964751251	0.22176585276948246
species	CAMI_MED_S002	7.99011754107249	2470.1152986074158	1.5641374415487193	0.6527777777777778	0.1910569105691057	0.2955974842767296	47.0	199.0	25.0	246.0	0.17343173431734318	3.7400821506859576	0.6793563886707054	0.7820687207743598
strain	CAMI_MED_S002	7.99011754107249	2470.1152986074158	na	0.0	0.0	na	0.0	0.0	232.0	0.0	0.0	na	na	na
