rank	sample	Weighted UniFrac error	Unweighted UniFrac error	L1 norm error	Completeness (recall)	Purity (precision)	F1 score	True positives	False positives	False negatives	Taxon counts	Jaccard index	Shannon diversity	Shannon equitability	Bray-Curtis distance
superkingdom	CAMI_MED_S002	8.916882657178101	7277.024206380857	0.6444758702283021	1.0	0.75	0.8571428571428571	3.0	1.0	0.0	4.0	0.75	0.1960021281694215	0.1413856491568537	0.32223793511415105
phylum	CAMI_MED_S002	8.916882657178101	7277.024206380857	0.11086117980875367	1.0	0.35294117647058826	0.5217391304347826	6.0	11.0	0.0	17.0	0.35294117647058826	1.3967781283845833	0.49300139409369825	0.05543058990437684
class	CAMI_MED_S002	8.916882657178101	7277.024206380857	0.3201136998011998	1.0	0.45454545454545453	0.625	15.0	18.0	0.0	33.0	0.45454545454545453	1.9196772403613787	0.5490270524558057	0.16005684990059985
order	CAMI_MED_S002	8.916882657178101	7277.024206380857	0.9575250832357756	0.9310344827586207	0.3333333333333333	0.49090909090909085	27.0	54.0	2.0	81.0	0.3253012048192771	2.87844573668967	0.6550185553129305	0.47876254161788767
family	CAMI_MED_S002	8.916882657178101	7277.024206380857	0.6042411038923846	0.9245283018867925	0.30246913580246915	0.45581395348837206	49.0	113.0	4.0	162.0	0.29518072289156627	3.3504427573463516	0.6585512168377083	0.3021205519461924
genus	CAMI_MED_S002	8.916882657178101	7277.024206380857	0.7529974803881736	0.704225352112676	0.13850415512465375	0.23148148148148148	50.0	311.0	21.0	361.0	0.13089005235602094	3.8613526248829007	0.6557026062017484	0.3764987401940875
species	CAMI_MED_S002	8.916882657178101	7277.024206380857	1.7474708462083757	0.2916666666666667	0.02681992337164751	0.04912280701754387	21.0	762.0	51.0	783.0	0.025179856115107913	4.27717682557701	0.6419168011092712	0.8737354231041908
strain	CAMI_MED_S002	8.916882657178101	7277.024206380857	na	0.0	0.0	na	0.0	0.0	232.0	0.0	0.0	na	na	na
