rank	sample	Weighted UniFrac error	Unweighted UniFrac error	L1 norm error	Completeness (recall)	Purity (precision)	F1 score	True positives	False positives	False negatives	Taxon counts	Jaccard index	Shannon diversity	Shannon equitability	Bray-Curtis distance
superkingdom	CAMI_HIGH_S001	8.388599167956329	9375.629298253984	0.0185656471323118	1.0	0.6666666666666666	0.8	2.0	1.0	0.0	3.0	0.6666666666666666	0.09240659655776687	0.08411210898595989	0.009282823566155902
phylum	CAMI_HIGH_S001	8.388599167956329	9375.629298253984	0.21323173508652077	0.4166666666666667	0.7142857142857143	0.5263157894736842	5.0	2.0	7.0	7.0	0.35714285714285715	1.1002659502755594	0.5654248480124885	0.10661586754326038
class	CAMI_HIGH_S001	8.388599167956329	9375.629298253984	0.3010927345748308	0.6190476190476191	0.8666666666666667	0.7222222222222222	13.0	2.0	8.0	15.0	0.5652173913043478	1.8964573451616296	0.7003036148996602	0.15054636728741536
order	CAMI_HIGH_S001	8.388599167956329	9375.629298253984	0.8480831649168785	0.7	0.6511627906976745	0.674698795180723	28.0	15.0	12.0	43.0	0.509090909090909	2.824200152787376	0.7508773970848918	0.4240415824584392
family	CAMI_HIGH_S001	8.388599167956329	9375.629298253984	0.6192937397477197	0.625	0.6626506024096386	0.6432748538011697	55.0	28.0	33.0	83.0	0.47413793103448276	3.5593554750281333	0.8054953303244317	0.30964686987386
genus	CAMI_HIGH_S001	8.388599167956329	9375.629298253984	0.9681091736935851	0.4793814432989691	0.4696969696969697	0.4744897959183673	93.0	105.0	101.0	198.0	0.3110367892976589	4.271929692094672	0.8078127801223415	0.4840545868467925
species	CAMI_HIGH_S001	8.388599167956329	9375.629298253984	1.9640517065129628	0.06172839506172839	0.0398936170212766	0.048465266558966075	15.0	361.0	228.0	376.0	0.024834437086092714	5.145906710889403	0.8678352895033016	0.9820258532564812
strain	CAMI_HIGH_S001	8.388599167956329	9375.629298253984	na	0.0	0.0	na	0.0	0.0	1074.0	0.0	0.0	na	na	na
