rank	sample	Weighted UniFrac error	Unweighted UniFrac error	L1 norm error	Completeness (recall)	Purity (precision)	F1 score	True positives	False positives	False negatives	Taxon counts	Jaccard index	Shannon diversity	Shannon equitability	Bray-Curtis distance
superkingdom	CAMI_HIGH_S001	11.880811965304053	10925.15027352975	0.0790658833212024	1.0	1.0	1.0	2.0	0.0	0.0	2.0	1.0	0.19326113792581764	0.2788168852821351	0.0395329416606012
phylum	CAMI_HIGH_S001	11.880811965304053	10925.15027352975	0.9108106980447404	0.4166666666666667	1.0	0.5882352941176471	5.0	0.0	7.0	5.0	0.4166666666666667	0.3341615424818335	0.20762624013028896	0.45540534902237023
class	CAMI_HIGH_S001	11.880811965304053	10925.15027352975	1.5081600277080724	0.5714285714285714	0.8	0.6666666666666666	12.0	3.0	9.0	15.0	0.5	1.042363086856156	0.38491276359348925	0.7540800138540363
order	CAMI_HIGH_S001	11.880811965304053	10925.15027352975	1.2394727335482207	0.525	0.75	0.6176470588235295	21.0	7.0	19.0	28.0	0.44680851063829785	2.215257227984456	0.6648023016654462	0.6197363667741103
family	CAMI_HIGH_S001	11.880811965304053	10925.15027352975	1.678021468720908	0.4090909090909091	0.8181818181818182	0.5454545454545455	36.0	8.0	52.0	44.0	0.375	1.2522385105493503	0.3309132553309031	0.8390107343604534
genus	CAMI_HIGH_S001	11.880811965304053	10925.15027352975	1.8222431444943101	0.211340206185567	0.640625	0.31782945736434104	41.0	23.0	153.0	64.0	0.1889400921658986	1.3256497583118392	0.3187513887120239	0.9111215722471551
species	CAMI_HIGH_S001	11.880811965304053	10925.15027352975	1.994085238887832	0.00823045267489712	0.023529411764705882	0.012195121951219513	2.0	83.0	241.0	85.0	0.006134969325153374	1.2903049200558423	0.290435788352917	0.9970426194439174
strain	CAMI_HIGH_S001	11.880811965304053	10925.15027352975	na	0.0	0.0	na	0.0	0.0	1074.0	0.0	0.0	na	na	na
