rank	sample	Weighted UniFrac error	Unweighted UniFrac error	L1 norm error	Completeness (recall)	Purity (precision)	F1 score	True positives	False positives	False negatives	Taxon counts	Jaccard index	Shannon diversity	Shannon equitability	Bray-Curtis distance
superkingdom	CAMI_HIGH_S001	10.106405613166885	10218.342662459185	0.00943861738801748	1.0	1.0	1.0	2.0	0.0	0.0	2.0	1.0	0.025938160923313587	0.03742085613384441	0.00471930869400874
phylum	CAMI_HIGH_S001	10.106405613166885	10218.342662459185	0.1899803375865378	0.75	1.0	0.8571428571428571	9.0	0.0	3.0	9.0	0.75	1.3182872212788725	0.5999783703844617	0.09499016879326884
class	CAMI_HIGH_S001	10.106405613166885	10218.342662459185	0.3263579038391461	0.8095238095238095	0.8947368421052632	0.8500000000000001	17.0	2.0	4.0	19.0	0.7391304347826086	2.223106351534554	0.7550186528789627	0.16317895191957307
order	CAMI_HIGH_S001	10.106405613166885	10218.342662459185	0.6646832219097014	0.8	0.7272727272727273	0.761904761904762	32.0	12.0	8.0	44.0	0.6153846153846154	3.020699993139527	0.7982422355540902	0.3323416109548507
family	CAMI_HIGH_S001	10.106405613166885	10218.342662459185	0.3535078814027324	0.7386363636363636	0.8783783783783784	0.802469135802469	65.0	9.0	23.0	74.0	0.6701030927835051	3.678220091669775	0.8545921151326075	0.1767539407013663
genus	CAMI_HIGH_S001	10.106405613166885	10218.342662459185	0.4773296403630888	0.6391752577319587	0.9185185185185185	0.7537993920972644	124.0	11.0	70.0	135.0	0.6048780487804878	4.268269785048471	0.8701387746533649	0.2386648201815444
species	CAMI_HIGH_S001	10.106405613166885	10218.342662459185	1.8341106235799507	0.26337448559670784	0.5470085470085471	0.35555555555555557	64.0	53.0	179.0	117.0	0.21621621621621623	4.415467881327957	0.9271958441214467	0.9170553117899755
strain	CAMI_HIGH_S001	10.106405613166885	10218.342662459185	1.999999999999999	0.0	0.0	na	0.0	56.0	1074.0	56.0	0.0	3.3511574643947895	0.8325129633040257	1.0
