rank	sample	Weighted UniFrac error	Unweighted UniFrac error	L1 norm error	Completeness (recall)	Purity (precision)	F1 score	True positives	False positives	False negatives	Taxon counts	Jaccard index	Shannon diversity	Shannon equitability	Bray-Curtis distance
superkingdom	CAMI_HIGH_S001	9.646791777605271	10960.959611184378	0.10976018261198256	1.0	1.0	1.0	2.0	0.0	0.0	2.0	1.0	0.23669058278606414	0.3414723300105734	0.05488009130599128
phylum	CAMI_HIGH_S001	9.646791777605271	10960.959611184378	0.5136147258023468	0.5	1.0	0.6666666666666666	6.0	0.0	6.0	6.0	0.5	1.0060016010788981	0.5614601838897018	0.2568073629011734
class	CAMI_HIGH_S001	9.646791777605271	10960.959611184378	0.8893149522111536	0.6190476190476191	1.0	0.7647058823529412	13.0	0.0	8.0	13.0	0.6190476190476191	1.8425118647227345	0.7183423950897105	0.444657476105577
order	CAMI_HIGH_S001	9.646791777605271	10960.959611184378	0.9005887510524944	0.675	1.0	0.8059701492537313	27.0	0.0	13.0	27.0	0.675	2.4733121872514867	0.7504352575101749	0.4502943755262473
family	CAMI_HIGH_S001	9.646791777605271	10960.959611184378	1.1629286640424312	0.5681818181818182	1.0	0.7246376811594203	50.0	0.0	38.0	50.0	0.5681818181818182	3.0333584928119866	0.7753938278489252	0.5814643320212158
genus	CAMI_HIGH_S001	9.646791777605271	10960.959611184378	1.4561933715167112	0.27319587628865977	0.7794117647058824	0.4045801526717557	53.0	15.0	141.0	68.0	0.2535885167464115	3.149501693109507	0.7464144903079536	0.7280966857583554
species	CAMI_HIGH_S001	9.646791777605271	10960.959611184378	1.9790246617177638	0.01646090534979424	0.10526315789473684	0.028469750889679714	4.0	34.0	239.0	38.0	0.01444043321299639	2.6345028922689413	0.7242448086692481	0.9895123308588826
strain	CAMI_HIGH_S001	9.646791777605271	10960.959611184378	na	0.0	0.0	na	0.0	0.0	1074.0	0.0	0.0	na	na	na
