rank	sample	Weighted UniFrac error	Unweighted UniFrac error	L1 norm error	Completeness (recall)	Purity (precision)	F1 score	True positives	False positives	False negatives	Taxon counts	Jaccard index	Shannon diversity	Shannon equitability	Bray-Curtis distance
superkingdom	CAMI_HIGH_S001	7.668802241376558	9323.694941063737	0.005518776422463099	1.0	1.0	1.0	2.0	0.0	0.0	2.0	1.0	0.0363434912148667	0.0524325745442798	0.0027593882112315494
phylum	CAMI_HIGH_S001	7.668802241376558	9323.694941063737	0.05949667897553062	0.9166666666666666	1.0	0.9565217391304348	11.0	0.0	1.0	11.0	0.9166666666666666	1.30522897109712	0.5443227591728405	0.02974833948776531
class	CAMI_HIGH_S001	7.668802241376558	9323.694941063737	0.07505530373707811	0.9523809523809523	0.8695652173913043	0.909090909090909	20.0	3.0	1.0	23.0	0.8333333333333334	2.1130338873033234	0.6739077611971171	0.037527651868539055
order	CAMI_HIGH_S001	7.668802241376558	9323.694941063737	0.5826101644019058	0.9	0.72	0.7999999999999999	36.0	14.0	4.0	50.0	0.6666666666666666	2.9284588644740985	0.7485791521191725	0.2913050822009529
family	CAMI_HIGH_S001	7.668802241376558	9323.694941063737	0.25385940881490027	0.8636363636363636	0.8539325842696629	0.8587570621468926	76.0	13.0	12.0	89.0	0.7524752475247525	3.6475168466966235	0.8126113470212536	0.12692970440745013
genus	CAMI_HIGH_S001	7.668802241376558	9323.694941063737	0.31169522687566253	0.8092783505154639	0.8579234972677595	0.8328912466843501	157.0	26.0	37.0	183.0	0.7136363636363636	4.407473725484756	0.8460476899589757	0.15584761343783127
species	CAMI_HIGH_S001	7.668802241376558	9323.694941063737	1.825478110916939	0.5020576131687243	0.4236111111111111	0.45951035781544264	122.0	166.0	121.0	288.0	0.2982885085574572	5.05456547867971	0.8925659107828295	0.9127390554584703
strain	CAMI_HIGH_S001	7.668802241376558	9323.694941063737	na	0.0	0.0	na	0.0	0.0	1074.0	0.0	0.0	na	na	na
