rank	sample	Weighted UniFrac error	Unweighted UniFrac error	L1 norm error	Completeness (recall)	Purity (precision)	F1 score	True positives	False positives	False negatives	Taxon counts	Jaccard index	Shannon diversity	Shannon equitability	Bray-Curtis distance
superkingdom	CAMI_HIGH_S005	8.379160698304222	31286.97615548032	0.010098674156320651	1.0	0.5	0.6666666666666666	2.0	2.0	0.0	4.0	0.5	0.10707692737099349	0.07723967605588002	0.005049337078160326
phylum	CAMI_HIGH_S005	8.379160698304222	31286.97615548032	0.21771995581733658	1.0	0.2926829268292683	0.45283018867924524	12.0	29.0	0.0	41.0	0.2926829268292683	1.167402888843169	0.30667359976891617	0.1088599779086683
class	CAMI_HIGH_S005	8.379160698304222	31286.97615548032	0.30600299695299665	1.0	0.2625	0.4158415841584159	21.0	59.0	0.0	80.0	0.2625	1.9352904961401214	0.4344722958104027	0.15300149847649835
order	CAMI_HIGH_S005	8.379160698304222	31286.97615548032	0.8768791749400332	1.0	0.22346368715083798	0.365296803652968	40.0	139.0	0.0	179.0	0.22346368715083798	3.00908768894431	0.5723424322832499	0.43843958747001704
family	CAMI_HIGH_S005	8.379160698304222	31286.97615548032	0.5900525145391293	0.9545454545454546	0.22281167108753316	0.36129032258064514	84.0	293.0	4.0	377.0	0.2204724409448819	3.747500740394623	0.6037951979703076	0.2950262572695648
genus	CAMI_HIGH_S005	8.379160698304222	31286.97615548032	1.012619595625173	0.6443298969072165	0.10080645161290322	0.17433751743375173	125.0	1115.0	69.0	1240.0	0.09549274255156608	4.792703414830687	0.6340798833633998	0.50630979781259
species	CAMI_HIGH_S005	8.379160698304222	31286.97615548032	1.9684852851947718	0.06584362139917696	0.0038489295164782296	0.007272727272727273	16.0	4141.0	227.0	4157.0	0.0036496350364963502	6.547868742605245	0.7382189015858768	0.9842426425973698
strain	CAMI_HIGH_S005	8.379160698304222	31286.97615548032	na	0.0	0.0	na	0.0	0.0	1074.0	0.0	0.0	na	na	na
