rank	sample	Weighted UniFrac error	Unweighted UniFrac error	L1 norm error	Completeness (recall)	Purity (precision)	F1 score	True positives	False positives	False negatives	Taxon counts	Jaccard index	Shannon diversity	Shannon equitability	Bray-Curtis distance
superkingdom	CAMI_HIGH_S005	8.499815604601626	47484.03874730705	0.027819680262720164	1.0	0.5	0.6666666666666666	2.0	2.0	0.0	4.0	0.5	0.13381758435793709	0.09652898266846818	0.013909840131360082
phylum	CAMI_HIGH_S005	8.499815604601626	47484.03874730705	0.2159706693177227	1.0	0.23076923076923078	0.375	12.0	40.0	0.0	52.0	0.23076923076923078	1.1365733064540773	0.28362336095298823	0.10798533465886134
class	CAMI_HIGH_S005	8.499815604601626	47484.03874730705	0.3041957467803135	1.0	0.17355371900826447	0.29577464788732394	21.0	100.0	0.0	121.0	0.17355371900826447	1.931345410304146	0.3943259659745309	0.1520978733901567
order	CAMI_HIGH_S005	8.499815604601626	47484.03874730705	0.910508939961124	1.0	0.1568627450980392	0.2711864406779661	40.0	215.0	0.0	255.0	0.1568627450980392	2.9077806574495533	0.5030115329465543	0.45525446998056207
family	CAMI_HIGH_S005	8.499815604601626	47484.03874730705	0.6389824665149308	0.9659090909090909	0.17311608961303462	0.2936096718480138	85.0	406.0	3.0	491.0	0.1720647773279352	3.585446667798294	0.5563894534380006	0.31949123325746553
genus	CAMI_HIGH_S005	8.499815604601626	47484.03874730705	1.0270182926975597	0.634020618556701	0.0825503355704698	0.1460807600950119	123.0	1367.0	71.0	1490.0	0.07879564381806534	4.533164823924839	0.6051410782911084	0.5135091463487681
species	CAMI_HIGH_S005	8.499815604601626	47484.03874730705	1.9667913442235132	0.07407407407407407	0.00348297213622291	0.006653114026982074	18.0	5150.0	225.0	5168.0	0.0033376599295382903	6.1010722627039025	0.7044911429353259	0.983395672111739
strain	CAMI_HIGH_S005	8.499815604601626	47484.03874730705	na	0.0	0.0	na	0.0	0.0	1074.0	0.0	0.0	na	na	na
