rank	sample	Weighted UniFrac error	Unweighted UniFrac error	L1 norm error	Completeness (recall)	Purity (precision)	F1 score	True positives	False positives	False negatives	Taxon counts	Jaccard index	Shannon diversity	Shannon equitability	Bray-Curtis distance
superkingdom	CAMI_HIGH_S005	11.71830376271737	11521.301169099	0.02998092504768744	0.5	1.0	0.6666666666666666	1.0	0.0	1.0	1.0	0.5	0.0	0.0	0.01499046252384372
phylum	CAMI_HIGH_S005	11.71830376271737	11521.301169099	0.3454123896569444	0.25	1.0	0.4	3.0	0.0	9.0	3.0	0.25	1.0064274417746417	0.9160897362569762	0.1727061948284722
class	CAMI_HIGH_S005	11.71830376271737	11521.301169099	0.7465171081406963	0.19047619047619047	0.8	0.3076923076923077	4.0	1.0	17.0	5.0	0.18181818181818182	1.2735871389485376	0.7913241816345529	0.37325855407034814
order	CAMI_HIGH_S005	11.71830376271737	11521.301169099	1.6055032861515846	0.1	0.6666666666666666	0.1739130434782609	4.0	2.0	36.0	6.0	0.09523809523809523	1.3286523447778629	0.7415349926127569	0.8027516430757924
family	CAMI_HIGH_S005	11.71830376271737	11521.301169099	1.54782091394273	0.045454545454545456	0.8	0.08602150537634409	4.0	1.0	84.0	5.0	0.0449438202247191	1.120534570180976	0.6962272738351795	0.7739104569713646
genus	CAMI_HIGH_S005	11.71830376271737	11521.301169099	1.7589463689013576	0.02577319587628866	0.7142857142857143	0.04975124378109452	5.0	2.0	189.0	7.0	0.025510204081632654	1.568869124806806	0.8062392426332992	0.8794731844506781
species	CAMI_HIGH_S005	11.71830376271737	11521.301169099	1.994866125410259	0.00411522633744856	0.14285714285714285	0.008	1.0	6.0	242.0	7.0	0.004016064257028112	1.5688691248068063	0.8062392426332993	0.9974330627051304
strain	CAMI_HIGH_S005	11.71830376271737	11521.301169099	2.0000000000000013	0.0	0.0	na	0.0	7.0	1074.0	7.0	0.0	1.568869124806806	0.8062392426332992	1.0
