rank	sample	Weighted UniFrac error	Unweighted UniFrac error	L1 norm error	Completeness (recall)	Purity (precision)	F1 score	True positives	False positives	False negatives	Taxon counts	Jaccard index	Shannon diversity	Shannon equitability	Bray-Curtis distance
superkingdom	CAMI_HIGH_S005	9.731944005038178	10883.43782985881	0.18618767495231256	1.0	1.0	1.0	2.0	0.0	0.0	2.0	1.0	0.34249126484843906	0.4941104493446316	0.0930938374761563
phylum	CAMI_HIGH_S005	9.731944005038178	10883.43782985881	0.49680613229593235	0.5	1.0	0.6666666666666666	6.0	0.0	6.0	6.0	0.5	1.0594629935646704	0.5912975551462383	0.24840306614796615
class	CAMI_HIGH_S005	9.731944005038178	10883.43782985881	0.9118974206230253	0.5714285714285714	1.0	0.7272727272727273	12.0	0.0	9.0	12.0	0.5714285714285714	1.8949195544652524	0.7625717266388728	0.4559487103115126
order	CAMI_HIGH_S005	9.731944005038178	10883.43782985881	0.994462218317585	0.7	1.0	0.8235294117647058	28.0	0.0	12.0	28.0	0.7	2.5427326753399084	0.7630782167107187	0.49723110915879254
family	CAMI_HIGH_S005	9.731944005038178	10883.43782985881	1.2162806151291479	0.625	0.9649122807017544	0.7586206896551725	55.0	2.0	33.0	57.0	0.6111111111111112	2.9746145170036327	0.7357350476034973	0.6081403075645738
genus	CAMI_HIGH_S005	9.731944005038178	10883.43782985881	1.5266592867314426	0.30927835051546393	0.7407407407407407	0.43636363636363634	60.0	21.0	134.0	81.0	0.27906976744186046	3.106641631221552	0.7069467689524604	0.7633296433657207
species	CAMI_HIGH_S005	9.731944005038178	10883.43782985881	1.967241432265693	0.0205761316872428	0.09803921568627451	0.034013605442176874	5.0	46.0	238.0	51.0	0.01730103806228374	2.3955753888453217	0.6092781350493027	0.9836207161328467
strain	CAMI_HIGH_S005	9.731944005038178	10883.43782985881	na	0.0	0.0	na	0.0	0.0	1074.0	0.0	0.0	na	na	na
