rank	sample	Weighted UniFrac error	Unweighted UniFrac error	L1 norm error	Completeness (recall)	Purity (precision)	F1 score	True positives	False positives	False negatives	Taxon counts	Jaccard index	Shannon diversity	Shannon equitability	Bray-Curtis distance
superkingdom	CAMI_HIGH_S005	7.688891863432724	9675.428570034048	0.0062065156271248	1.0	1.0	1.0	2.0	0.0	0.0	2.0	1.0	0.06450384082463159	0.09305937127598707	0.0031032578135624
phylum	CAMI_HIGH_S005	7.688891863432724	9675.428570034048	0.05511815305849291	0.9166666666666666	1.0	0.9565217391304348	11.0	0.0	1.0	11.0	0.9166666666666666	1.3035800776041913	0.5436351171762804	0.02755907652924645
class	CAMI_HIGH_S005	7.688891863432724	9675.428570034048	0.10198059517901882	0.9523809523809523	0.8695652173913043	0.909090909090909	20.0	3.0	1.0	23.0	0.8333333333333334	2.099900283892279	0.6697190743405692	0.05099029758950942
order	CAMI_HIGH_S005	7.688891863432724	9675.428570034048	0.6117401822822259	0.9	0.72	0.7999999999999999	36.0	14.0	4.0	50.0	0.6666666666666666	2.967684951590961	0.7586062115363676	0.3058700911411129
family	CAMI_HIGH_S005	7.688891863432724	9675.428570034048	0.26800686830986153	0.875	0.8369565217391305	0.8555555555555556	77.0	15.0	11.0	92.0	0.7475728155339806	3.648224971725281	0.8068101614131957	0.13400343415493074
genus	CAMI_HIGH_S005	7.688891863432724	9675.428570034048	0.35048768589984447	0.8195876288659794	0.8594594594594595	0.8390501319261213	159.0	26.0	35.0	185.0	0.7227272727272728	4.446886732563424	0.8518359440559217	0.17524384294992212
species	CAMI_HIGH_S005	7.688891863432724	9675.428570034048	1.8254928494475442	0.5020576131687243	0.41496598639455784	0.45437616387337065	122.0	172.0	121.0	294.0	0.29397590361445786	5.253217187415834	0.9242796621952993	0.9127464247237725
strain	CAMI_HIGH_S005	7.688891863432724	9675.428570034048	na	0.0	0.0	na	0.0	0.0	1074.0	0.0	0.0	na	na	na
