tool	sample	Weighted UniFrac error	Unweighted UniFrac error	L1 norm error	Completeness (recall)	Purity (precision)	F1 score	True positives	False positives	False negatives	Taxon counts	Jaccard index	Shannon diversity	Shannon equitability	Bray-Curtis distance
Metalign	CAMI_HIGH_S002	8.64696476780269	14098.994479596391	0.20492918063127655	0.9047619047619048	0.7916666666666666	0.8444444444444444	19.0	5.0	2.0	24.0	0.7307692307692307	2.1049372499635237	0.6623353040351324	0.10246459031563826
Bracken_custom	CAMI_HIGH_S002	7.629847309903172	20507.571351404895	0.13973294003624145	1.0	0.27631578947368424	0.4329896907216495	21.0	55.0	0.0	76.0	0.27631578947368424	2.1435791141329053	0.40731622747851004	0.06986647001812074
Bracken_original	CAMI_HIGH_S002	8.409729197065355	31645.960360698115	0.3382476454868721	1.0	0.2625	0.4158415841584159	21.0	59.0	0.0	80.0	0.2625	1.9895871715258253	0.4478378014972965	0.16912382274343607
