tool	sample	Weighted UniFrac error	Unweighted UniFrac error	L1 norm error	Completeness (recall)	Purity (precision)	F1 score	True positives	False positives	False negatives	Taxon counts	Jaccard index	Shannon diversity	Shannon equitability	Bray-Curtis distance
Metalign	CAMI_HIGH_S002	8.64696476780269	14098.994479596391	0.3548823714221209	0.8977272727272727	0.7821782178217822	0.835978835978836	79.0	22.0	9.0	101.0	0.7181818181818181	3.6566029300247607	0.7923093051809317	0.17744118571106055
Bracken_custom	CAMI_HIGH_S002	7.629847309903172	20507.571351404895	0.2708842489530788	0.9545454545454546	0.32061068702290074	0.4800000000000001	84.0	178.0	4.0	262.0	0.3157894736842105	3.7690487129146324	0.5557272164795887	0.1354421244765397
Bracken_original	CAMI_HIGH_S002	8.409729197065355	31645.960360698115	0.6518683060021848	0.9545454545454546	0.22163588390501318	0.35974304068522484	84.0	295.0	4.0	379.0	0.2193211488250653	3.7951192941095804	0.6118657899810293	0.32593415300109263
