tool	sample	Weighted UniFrac error	Unweighted UniFrac error	L1 norm error	Completeness (recall)	Purity (precision)	F1 score	True positives	False positives	False negatives	Taxon counts	Jaccard index	Shannon diversity	Shannon equitability	Bray-Curtis distance
Metalign	CAMI_HIGH_S002	8.64696476780269	14098.994479596391	0.4982732950592035	0.8556701030927835	0.7443946188340808	0.7961630695443646	166.0	57.0	28.0	223.0	0.6613545816733067	4.402747313503686	0.8142421767960213	0.24913664752960152
Bracken_custom	CAMI_HIGH_S002	7.629847309903172	20507.571351404895	0.41963977798920526	0.9587628865979382	0.2980769230769231	0.4547677261613692	186.0	438.0	8.0	624.0	0.29430379746835444	4.538587731010529	0.5563592245366324	0.20981988899460352
Bracken_original	CAMI_HIGH_S002	8.409729197065355	31645.960360698115	1.040534934658723	0.6494845360824743	0.1008	0.1745152354570637	126.0	1124.0	68.0	1250.0	0.09559939301972686	4.814668410054044	0.6373384980147705	0.5202674673293617
