tool	sample	Weighted UniFrac error	Unweighted UniFrac error	L1 norm error	Completeness (recall)	Purity (precision)	F1 score	True positives	False positives	False negatives	Taxon counts	Jaccard index	Shannon diversity	Shannon equitability	Bray-Curtis distance
Metalign	CAMI_HIGH_S002	8.64696476780269	14098.994479596391	0.7324294160462509	0.9	0.6666666666666666	0.7659574468085106	36.0	18.0	4.0	54.0	0.6206896551724138	2.9336859137630027	0.7354468906161198	0.3662147080231255
Bracken_custom	CAMI_HIGH_S002	7.629847309903172	20507.571351404895	0.6436170896200218	1.0	0.26143790849673204	0.4145077720207254	40.0	113.0	0.0	153.0	0.26143790849673204	3.0219698755411617	0.5023089981400488	0.32180854481001087
Bracken_original	CAMI_HIGH_S002	8.409729197065355	31645.960360698115	0.8742525370297503	1.0	0.22099447513812154	0.3619909502262444	40.0	141.0	0.0	181.0	0.22099447513812154	2.9997435523874683	0.5711324045639226	0.4371262685148754
