tool	sample	Weighted UniFrac error	Unweighted UniFrac error	L1 norm error	Completeness (recall)	Purity (precision)	F1 score	True positives	False positives	False negatives	Taxon counts	Jaccard index	Shannon diversity	Shannon equitability	Bray-Curtis distance
Metalign	CAMI_HIGH_S002	8.64696476780269	14098.994479596391	0.10770895361257199	0.8333333333333334	0.9090909090909091	0.8695652173913043	10.0	1.0	2.0	11.0	0.7692307692307693	1.1752617875768956	0.49012223382272735	0.053854476806286015
Bracken_custom	CAMI_HIGH_S002	7.629847309903172	20507.571351404895	0.059944186286510125	1.0	0.2727272727272727	0.42857142857142855	12.0	32.0	0.0	44.0	0.2727272727272727	1.2344758075119862	0.23343673841482548	0.029972093143255076
Bracken_original	CAMI_HIGH_S002	8.409729197065355	31645.960360698115	0.20221811152706257	1.0	0.2926829268292683	0.45283018867924524	12.0	29.0	0.0	41.0	0.2926829268292683	1.1593269721321378	0.30455207816495633	0.10110905576353127
