tool	sample	Weighted UniFrac error	Unweighted UniFrac error	L1 norm error	Completeness (recall)	Purity (precision)	F1 score	True positives	False positives	False negatives	Taxon counts	Jaccard index	Shannon diversity	Shannon equitability	Bray-Curtis distance
Metalign	CAMI_HIGH_S002	8.64696476780269	14098.994479596391	1.7659060517667342	0.6460905349794238	0.10194805194805195	0.1761076836791924	157.0	1383.0	86.0	1540.0	0.0965559655596556	6.244598777291717	0.8508163642512447	0.8829530258833671
Bracken_custom	CAMI_HIGH_S002	7.629847309903172	20507.571351404895	1.787686310255342	0.6460905349794238	0.0602455871066769	0.1102141102141102	157.0	2449.0	86.0	2606.0	0.05832095096582467	5.927392569004736	0.5783531538666496	0.893843155127656
Bracken_original	CAMI_HIGH_S002	8.409729197065355	31645.960360698115	1.9678185355799178	0.06584362139917696	0.0038049940546967895	0.007194244604316546	16.0	4189.0	227.0	4205.0	0.0036101083032490976	6.520495785653923	0.7352727717976393	0.9839092677899747
