tool	sample	Weighted UniFrac error	Unweighted UniFrac error	L1 norm error	Completeness (recall)	Purity (precision)	F1 score	True positives	False positives	False negatives	Taxon counts	Jaccard index	Shannon diversity	Shannon equitability	Bray-Curtis distance
Metalign	CAMI_HIGH_S002	8.64696476780269	14098.994479596391	1.9328062015813972	0.05493482309124767	0.03831168831168831	0.04514154552410099	59.0	1481.0	1015.0	1540.0	0.02309197651663405	6.244598777291714	0.8508163642512443	0.9664031007906975
Bracken_custom	CAMI_HIGH_S002	7.629847309903172	20507.571351404895	na	0.0	0.0	na	0.0	0.0	1074.0	0.0	0.0	na	na	na
Bracken_original	CAMI_HIGH_S002	8.409729197065355	31645.960360698115	na	0.0	0.0	na	0.0	0.0	1074.0	0.0	0.0	na	na	na
