tool	sample	Weighted UniFrac error	Unweighted UniFrac error	L1 norm error	Completeness (recall)	Purity (precision)	F1 score	True positives	False positives	False negatives	Taxon counts	Jaccard index	Shannon diversity	Shannon equitability	Bray-Curtis distance
Metalign	CAMI_HIGH_S002	8.64696476780269	14098.994479596391	0.0284691844753747	1.0	0.5	0.6666666666666666	2.0	2.0	0.0	4.0	0.5	0.1015363008766814	0.07324295887249899	0.01423459223768735
Bracken_custom	CAMI_HIGH_S002	7.629847309903172	20507.571351404895	0.007019015939015951	1.0	0.5	0.6666666666666666	2.0	2.0	0.0	4.0	0.5	0.038197926099279814	0.027553979277837048	0.0035095079695079755
Bracken_original	CAMI_HIGH_S002	8.409729197065355	31645.960360698115	0.010360984060984046	1.0	0.5	0.6666666666666666	2.0	2.0	0.0	4.0	0.5	0.0779537690970584	0.05623175804746474	0.005180492030492023
