rank	sample	Weighted UniFrac error	Unweighted UniFrac error	L1 norm error	Completeness (recall)	Purity (precision)	F1 score	True positives	False positives	False negatives	Taxon counts	Jaccard index	Shannon diversity	Shannon equitability	Bray-Curtis distance
superkingdom	CAMI_MED_S001	9.347223432147613	2327.681403367621	0.7101153292429698	1.0	1.0	1.0	3.0	0.0	0.0	3.0	1.0	0.0303227441213149	0.027600951158189155	0.3550576646214849
phylum	CAMI_MED_S001	9.347223432147613	2327.681403367621	0.14093502311426967	0.8333333333333334	0.7142857142857143	0.7692307692307692	5.0	2.0	1.0	7.0	0.625	0.9341067052668892	0.48003588743312364	0.07046751155713485
class	CAMI_MED_S001	9.347223432147613	2327.681403367621	0.20897148128050122	0.6666666666666666	0.8333333333333334	0.7407407407407408	10.0	2.0	5.0	12.0	0.5882352941176471	1.4956097931247945	0.6018776573568235	0.10448574064025062
order	CAMI_MED_S001	9.347223432147613	2327.681403367621	0.6048212716076737	0.6206896551724138	0.6206896551724138	0.6206896551724138	18.0	11.0	11.0	29.0	0.45	2.3140630541403664	0.6872170343731461	0.30241063580383687
family	CAMI_MED_S001	9.347223432147613	2327.681403367621	0.8648939343090478	0.660377358490566	0.7	0.6796116504854369	35.0	15.0	18.0	50.0	0.5147058823529411	2.883559562411304	0.7371018929107032	0.43244696715452396
genus	CAMI_MED_S001	9.347223432147613	2327.681403367621	1.1289076476627784	0.43661971830985913	0.37349397590361444	0.40259740259740256	31.0	52.0	40.0	83.0	0.25203252032520324	3.1199168741295495	0.7060487469552016	0.5644538238313889
species	CAMI_MED_S001	9.347223432147613	2327.681403367621	1.8347598748481995	0.1388888888888889	0.125	0.13157894736842105	10.0	70.0	62.0	80.0	0.07042253521126761	2.95687304430851	0.6747729511526728	0.9173799374241
strain	CAMI_MED_S001	9.347223432147613	2327.681403367621	na	0.0	0.0	na	0.0	0.0	232.0	0.0	0.0	na	na	na
