rank	sample	Weighted UniFrac error	Unweighted UniFrac error	L1 norm error	Completeness (recall)	Purity (precision)	F1 score	True positives	False positives	False negatives	Taxon counts	Jaccard index	Shannon diversity	Shannon equitability	Bray-Curtis distance
superkingdom	CAMI_MED_S001	9.503300828813666	2519.8227462010677	0.7160986582986892	0.3333333333333333	1.0	0.5	1.0	0.0	2.0	1.0	0.3333333333333333	0.0	0.0	0.3580493291493446
phylum	CAMI_MED_S001	9.503300828813666	2519.8227462010677	0.10800252536147947	0.6666666666666666	1.0	0.8	4.0	0.0	2.0	4.0	0.6666666666666666	0.8464159301362384	0.6105600324684852	0.05400126268073974
class	CAMI_MED_S001	9.503300828813666	2519.8227462010677	0.127935606136607	0.4666666666666667	1.0	0.6363636363636364	7.0	0.0	8.0	7.0	0.4666666666666667	1.3424536018527409	0.6898846807004249	0.06396780306830353
order	CAMI_MED_S001	9.503300828813666	2519.8227462010677	0.576372772570914	0.41379310344827586	0.7058823529411765	0.5217391304347826	12.0	5.0	17.0	17.0	0.35294117647058826	2.051509410076821	0.7240928094527976	0.288186386285457
family	CAMI_MED_S001	9.503300828813666	2519.8227462010677	0.9189319613097408	0.4716981132075472	0.8928571428571429	0.617283950617284	25.0	3.0	28.0	28.0	0.44642857142857145	2.4120680174058586	0.7238655400772609	0.45946598065487043
genus	CAMI_MED_S001	9.503300828813666	2519.8227462010677	1.104708258298085	0.28169014084507044	0.6451612903225806	0.3921568627450981	20.0	11.0	51.0	31.0	0.24390243902439024	2.46165649860065	0.716850806952766	0.5523541291490425
species	CAMI_MED_S001	9.503300828813666	2519.8227462010677	1.8267515625707853	0.125	0.2571428571428571	0.16822429906542055	9.0	26.0	63.0	35.0	0.09183673469387756	2.3598865533016755	0.663756828442014	0.9133757812853925
strain	CAMI_MED_S001	9.503300828813666	2519.8227462010677	na	0.0	0.0	na	0.0	0.0	232.0	0.0	0.0	na	na	na
