rank	sample	Weighted UniFrac error	Unweighted UniFrac error	L1 norm error	Completeness (recall)	Purity (precision)	F1 score	True positives	False positives	False negatives	Taxon counts	Jaccard index	Shannon diversity	Shannon equitability	Bray-Curtis distance
superkingdom	CAMI_MED_S001	11.22201537202767	2666.348943264026	0.7134586056538526	0.6666666666666666	1.0	0.8	2.0	0.0	1.0	2.0	0.6666666666666666	0.03730344426065859	0.053817494042930014	0.3567293028269263
phylum	CAMI_MED_S001	11.22201537202767	2666.348943264026	0.29816711492110526	0.5	1.0	0.6666666666666666	3.0	0.0	3.0	3.0	0.5	0.59100939290826	0.5379599327300113	0.14908355746055263
class	CAMI_MED_S001	11.22201537202767	2666.348943264026	0.607919910200064	0.4666666666666667	0.875	0.608695652173913	7.0	1.0	8.0	8.0	0.4375	0.8332697252962337	0.40071803346926177	0.30395995510003193
order	CAMI_MED_S001	11.22201537202767	2666.348943264026	1.0978541221495624	0.3793103448275862	0.9166666666666666	0.5365853658536586	11.0	1.0	18.0	12.0	0.36666666666666664	1.0531646312009075	0.4238246258831326	0.5489270610747812
family	CAMI_MED_S001	11.22201537202767	2666.348943264026	1.6241335836815511	0.24528301886792453	0.9285714285714286	0.3880597014925373	13.0	1.0	40.0	14.0	0.24074074074074073	0.9596724902253878	0.36364215337652256	0.8120667918407756
genus	CAMI_MED_S001	11.22201537202767	2666.348943264026	1.56993957783341	0.15492957746478872	0.6111111111111112	0.24719101123595505	11.0	7.0	60.0	18.0	0.14102564102564102	1.1546808814246268	0.3994921685316676	0.7849697889167049
species	CAMI_MED_S001	11.22201537202767	2666.348943264026	1.8423246311266877	0.09722222222222222	0.3684210526315789	0.15384615384615385	7.0	12.0	65.0	19.0	0.08333333333333333	1.051762564950187	0.3572030435651742	0.9211623155633434
strain	CAMI_MED_S001	11.22201537202767	2666.348943264026	na	0.0	0.0	na	0.0	0.0	232.0	0.0	0.0	na	na	na
