rank	sample	Weighted UniFrac error	Unweighted UniFrac error	L1 norm error	Completeness (recall)	Purity (precision)	F1 score	True positives	False positives	False negatives	Taxon counts	Jaccard index	Shannon diversity	Shannon equitability	Bray-Curtis distance
superkingdom	CAMI_MED_S001	11.240689015351279	2271.4390394513216	0.7139669749083158	0.6666666666666666	1.0	0.8	2.0	0.0	1.0	2.0	0.6666666666666666	0.008359883886104579	0.012060763024890632	0.3569834874541579
phylum	CAMI_MED_S001	11.240689015351279	2271.4390394513216	0.07885988301814181	0.6666666666666666	1.0	0.8	4.0	0.0	2.0	4.0	0.6666666666666666	0.9206027172955862	0.6640744874356233	0.03942994150907091
class	CAMI_MED_S001	11.240689015351279	2271.4390394513216	0.2245303590213335	0.6666666666666666	1.0	0.8	10.0	0.0	5.0	10.0	0.6666666666666666	1.4249930087747011	0.6188666004615647	0.11226517951066674
order	CAMI_MED_S001	11.240689015351279	2271.4390394513216	0.6439257687341369	0.5862068965517241	0.7727272727272727	0.6666666666666667	17.0	5.0	12.0	22.0	0.5	2.0414368447614364	0.6604363659073923	0.32196288436706844
family	CAMI_MED_S001	11.240689015351279	2271.4390394513216	0.515982917207312	0.660377358490566	0.9459459459459459	0.7777777777777778	35.0	2.0	18.0	37.0	0.6363636363636364	2.7760214533078047	0.7687855333368582	0.25799145860365597
genus	CAMI_MED_S001	11.240689015351279	2271.4390394513216	0.8358593175528788	0.6056338028169014	0.8113207547169812	0.6935483870967741	43.0	10.0	28.0	53.0	0.5308641975308642	3.211874937878806	0.8089770243128599	0.41792965877643945
species	CAMI_MED_S001	11.240689015351279	2271.4390394513216	1.6872637146001177	0.3611111111111111	0.48148148148148145	0.4126984126984127	26.0	28.0	46.0	54.0	0.26	2.742782142869524	0.6875891482273265	0.8436318573000591
strain	CAMI_MED_S001	11.240689015351279	2271.4390394513216	2.0000000000000004	0.0	0.0	na	0.0	31.0	232.0	31.0	0.0	2.212852082943165	0.6443973000402998	1.0
