rank	sample	Weighted UniFrac error	Unweighted UniFrac error	L1 norm error	Completeness (recall)	Purity (precision)	F1 score	True positives	False positives	False negatives	Taxon counts	Jaccard index	Shannon diversity	Shannon equitability	Bray-Curtis distance
superkingdom	CAMI_MED_S001	9.78354291409404	2273.120276957428	0.7160986582986892	0.3333333333333333	1.0	0.5	1.0	0.0	2.0	1.0	0.3333333333333333	0.0	0.0	0.3580493291493446
phylum	CAMI_MED_S001	9.78354291409404	2273.120276957428	0.12165584623312581	0.6666666666666666	1.0	0.8	4.0	0.0	2.0	4.0	0.6666666666666666	0.9168605552186861	0.6613750881003501	0.060827923116562904
class	CAMI_MED_S001	9.78354291409404	2273.120276957428	0.2098426695833849	0.6666666666666666	0.9090909090909091	0.7692307692307692	10.0	1.0	5.0	11.0	0.625	1.521428586424836	0.63448500177796	0.10492133479169247
order	CAMI_MED_S001	9.78354291409404	2273.120276957428	0.6392618874571421	0.5862068965517241	0.7727272727272727	0.6666666666666667	17.0	5.0	12.0	22.0	0.5	2.1599376256654748	0.6987731997400338	0.31963094372857104
family	CAMI_MED_S001	9.78354291409404	2273.120276957428	0.48730491541839105	0.6226415094339622	0.9428571428571428	0.7500000000000001	33.0	2.0	20.0	35.0	0.6	2.8277424847228927	0.7953489885708375	0.24365245770919564
genus	CAMI_MED_S001	9.78354291409404	2273.120276957428	0.9072133538075923	0.5774647887323944	0.82	0.6776859504132231	41.0	9.0	30.0	50.0	0.5125	3.092218630696669	0.7904397868841893	0.4536066769037962
species	CAMI_MED_S001	9.78354291409404	2273.120276957428	1.672849934291649	0.4027777777777778	0.3918918918918919	0.3972602739726028	29.0	45.0	43.0	74.0	0.24786324786324787	3.4061731571103073	0.7913851401756042	0.8364249671458249
strain	CAMI_MED_S001	9.78354291409404	2273.120276957428	1.966316067367866	0.034482758620689655	0.10810810810810811	0.0522875816993464	8.0	66.0	224.0	74.0	0.026845637583892617	3.4061731571103073	0.7913851401756042	0.9831580336839326
