rank	sample	Weighted UniFrac error	Unweighted UniFrac error	L1 norm error	Completeness (recall)	Purity (precision)	F1 score	True positives	False positives	False negatives	Taxon counts	Jaccard index	Shannon diversity	Shannon equitability	Bray-Curtis distance
superkingdom	CAMI_MED_S001	10.43382560068195	2626.08673513993	0.5588160056538525	1.0	1.0	1.0	3.0	0.0	0.0	3.0	1.0	0.3069296735139903	0.2793794286482022	0.27940800282692624
phylum	CAMI_MED_S001	10.43382560068195	2626.08673513993	0.3181979395168724	0.8333333333333334	1.0	0.9090909090909091	5.0	0.0	1.0	5.0	0.8333333333333334	0.8023729638001601	0.4985423529551743	0.1590989697584362
class	CAMI_MED_S001	10.43382560068195	2626.08673513993	0.49123391011369427	0.6	1.0	0.7499999999999999	9.0	0.0	6.0	9.0	0.6	1.406728283359564	0.640229632359654	0.24561695505684725
order	CAMI_MED_S001	10.43382560068195	2626.08673513993	0.6375883672326814	0.5172413793103449	0.9375	0.6666666666666667	15.0	1.0	14.0	16.0	0.5	2.109685515549417	0.7609082077796051	0.3187941836163407
family	CAMI_MED_S001	10.43382560068195	2626.08673513993	1.2373085260622025	0.41509433962264153	0.9166666666666666	0.5714285714285715	22.0	2.0	31.0	24.0	0.4	2.2232611219763574	0.6995668546410198	0.6186542630311014
genus	CAMI_MED_S001	10.43382560068195	2626.08673513993	1.2822535804544029	0.29577464788732394	0.75	0.4242424242424242	21.0	7.0	50.0	28.0	0.2692307692307692	2.394034688964813	0.7184537088448204	0.6411267902272016
species	CAMI_MED_S001	10.43382560068195	2626.08673513993	1.79238596557887	0.16666666666666666	0.48	0.24742268041237112	12.0	13.0	60.0	25.0	0.1411764705882353	2.228350814859053	0.6922761038631537	0.8961929827894353
strain	CAMI_MED_S001	10.43382560068195	2626.08673513993	na	0.0	0.0	na	0.0	0.0	232.0	0.0	0.0	na	na	na
