rank	sample	Weighted UniFrac error	Unweighted UniFrac error	L1 norm error	Completeness (recall)	Purity (precision)	F1 score	True positives	False positives	False negatives	Taxon counts	Jaccard index	Shannon diversity	Shannon equitability	Bray-Curtis distance
superkingdom	CAMI_MED_S001	11.590368799748799	2778.007799561097	0.7160986582986892	0.3333333333333333	1.0	0.5	1.0	0.0	2.0	1.0	0.3333333333333333	0.0	0.0	0.3580493291493446
phylum	CAMI_MED_S001	11.590368799748799	2778.007799561097	0.13475944825168906	0.5	1.0	0.6666666666666666	3.0	0.0	3.0	3.0	0.5	0.809644247684941	0.7369699538556083	0.06737972412584455
class	CAMI_MED_S001	11.590368799748799	2778.007799561097	0.2709786787725084	0.3333333333333333	1.0	0.5	5.0	0.0	10.0	5.0	0.3333333333333333	1.2381657755254922	0.7693156511100828	0.13548933938625418
order	CAMI_MED_S001	11.590368799748799	2778.007799561097	0.6607033521893086	0.2413793103448276	0.875	0.3783783783783784	7.0	1.0	22.0	8.0	0.23333333333333334	1.851005796371206	0.8901456276938219	0.3303516760946543
family	CAMI_MED_S001	11.590368799748799	2778.007799561097	1.4361544241385515	0.11320754716981132	0.8571428571428571	0.2	6.0	1.0	47.0	7.0	0.1111111111111111	1.705147988304054	0.8762727246845684	0.718077212069276
genus	CAMI_MED_S001	11.590368799748799	2778.007799561097	1.702559714569004	0.056338028169014086	0.4	0.09876543209876544	4.0	6.0	67.0	10.0	0.05194805194805195	2.0056554678814282	0.8710451022999889	0.8512798572845023
species	CAMI_MED_S001	11.590368799748799	2778.007799561097	1.9707199735784158	0.013888888888888888	0.1	0.024390243902439022	1.0	9.0	71.0	10.0	0.012345679012345678	2.0056554678814282	0.8710451022999889	0.9853599867892074
strain	CAMI_MED_S001	11.590368799748799	2778.007799561097	2.0000000000000013	0.0	0.0	na	0.0	7.0	232.0	7.0	0.0	1.5907725297853779	0.8174953661440406	1.0
