rank	sample	Weighted UniFrac error	Unweighted UniFrac error	L1 norm error	Completeness (recall)	Purity (precision)	F1 score	True positives	False positives	False negatives	Taxon counts	Jaccard index	Shannon diversity	Shannon equitability	Bray-Curtis distance
superkingdom	CAMI_MED_S001	8.968178060299387	2351.5894583336044	0.7134586056538523	0.6666666666666666	1.0	0.8	2.0	0.0	1.0	2.0	0.6666666666666666	0.016683915788491814	0.02406980257066622	0.3567293028269262
phylum	CAMI_MED_S001	8.968178060299387	2351.5894583336044	0.049138784551836255	0.8333333333333334	1.0	0.9090909090909091	5.0	0.0	1.0	5.0	0.8333333333333334	0.9713471967129754	0.603531946904319	0.024569392275918124
class	CAMI_MED_S001	8.968178060299387	2351.5894583336044	0.1568240668188754	0.7333333333333333	0.9166666666666666	0.8148148148148148	11.0	1.0	4.0	12.0	0.6875	1.5351158860448773	0.6177760787013249	0.07841203340943771
order	CAMI_MED_S001	8.968178060299387	2351.5894583336044	0.5689253775643097	0.6206896551724138	0.782608695652174	0.6923076923076923	18.0	5.0	11.0	23.0	0.5294117647058824	2.16643761392385	0.6909397577318968	0.28446268878215475
family	CAMI_MED_S001	8.968178060299387	2351.5894583336044	0.47115223451174715	0.6415094339622641	0.9714285714285714	0.7727272727272727	34.0	1.0	19.0	35.0	0.6296296296296297	2.7972633719297075	0.7867762378116848	0.23557611725587363
genus	CAMI_MED_S001	8.968178060299387	2351.5894583336044	0.7416452529718147	0.5774647887323944	0.8723404255319149	0.6949152542372881	41.0	6.0	30.0	47.0	0.5324675324675324	3.0842581183984237	0.8010752930689042	0.37082262648590736
species	CAMI_MED_S001	8.968178060299387	2351.5894583336044	1.7145533539191768	0.375	0.6585365853658537	0.4778761061946902	27.0	14.0	45.0	41.0	0.313953488372093	2.6844194054876547	0.7228671902064371	0.8572766769595886
strain	CAMI_MED_S001	8.968178060299387	2351.5894583336044	na	0.0	0.0	na	0.0	0.0	232.0	0.0	0.0	na	na	na
