tool	sample	Weighted UniFrac error	Unweighted UniFrac error	L1 norm error	Completeness (recall)	Purity (precision)	F1 score	True positives	False positives	False negatives	Taxon counts	Jaccard index	Shannon diversity	Shannon equitability	Bray-Curtis distance
Metalign	peabody	4.255978810343979	96.32630335944322	0.10568029962031376	1.0	1.0	1.0	5.0	0.0	0.0	5.0	1.0	1.3610354227046118	0.8456588552994836	0.05284014981015689
Bracken+Kraken2	peabody	3.2632256010587173	80.05507192782261	0.1467572687092215	1.0	1.0	1.0	5.0	0.0	0.0	5.0	1.0	1.3511635142739586	0.8395250937207452	0.07337863435461076
CLARK	peabody	3.9180411039393124	74.9797420441124	0.20308510826472712	1.0	1.0	1.0	5.0	0.0	0.0	5.0	1.0	1.4504852718776706	0.9012371714817933	0.10154255413236357
GOTTCHA	peabody	5.576598054438312	55.81386216283722	0.6729492383961605	0.8	0.8	0.8000000000000002	4.0	1.0	1.0	5.0	0.6666666666666666	1.1765498827156178	0.7310315443832274	0.33647461919808025
MEGAN+DIAMOND	peabody	7.287617516625803	270.8173772084907	0.4199853999999999	1.0	1.0	1.0	5.0	0.0	0.0	5.0	1.0	1.219283466701174	0.7575834129923906	0.20999269999999995
MetaBinG2	peabody	4.02308829769113	63.71969696136361	0.282588888407771	1.0	1.0	1.0	5.0	0.0	0.0	5.0	1.0	1.274470348629798	0.7918729506640612	0.14129444420388554
MetaPhlAn2	peabody	5.1273423429699	69.67359395935027	0.5275149242826943	0.8	1.0	0.888888888888889	4.0	0.0	1.0	4.0	0.8	1.0566096300053733	0.7621827366821373	0.26375746214134715
mOTUs2	peabody	5.127840671731075	79.98850682381898	0.18701656258606966	1.0	1.0	1.0	5.0	0.0	0.0	5.0	1.0	1.473116222195163	0.9152985715163342	0.09350828129303486
