tool	sample	Weighted UniFrac error	Unweighted UniFrac error	L1 norm error	Completeness (recall)	Purity (precision)	F1 score	True positives	False positives	False negatives	Taxon counts	Jaccard index	Shannon diversity	Shannon equitability	Bray-Curtis distance
Metalign	peabody	4.255978810343979	96.32630335944322	0.1397468193207073	1.0	1.0	1.0	8.0	0.0	0.0	8.0	1.0	1.8256890412913382	0.8779708420254466	0.06987340966035366
Bracken+Kraken2	peabody	3.2632256010587173	80.05507192782261	0.15080585906776264	1.0	0.8888888888888888	0.9411764705882353	8.0	1.0	0.0	9.0	0.8888888888888888	1.9379863454396622	0.8820155961431845	0.07540292953388134
CLARK	peabody	3.9180411039393124	74.9797420441124	0.30161007835636217	0.875	0.875	0.875	7.0	1.0	1.0	8.0	0.7777777777777778	1.9057740511878842	0.9164835909012101	0.15080503917818114
GOTTCHA	peabody	5.576598054438312	55.81386216283722	0.39022178894217824	1.0	1.0	1.0	8.0	0.0	0.0	8.0	1.0	1.6946436179991093	0.8149513145871488	0.19511089447108912
MEGAN+DIAMOND	peabody	7.287617516625803	270.8173772084907	0.23610983592383178	1.0	0.8888888888888888	0.9411764705882353	8.0	1.0	0.0	9.0	0.8888888888888888	1.9463213137822246	0.885809003712231	0.11805491796191588
MetaBinG2	peabody	4.02308829769113	63.71969696136361	0.43588885641111447	0.75	0.8571428571428571	0.7999999999999999	6.0	1.0	2.0	7.0	0.6666666666666666	1.6806890934225065	0.8637033391487452	0.2179444282055573
MetaPhlAn2	peabody	5.1273423429699	69.67359395935027	0.35103831843716854	0.875	0.875	0.875	7.0	1.0	1.0	8.0	0.7777777777777778	1.8022951544884598	0.8667207605329031	0.1755191592185843
mOTUs2	peabody	5.127840671731075	79.98850682381898	0.684303339379668	0.625	1.0	0.7692307692307693	5.0	0.0	3.0	5.0	0.625	1.3568554293837458	0.8430616794230037	0.342151669689834
