tool	sample	Weighted UniFrac error	Unweighted UniFrac error	L1 norm error	Completeness (recall)	Purity (precision)	F1 score	True positives	False positives	False negatives	Taxon counts	Jaccard index	Shannon diversity	Shannon equitability	Bray-Curtis distance
Metalign	peabody	4.25597881034398	96.32630335944323	0.1397468193207073	1.0	1.0	1.0	8.0	0.0	0.0	8.0	1.0	1.8256890412913382	0.8779708420254466	0.06987340966035366
Bracken+Kraken2	peabody	3.2632256010587195	80.05507192782261	0.15080585906776262	1.0	0.8888888888888888	0.9411764705882353	8.0	1.0	0.0	9.0	0.8888888888888888	1.9379863454396622	0.8820155961431845	0.07540292953388134
CLARK	peabody	3.918041103939312	74.9797420441124	0.3016100783563622	0.875	0.875	0.875	7.0	1.0	1.0	8.0	0.7777777777777778	1.9057740511878842	0.9164835909012101	0.1508050391781811
GOTTCHA	peabody	5.576598054438313	55.81386216283721	0.39022178894217824	1.0	1.0	1.0	8.0	0.0	0.0	8.0	1.0	1.694643617999109	0.8149513145871485	0.19511089447108915
MEGAN+DIAMOND	peabody	7.287617516625801	270.8173772084907	0.23610983592383175	1.0	0.8888888888888888	0.9411764705882353	8.0	1.0	0.0	9.0	0.8888888888888888	1.9463213137822248	0.8858090037122311	0.11805491796191589
MetaPhlAn2	peabody	5.127342342969899	69.67359395935024	0.35103831843716854	0.875	0.875	0.875	7.0	1.0	1.0	8.0	0.7777777777777778	1.8022951544884596	0.866720760532903	0.17551915921858427
mOTUs2	peabody	5.127840671731078	79.98850682381897	0.6843033393796679	0.625	1.0	0.7692307692307693	5.0	0.0	3.0	5.0	0.625	1.3568554293837458	0.8430616794230037	0.342151669689834
