tool	sample	Weighted UniFrac error	Unweighted UniFrac error	L1 norm error	Completeness (recall)	Purity (precision)	F1 score	True positives	False positives	False negatives	Taxon counts	Jaccard index	Shannon diversity	Shannon equitability	Bray-Curtis distance
Metalign	peabody	4.25597881034398	96.32630335944323	0.15308575134403665	1.0	1.0	1.0	8.0	0.0	0.0	8.0	1.0	1.813680758584546	0.872196078721886	0.07654287567201834
Bracken+Kraken2	peabody	3.2632256010587195	80.05507192782261	0.15649159400663062	1.0	0.8	0.888888888888889	8.0	2.0	0.0	10.0	0.8	1.955600812290478	0.8493066415832715	0.07824579700331534
CLARK	peabody	3.918041103939312	74.9797420441124	0.31492014497899196	0.875	0.7777777777777778	0.823529411764706	7.0	2.0	1.0	9.0	0.7	1.9325907420861632	0.8795599512313474	0.157460072489496
GOTTCHA	peabody	5.576598054438313	55.81386216283721	0.7235552556088716	0.875	0.875	0.875	7.0	1.0	1.0	8.0	0.7777777777777778	1.694643617999109	0.8149513145871485	0.36177762780443584
MEGAN+DIAMOND	peabody	7.287617516625801	270.8173772084907	0.3186348743687988	1.0	0.8888888888888888	0.9411764705882353	8.0	1.0	0.0	9.0	0.8888888888888888	1.8147190336947006	0.8259142248876329	0.1593174371843994
MetaPhlAn2	peabody	5.127342342969899	69.67359395935024	0.5769446261691112	0.75	0.8571428571428571	0.7999999999999999	6.0	1.0	2.0	7.0	0.6666666666666666	1.7361001587201046	0.8921789937541229	0.2884723130845557
mOTUs2	peabody	5.127840671731078	79.98850682381897	0.834115528012025	0.5	0.8	0.6153846153846154	4.0	1.0	4.0	5.0	0.4444444444444444	1.2348289149483571	0.767242343061754	0.41705776400601263
