tool	sample	Weighted UniFrac error	Unweighted UniFrac error	L1 norm error	Completeness (recall)	Purity (precision)	F1 score	True positives	False positives	False negatives	Taxon counts	Jaccard index	Shannon diversity	Shannon equitability	Bray-Curtis distance
Metalign	peabody	4.255978810343979	96.32630335944322	0.1378239829354939	1.0	1.0	1.0	8.0	0.0	0.0	8.0	1.0	1.8277001813273865	0.8789379959442933	0.06891199146774694
Bracken+Kraken2	peabody	3.2632256010587173	80.05507192782261	0.15796205563113397	1.0	0.8888888888888888	0.9411764705882353	8.0	1.0	0.0	9.0	0.8888888888888888	1.9476212777965791	0.8864006428317655	0.07898102781556698
CLARK	peabody	3.9180411039393124	74.9797420441124	0.3088913816125941	0.875	0.875	0.875	7.0	1.0	1.0	8.0	0.7777777777777778	1.9140800288489335	0.9204779218283202	0.1544456908062971
GOTTCHA	peabody	5.576598054438312	55.81386216283722	0.4717917507147705	0.875	1.0	0.9333333333333333	7.0	0.0	1.0	7.0	0.875	1.4968206266265962	0.7692136388482593	0.2358958753573853
MEGAN+DIAMOND	peabody	7.287617516625803	270.8173772084907	0.3668719117143542	1.0	0.8888888888888888	0.9411764705882353	8.0	1.0	0.0	9.0	0.8888888888888888	1.8037022466176647	0.820900269013176	0.1834359558571771
MetaBinG2	peabody	4.02308829769113	63.71969696136361	0.43588885641111447	0.75	0.8571428571428571	0.7999999999999999	6.0	1.0	2.0	7.0	0.6666666666666666	1.6806890934225067	0.8637033391487453	0.21794442820555726
MetaPhlAn2	peabody	5.1273423429699	69.67359395935027	0.7575785914087492	0.5	0.8	0.6153846153846154	4.0	1.0	4.0	5.0	0.4444444444444444	1.4174197417969958	0.8806924025129383	0.37878929570437464
mOTUs2	peabody	5.127840671731075	79.98850682381898	0.41906729482495836	0.75	1.0	0.8571428571428571	6.0	0.0	2.0	6.0	0.75	1.573325204891137	0.878089515870662	0.20953364741247918
