tool	sample	Weighted UniFrac error	Unweighted UniFrac error	L1 norm error	Completeness (recall)	Purity (precision)	F1 score	True positives	False positives	False negatives	Taxon counts	Jaccard index	Shannon diversity	Shannon equitability	Bray-Curtis distance
Metalign	peabody	4.25597881034398	96.32630335944323	0.1378239829354939	1.0	1.0	1.0	8.0	0.0	0.0	8.0	1.0	1.8277001813273865	0.8789379959442933	0.06891199146774696
Bracken+Kraken2	peabody	3.2632256010587195	80.05507192782261	0.15796205563113394	1.0	0.8888888888888888	0.9411764705882353	8.0	1.0	0.0	9.0	0.8888888888888888	1.9476212777965787	0.8864006428317652	0.07898102781556697
CLARK	peabody	3.918041103939312	74.9797420441124	0.3088913816125941	0.875	0.875	0.875	7.0	1.0	1.0	8.0	0.7777777777777778	1.9140800288489332	0.9204779218283201	0.1544456908062971
GOTTCHA	peabody	5.576598054438313	55.81386216283721	0.4717917507147705	0.875	1.0	0.9333333333333333	7.0	0.0	1.0	7.0	0.875	1.4968206266265962	0.7692136388482593	0.2358958753573853
MEGAN+DIAMOND	peabody	7.287617516625801	270.8173772084907	0.36687191171435407	1.0	0.8888888888888888	0.9411764705882353	8.0	1.0	0.0	9.0	0.8888888888888888	1.8037022466176647	0.820900269013176	0.18343595585717704
MetaPhlAn2	peabody	5.127342342969899	69.67359395935024	0.7575785914087492	0.5	0.8	0.6153846153846154	4.0	1.0	4.0	5.0	0.4444444444444444	1.4174197417969956	0.8806924025129381	0.37878929570437464
mOTUs2	peabody	5.127840671731078	79.98850682381897	0.41906729482495836	0.75	1.0	0.8571428571428571	6.0	0.0	2.0	6.0	0.75	1.5733252048911368	0.8780895158706619	0.20953364741247918
