tool	sample	Weighted UniFrac error	Unweighted UniFrac error	L1 norm error	Completeness (recall)	Purity (precision)	F1 score	True positives	False positives	False negatives	Taxon counts	Jaccard index	Shannon diversity	Shannon equitability	Bray-Curtis distance
Metalign	peabody	4.255978810343979	96.32630335944322	0.0909080730276978	1.0	1.0	1.0	3.0	0.0	0.0	3.0	1.0	0.8948158009174201	0.8144964426005464	0.0454540365138489
Bracken+Kraken2	peabody	3.2632256010587173	80.05507192782261	0.1284611915259841	1.0	1.0	1.0	3.0	0.0	0.0	3.0	1.0	0.8731980790150184	0.7948191441346704	0.06423059576299206
CLARK	peabody	3.9180411039393124	74.9797420441124	0.12286769072662782	1.0	1.0	1.0	3.0	0.0	0.0	3.0	1.0	0.9353375143502117	0.8513808956972051	0.06143384536331391
GOTTCHA	peabody	5.576598054438312	55.81386216283722	0.5000000000000001	0.6666666666666666	1.0	0.8	2.0	0.0	1.0	2.0	0.6666666666666666	0.5513965535140741	0.7954970733180207	0.25000000000000006
MEGAN+DIAMOND	peabody	7.287617516625803	270.8173772084907	0.44712256137891615	1.0	1.0	1.0	3.0	0.0	0.0	3.0	1.0	0.6169141885436895	0.5615394938751308	0.22356128068945808
MetaBinG2	peabody	4.02308829769113	63.71969696136361	0.24876145845719416	1.0	1.0	1.0	3.0	0.0	0.0	3.0	1.0	0.8054703352712513	0.7331706950481632	0.12438072922859708
MetaPhlAn2	peabody	5.1273423429699	69.67359395935027	0.1151488	1.0	1.0	1.0	3.0	0.0	0.0	3.0	1.0	0.8785832115008465	0.7997209029638536	0.057574400000000005
mOTUs2	peabody	5.127840671731075	79.98850682381898	0.17000459692835185	1.0	1.0	1.0	3.0	0.0	0.0	3.0	1.0	0.889850331762917	0.8099766777975121	0.08500229846417592
