tool	sample	Weighted UniFrac error	Unweighted UniFrac error	L1 norm error	Completeness (recall)	Purity (precision)	F1 score	True positives	False positives	False negatives	Taxon counts	Jaccard index	Shannon diversity	Shannon equitability	Bray-Curtis distance
Metalign	peabody	4.255978810343979	96.32630335944322	1.6126729539786606	0.2727272727272727	0.17647058823529413	0.21428571428571427	3.0	14.0	8.0	17.0	0.12	2.639747386288427	0.9317150054464975	0.8063364769893304
Bracken+Kraken2	peabody	3.2632256010587173	80.05507192782261	1.5227476321179876	0.2727272727272727	0.25	0.2608695652173913	3.0	9.0	8.0	12.0	0.15	2.27251816026262	0.9145285841850436	0.761373816058994
CLARK	peabody	3.9180411039393124	74.9797420441124	1.6666667000000104	0.18181818181818182	0.2	0.1904761904761905	2.0	8.0	9.0	10.0	0.10526315789473684	2.1473055238801297	0.9325629399815116	0.8333333500000051
GOTTCHA	peabody	5.576598054438312	55.81386216283722	1.5605289909959594	0.2727272727272727	0.3	0.28571428571428564	3.0	7.0	8.0	10.0	0.16666666666666666	2.078833089850439	0.9028257397199325	0.7802644954979798
MEGAN+DIAMOND	peabody	7.287617516625803	270.8173772084907	1.2302639601027963	0.7272727272727273	0.47058823529411764	0.5714285714285714	8.0	9.0	3.0	17.0	0.4	2.2597628975714654	0.7975971531802257	0.6151319800513984
MetaBinG2	peabody	4.02308829769113	63.71969696136361	0.700494129950547	0.6363636363636364	0.875	0.7368421052631579	7.0	1.0	4.0	8.0	0.5833333333333334	1.9649078725429108	0.944920947840447	0.35024706497527364
MetaPhlAn2	peabody	5.1273423429699	69.67359395935027	1.5056268318982446	0.2727272727272727	0.3333333333333333	0.3	3.0	6.0	8.0	9.0	0.17647058823529413	2.1391984682248713	0.9735911796591609	0.7528134159491222
mOTUs2	peabody	5.127840671731075	79.98850682381898	1.833333350000005	0.09090909090909091	0.3333333333333333	0.14285714285714288	1.0	2.0	10.0	3.0	0.07692307692307693	0.8740456560852583	0.7955906420315921	0.9166666750000025
