tool	sample	Weighted UniFrac error	Unweighted UniFrac error	L1 norm error	Completeness (recall)	Purity (precision)	F1 score	True positives	False positives	False negatives	Taxon counts	Jaccard index	Shannon diversity	Shannon equitability	Bray-Curtis distance
Metalign	peabody	4.255978810343979	96.32630335944322	1.9999999999999998	0.0	0.0	na	0.0	17.0	11.0	17.0	0.0	2.6397473862884273	0.9317150054464977	1.0
Bracken+Kraken2	peabody	3.2632256010587173	80.05507192782261	na	0.0	0.0	na	0.0	0.0	11.0	0.0	0.0	na	na	na
CLARK	peabody	3.9180411039393124	74.9797420441124	na	0.0	0.0	na	0.0	0.0	11.0	0.0	0.0	na	na	na
GOTTCHA	peabody	5.576598054438312	55.81386216283722	na	0.0	0.0	na	0.0	0.0	11.0	0.0	0.0	na	na	na
MEGAN+DIAMOND	peabody	7.287617516625803	270.8173772084907	1.8196898180310177	0.45454545454545453	0.2	0.2777777777777778	5.0	20.0	6.0	25.0	0.16129032258064516	2.521217588636046	0.7832602827228601	0.9098449090155091
MetaBinG2	peabody	4.02308829769113	63.71969696136361	1.4835772516422754	0.2727272727272727	0.375	0.3157894736842105	3.0	5.0	8.0	8.0	0.1875	1.9649078725429112	0.9449209478404472	0.7417886258211374
MetaPhlAn2	peabody	5.1273423429699	69.67359395935027	na	0.0	0.0	na	0.0	0.0	11.0	0.0	0.0	na	na	na
mOTUs2	peabody	5.127840671731075	79.98850682381898	na	0.0	0.0	na	0.0	0.0	11.0	0.0	0.0	na	na	na
