tool	sample	Weighted UniFrac error	Unweighted UniFrac error	L1 norm error	Completeness (recall)	Purity (precision)	F1 score	True positives	False positives	False negatives	Taxon counts	Jaccard index	Shannon diversity	Shannon equitability	Bray-Curtis distance
Metalign	CAMI_MED_S002	8.967396737465215	2316.774191363783	0.27125201955277684	1.0	0.9375	0.967741935483871	15.0	1.0	0.0	16.0	0.9375	1.967586246908295	0.7096567302339812	0.1356260097763884
Bracken_custom	CAMI_MED_S002	8.010185522104294	2115.299151349575	0.27392300543981374	1.0	0.9375	0.967741935483871	15.0	1.0	0.0	16.0	0.9375	1.9780778979445581	0.7134407934641698	0.1369615027199069
Bracken_original	CAMI_MED_S002	8.914008821457108	2187.5497783341834	0.3184934721009198	0.8666666666666667	0.9285714285714286	0.896551724137931	13.0	1.0	2.0	14.0	0.8125	1.8784557130077895	0.7117904154365774	0.15924673605045986
