tool	sample	Weighted UniFrac error	Unweighted UniFrac error	L1 norm error	Completeness (recall)	Purity (precision)	F1 score	True positives	False positives	False negatives	Taxon counts	Jaccard index	Shannon diversity	Shannon equitability	Bray-Curtis distance
Metalign	CAMI_MED_S002	8.967396737465215	2316.774191363783	0.3454184939662042	0.7735849056603774	0.9534883720930233	0.8541666666666667	41.0	2.0	12.0	43.0	0.7454545454545455	3.0286785190670833	0.805242589042247	0.172709246983102
Bracken_custom	CAMI_MED_S002	8.010185522104294	2115.299151349575	0.34519502584629697	0.7735849056603774	0.9534883720930233	0.8541666666666667	41.0	2.0	12.0	43.0	0.7454545454545455	3.045965611550568	0.8098387530196315	0.17259751292314846
Bracken_original	CAMI_MED_S002	8.914008821457108	2187.5497783341834	0.5972743883740792	0.7547169811320755	0.7142857142857143	0.7339449541284405	40.0	16.0	13.0	56.0	0.5797101449275363	3.1528406882899347	0.7832460193593995	0.29863719418703943
