tool	sample	Weighted UniFrac error	Unweighted UniFrac error	L1 norm error	Completeness (recall)	Purity (precision)	F1 score	True positives	False positives	False negatives	Taxon counts	Jaccard index	Shannon diversity	Shannon equitability	Bray-Curtis distance
Metalign	CAMI_MED_S002	8.967396737465215	2316.774191363783	0.43188211452387926	0.704225352112676	0.819672131147541	0.7575757575757576	50.0	11.0	21.0	61.0	0.6097560975609756	3.3181161414060596	0.8071559116235074	0.2159410572619396
Bracken_custom	CAMI_MED_S002	8.010185522104294	2115.299151349575	0.44340563551961965	0.7464788732394366	0.7910447761194029	0.7681159420289855	53.0	14.0	18.0	67.0	0.6235294117647059	3.3960500834173626	0.8076809390906838	0.2217028177598098
Bracken_original	CAMI_MED_S002	8.914008821457108	2187.5497783341834	0.7320403710956601	0.5915492957746479	0.4666666666666667	0.5217391304347827	42.0	48.0	29.0	90.0	0.35294117647058826	3.396890190392589	0.754896415461784	0.36602018554783006
