tool	sample	Weighted UniFrac error	Unweighted UniFrac error	L1 norm error	Completeness (recall)	Purity (precision)	F1 score	True positives	False positives	False negatives	Taxon counts	Jaccard index	Shannon diversity	Shannon equitability	Bray-Curtis distance
Metalign	CAMI_MED_S002	8.967396737465215	2316.774191363783	0.786406966923388	0.8275862068965517	0.8275862068965517	0.8275862068965517	24.0	5.0	5.0	29.0	0.7058823529411765	2.7397663693689824	0.8136399377122703	0.39320348346169387
Bracken_custom	CAMI_MED_S002	8.010185522104294	2115.299151349575	0.7912844612645471	0.8275862068965517	0.8275862068965517	0.8275862068965517	24.0	5.0	5.0	29.0	0.7058823529411765	2.751657654089062	0.8171713425309931	0.3956422306322733
Bracken_original	CAMI_MED_S002	8.914008821457108	2187.5497783341834	0.9552028060142044	0.8275862068965517	0.6666666666666666	0.7384615384615385	24.0	12.0	5.0	36.0	0.5853658536585366	2.788877566977164	0.7782511031401715	0.4776014030071019
