tool	sample	Weighted UniFrac error	Unweighted UniFrac error	L1 norm error	Completeness (recall)	Purity (precision)	F1 score	True positives	False positives	False negatives	Taxon counts	Jaccard index	Shannon diversity	Shannon equitability	Bray-Curtis distance
Metalign	CAMI_MED_S002	8.967396737465215	2316.774191363783	0.23150069194557163	1.0	1.0	1.0	6.0	0.0	0.0	6.0	1.0	1.3151535759589528	0.7340011862895645	0.11575034597278579
Bracken_custom	CAMI_MED_S002	8.010185522104294	2115.299151349575	0.2327706586899088	1.0	1.0	1.0	6.0	0.0	0.0	6.0	1.0	1.315336117812139	0.7341030648376181	0.1163853293449544
Bracken_original	CAMI_MED_S002	8.914008821457108	2187.5497783341834	0.1070824125540709	1.0	0.75	0.8571428571428571	6.0	2.0	0.0	8.0	0.75	1.37621417123869	0.6618191200157243	0.05354120627703545
