tool	sample	Weighted UniFrac error	Unweighted UniFrac error	L1 norm error	Completeness (recall)	Purity (precision)	F1 score	True positives	False positives	False negatives	Taxon counts	Jaccard index	Shannon diversity	Shannon equitability	Bray-Curtis distance
Metalign	CAMI_MED_S002	8.967396737465215	2316.774191363783	1.5466607148550844	0.5	0.4931506849315068	0.496551724137931	36.0	37.0	36.0	73.0	0.3302752293577982	3.4620782580470855	0.8069248306704468	0.7733303574275421
Bracken_custom	CAMI_MED_S002	8.010185522104294	2115.299151349575	1.5679446763399583	0.5	0.4186046511627907	0.45569620253164556	36.0	50.0	36.0	86.0	0.29508196721311475	3.4446864108432838	0.7733313506426776	0.7839723381699786
Bracken_original	CAMI_MED_S002	8.914008821457108	2187.5497783341834	1.7470069389184872	0.2638888888888889	0.2289156626506024	0.2451612903225806	19.0	64.0	53.0	83.0	0.13970588235294118	3.3276254233275147	0.7530539611354742	0.8735034694592428
