tool	sample	Weighted UniFrac error	Unweighted UniFrac error	L1 norm error	Completeness (recall)	Purity (precision)	F1 score	True positives	False positives	False negatives	Taxon counts	Jaccard index	Shannon diversity	Shannon equitability	Bray-Curtis distance
Metalign	CAMI_MED_S002	8.967396737465215	2316.774191363783	0.6635099310557799	0.6666666666666666	1.0	0.8	2.0	0.0	1.0	2.0	0.6666666666666666	0.11425179001965118	0.16483049087403792	0.33175496552788997
Bracken_custom	CAMI_MED_S002	8.010185522104294	2115.299151349575	0.6620553721244846	0.6666666666666666	1.0	0.8	2.0	0.0	1.0	2.0	0.6666666666666666	0.11692701060584171	0.16869001834701908	0.3310276860622423
Bracken_original	CAMI_MED_S002	8.914008821457108	2187.5497783341834	0.645715870228302	0.6666666666666666	0.6666666666666666	0.6666666666666666	2.0	1.0	1.0	3.0	0.5	0.19092150127038926	0.17378423966279385	0.322857935114151
