tool	sample	Weighted UniFrac error	Unweighted UniFrac error	L1 norm error	Completeness (recall)	Purity (precision)	F1 score	True positives	False positives	False negatives	Taxon counts	Jaccard index	Shannon diversity	Shannon equitability	Bray-Curtis distance
Metalign	CAMI_HIGH_S005	8.865158934354714	9917.591460681098	0.19070461661549654	0.7619047619047619	0.7619047619047619	0.7619047619047619	16.0	5.0	5.0	21.0	0.6153846153846154	2.0864615590720703	0.6853165321495368	0.09535230830774827
Bracken+Kraken2	CAMI_HIGH_S005	8.395382967301124	10208.38627000935	0.3097379531367608	0.6666666666666666	0.8235294117647058	0.7368421052631577	14.0	3.0	7.0	17.0	0.5833333333333334	1.8687345067740662	0.6595812880433006	0.1548689765683804
CLARK	CAMI_HIGH_S005	8.663525347262526	11069.222590458434	0.3132376173706946	0.5238095238095238	0.9166666666666666	0.6666666666666667	11.0	1.0	10.0	12.0	0.5	1.869073386282556	0.7521704634023237	0.15661880868534733
GOTTCHA	CAMI_HIGH_S005	11.255342111936038	11225.486035658962	1.4067739931003072	0.42857142857142855	0.8181818181818182	0.5625	9.0	2.0	12.0	11.0	0.391304347826087	1.4769381078318395	0.6159310310947134	0.7033869965501537
MEGAN+DIAMOND	CAMI_HIGH_S005	10.1601916710452	10031.494821694287	0.3075594789284929	0.7619047619047619	0.8421052631578947	0.8	16.0	3.0	5.0	19.0	0.6666666666666666	2.1776474813982394	0.7395797626666127	0.15377973946424647
MetaPhlAn2	CAMI_HIGH_S005	9.762937171310393	11121.446666399817	0.9130942140859343	0.47619047619047616	1.0	0.6451612903225806	10.0	0.0	11.0	10.0	0.47619047619047616	1.8894014287153371	0.820556614591191	0.4565471070429672
mOTUs2	CAMI_HIGH_S005	7.754227497552654	9895.471214131088	0.10436476324220895	0.8571428571428571	0.8571428571428571	0.8571428571428571	18.0	3.0	3.0	21.0	0.75	2.090396808951093	0.6866090993614786	0.05218238162110445
