tool	sample	Weighted UniFrac error	Unweighted UniFrac error	L1 norm error	Completeness (recall)	Purity (precision)	F1 score	True positives	False positives	False negatives	Taxon counts	Jaccard index	Shannon diversity	Shannon equitability	Bray-Curtis distance
Metalign	CAMI_HIGH_S005	8.865158934354714	9917.591460681098	0.36740566329589064	0.5909090909090909	0.8125	0.6842105263157896	52.0	12.0	36.0	64.0	0.52	3.5284546654612434	0.8484140079770771	0.18370283164794535
Bracken+Kraken2	CAMI_HIGH_S005	8.395382967301124	10208.38627000935	0.5771395437908552	0.5795454545454546	0.7183098591549296	0.6415094339622642	51.0	20.0	37.0	71.0	0.4722222222222222	3.5084176614330578	0.8230544546235586	0.28856977189542776
CLARK	CAMI_HIGH_S005	8.663525347262526	11069.222590458434	0.6443806862343073	0.38636363636363635	0.9444444444444444	0.5483870967741935	34.0	2.0	54.0	36.0	0.37777777777777777	3.2066464143447395	0.8948317197191266	0.32219034311715367
GOTTCHA	CAMI_HIGH_S005	11.255342111936038	11225.486035658962	1.554590182011222	0.3068181818181818	0.8709677419354839	0.453781512605042	27.0	4.0	61.0	31.0	0.29347826086956524	1.939397921765032	0.5647656226650978	0.7772950910056111
MEGAN+DIAMOND	CAMI_HIGH_S005	10.1601916710452	10031.494821694287	0.336062112331386	0.6931818181818182	0.8472222222222222	0.7625000000000001	61.0	11.0	27.0	72.0	0.6161616161616161	3.696241618699866	0.8642810815332648	0.168031056165693
MetaPhlAn2	CAMI_HIGH_S005	9.762937171310393	11121.446666399817	1.2254598478492262	0.4431818181818182	1.0	0.6141732283464567	39.0	0.0	49.0	39.0	0.4431818181818182	2.9404690386571164	0.8026257840545858	0.6127299239246129
mOTUs2	CAMI_HIGH_S005	7.754227497552654	9895.471214131088	0.27739554200992156	0.7613636363636364	0.8481012658227848	0.8023952095808383	67.0	12.0	21.0	79.0	0.67	3.6101685809754667	0.8262299271833945	0.1386977710049607
