tool	sample	Weighted UniFrac error	Unweighted UniFrac error	L1 norm error	Completeness (recall)	Purity (precision)	F1 score	True positives	False positives	False negatives	Taxon counts	Jaccard index	Shannon diversity	Shannon equitability	Bray-Curtis distance
Metalign	CAMI_HIGH_S005	8.865158934354714	9917.591460681098	0.36740566329589086	0.5909090909090909	0.8125	0.6842105263157896	52.0	12.0	36.0	64.0	0.52	3.5284546654612434	0.8484140079770771	0.1837028316479453
Bracken+Kraken2	CAMI_HIGH_S005	8.395382967301133	10208.38627000935	0.5771395437908555	0.5795454545454546	0.7183098591549296	0.6415094339622642	51.0	20.0	37.0	71.0	0.4722222222222222	3.5084176614330587	0.8230544546235589	0.28856977189542765
CLARK	CAMI_HIGH_S005	8.663525347262532	11069.222590458434	0.6443806862343072	0.38636363636363635	0.9444444444444444	0.5483870967741935	34.0	2.0	54.0	36.0	0.37777777777777777	3.2066464143447386	0.8948317197191262	0.3221903431171536
GOTTCHA	CAMI_HIGH_S005	11.255342111936052	11225.48603565896	1.5545901820112222	0.3068181818181818	0.8709677419354839	0.453781512605042	27.0	4.0	61.0	31.0	0.29347826086956524	1.939397921765032	0.5647656226650978	0.7772950910056113
MEGAN+DIAMOND	CAMI_HIGH_S005	10.160191671045212	10031.494821694283	0.3360621123313859	0.6931818181818182	0.8472222222222222	0.7625000000000001	61.0	11.0	27.0	72.0	0.6161616161616161	3.696241618699866	0.8642810815332648	0.16803105616569297
MetaBinG2	CAMI_HIGH_S005	11.718303762717387	11521.301169099002	1.5478209139427295	0.045454545454545456	0.8	0.08602150537634409	4.0	1.0	84.0	5.0	0.0449438202247191	1.1205345701809761	0.6962272738351796	0.7739104569713648
MetaPhlAn2	CAMI_HIGH_S005	9.7629371713104	11121.446666399817	1.2254598478492258	0.4431818181818182	1.0	0.6141732283464567	39.0	0.0	49.0	39.0	0.4431818181818182	2.9404690386571164	0.8026257840545858	0.6127299239246129
mOTUs2	CAMI_HIGH_S005	7.754227497552655	9895.471214131088	0.2773955420099215	0.7613636363636364	0.8481012658227848	0.8023952095808383	67.0	12.0	21.0	79.0	0.67	3.6101685809754662	0.8262299271833944	0.13869777100496072
