tool	sample	Weighted UniFrac error	Unweighted UniFrac error	L1 norm error	Completeness (recall)	Purity (precision)	F1 score	True positives	False positives	False negatives	Taxon counts	Jaccard index	Shannon diversity	Shannon equitability	Bray-Curtis distance
Metalign	CAMI_HIGH_S005	8.865158934354714	9917.591460681098	0.5376311894637549	0.5412371134020618	0.84	0.658307210031348	105.0	20.0	89.0	125.0	0.49065420560747663	4.192924417669884	0.8684034728887718	0.26881559473187744
Bracken+Kraken2	CAMI_HIGH_S005	8.395382967301133	10208.38627000935	0.9861456520777618	0.3865979381443299	0.6097560975609756	0.473186119873817	75.0	48.0	119.0	123.0	0.30991735537190085	4.096892186764881	0.8513581118709699	0.4930728260388807
CLARK	CAMI_HIGH_S005	8.663525347262532	11069.222590458434	1.0672702588462315	0.20103092783505155	0.8297872340425532	0.32365145228215775	39.0	8.0	155.0	47.0	0.19306930693069307	3.5141289161523126	0.9127257652645572	0.5336351294231156
GOTTCHA	CAMI_HIGH_S005	11.255342111936052	11225.48603565896	1.7931540520512375	0.12886597938144329	0.7142857142857143	0.21834061135371177	25.0	10.0	169.0	35.0	0.12254901960784313	2.0841366425217283	0.5861976398588209	0.8965770260256176
MEGAN+DIAMOND	CAMI_HIGH_S005	10.160191671045212	10031.494821694283	0.5051943222980403	0.7061855670103093	0.9072847682119205	0.7942028985507246	137.0	14.0	57.0	151.0	0.6586538461538461	4.36437625962853	0.8698690130066831	0.2525971611490201
MetaBinG2	CAMI_HIGH_S005	11.718303762717387	11521.301169099002	1.7589463689013578	0.02577319587628866	0.7142857142857143	0.04975124378109452	5.0	2.0	189.0	7.0	0.025510204081632654	1.568869124806806	0.8062392426332992	0.879473184450678
MetaPhlAn2	CAMI_HIGH_S005	9.7629371713104	11121.446666399817	1.5380164145947988	0.1958762886597938	0.8444444444444444	0.3179916317991631	38.0	7.0	156.0	45.0	0.1890547263681592	3.0401531473556678	0.7986400568806665	0.7690082072973988
mOTUs2	CAMI_HIGH_S005	7.754227497552655	9895.471214131088	0.3752656331447683	0.6855670103092784	0.8926174496644296	0.7755102040816327	133.0	16.0	61.0	149.0	0.6333333333333333	4.365623250930537	0.8724360702558906	0.18763281657238415
