tool	sample	Weighted UniFrac error	Unweighted UniFrac error	L1 norm error	Completeness (recall)	Purity (precision)	F1 score	True positives	False positives	False negatives	Taxon counts	Jaccard index	Shannon diversity	Shannon equitability	Bray-Curtis distance
Metalign	CAMI_HIGH_S005	8.865158934354714	9917.591460681098	0.7302878438051569	0.725	0.725	0.7250000000000001	29.0	11.0	11.0	40.0	0.5686274509803921	2.9426371002961056	0.7977048686192222	0.36514392190257833
Bracken+Kraken2	CAMI_HIGH_S005	8.395382967301133	10208.38627000935	0.8781230228371933	0.7	0.6511627906976745	0.674698795180723	28.0	15.0	12.0	43.0	0.509090909090909	2.888769739652387	0.7680446801006492	0.43906151141859673
CLARK	CAMI_HIGH_S005	8.663525347262532	11069.222590458434	0.9273008410688773	0.475	0.7307692307692307	0.5757575757575758	19.0	7.0	21.0	26.0	0.40425531914893614	2.7336650129665525	0.8390374505681784	0.4636504205344384
GOTTCHA	CAMI_HIGH_S005	11.255342111936052	11225.48603565896	1.3002656328454707	0.4	0.7619047619047619	0.5245901639344264	16.0	5.0	24.0	21.0	0.35555555555555557	2.0375849335290424	0.6692625773691686	0.6501328164227353
MEGAN+DIAMOND	CAMI_HIGH_S005	10.160191671045212	10031.494821694283	0.6764305078167385	0.8	0.7441860465116279	0.7710843373493975	32.0	11.0	8.0	43.0	0.6274509803921569	3.051990538822159	0.8114406160118323	0.33821525390836926
MetaBinG2	CAMI_HIGH_S005	11.718303762717387	11521.301169099002	1.6055032861515852	0.1	0.6666666666666666	0.1739130434782609	4.0	2.0	36.0	6.0	0.09523809523809523	1.3286523447778629	0.7415349926127569	0.8027516430757924
MetaPhlAn2	CAMI_HIGH_S005	9.7629371713104	11121.446666399817	0.99921729872247	0.5	1.0	0.6666666666666666	20.0	0.0	20.0	20.0	0.5	2.5230933547563077	0.8422292529375572	0.499608649361235
mOTUs2	CAMI_HIGH_S005	7.754227497552655	9895.471214131088	0.6131810513254465	0.85	0.7555555555555555	0.7999999999999998	34.0	11.0	6.0	45.0	0.6666666666666666	2.946842131890314	0.7741275040299451	0.30659052566272327
