tool	sample	Weighted UniFrac error	Unweighted UniFrac error	L1 norm error	Completeness (recall)	Purity (precision)	F1 score	True positives	False positives	False negatives	Taxon counts	Jaccard index	Shannon diversity	Shannon equitability	Bray-Curtis distance
Metalign	CAMI_HIGH_S005	8.865158934354714	9917.591460681098	0.7302878438051569	0.725	0.725	0.7250000000000001	29.0	11.0	11.0	40.0	0.5686274509803921	2.9426371002961047	0.797704868619222	0.36514392190257844
Bracken+Kraken2	CAMI_HIGH_S005	8.395382967301124	10208.38627000935	0.8781230228371932	0.7	0.6511627906976745	0.674698795180723	28.0	15.0	12.0	43.0	0.509090909090909	2.888769739652386	0.768044680100649	0.4390615114185966
CLARK	CAMI_HIGH_S005	8.663525347262526	11069.222590458434	0.9273008410688773	0.475	0.7307692307692307	0.5757575757575758	19.0	7.0	21.0	26.0	0.40425531914893614	2.733665012966551	0.839037450568178	0.4636504205344385
GOTTCHA	CAMI_HIGH_S005	11.255342111936038	11225.486035658962	1.3002656328454714	0.4	0.7619047619047619	0.5245901639344264	16.0	5.0	24.0	21.0	0.35555555555555557	2.0375849335290424	0.6692625773691686	0.6501328164227355
MEGAN+DIAMOND	CAMI_HIGH_S005	10.1601916710452	10031.494821694287	0.6764305078167383	0.8	0.7441860465116279	0.7710843373493975	32.0	11.0	8.0	43.0	0.6274509803921569	3.0519905388221584	0.8114406160118321	0.3382152539083693
MetaPhlAn2	CAMI_HIGH_S005	9.762937171310393	11121.446666399817	0.9992172987224701	0.5	1.0	0.6666666666666666	20.0	0.0	20.0	20.0	0.5	2.5230933547563072	0.8422292529375571	0.499608649361235
mOTUs2	CAMI_HIGH_S005	7.754227497552654	9895.471214131088	0.6131810513254464	0.85	0.7555555555555555	0.7999999999999998	34.0	11.0	6.0	45.0	0.6666666666666666	2.946842131890314	0.7741275040299451	0.3065905256627232
