tool	sample	Weighted UniFrac error	Unweighted UniFrac error	L1 norm error	Completeness (recall)	Purity (precision)	F1 score	True positives	False positives	False negatives	Taxon counts	Jaccard index	Shannon diversity	Shannon equitability	Bray-Curtis distance
Metalign	CAMI_HIGH_S005	8.865158934354714	9917.591460681098	0.091558947038009	0.6666666666666666	0.8888888888888888	0.761904761904762	8.0	1.0	4.0	9.0	0.6153846153846154	1.2067273462490569	0.5492052831995986	0.0457794735190045
Bracken+Kraken2	CAMI_HIGH_S005	8.395382967301124	10208.38627000935	0.22167870827614852	0.4166666666666667	0.7142857142857143	0.5263157894736842	5.0	2.0	7.0	7.0	0.35714285714285715	1.1201054203853344	0.5756203188153961	0.11083935413807428
CLARK	CAMI_HIGH_S005	8.663525347262526	11069.222590458434	0.21726182936972663	0.4166666666666667	1.0	0.5882352941176471	5.0	0.0	7.0	5.0	0.4166666666666667	1.1080539499066455	0.688472628453765	0.10863091468486333
GOTTCHA	CAMI_HIGH_S005	11.255342111936038	11225.486035658962	0.6975245940763183	0.3333333333333333	1.0	0.5	4.0	0.0	8.0	4.0	0.3333333333333333	0.9371112979178247	0.6759829111335328	0.34876229703815903
MEGAN+DIAMOND	CAMI_HIGH_S005	10.1601916710452	10031.494821694287	0.17441234973827427	0.5833333333333334	1.0	0.7368421052631579	7.0	0.0	5.0	7.0	0.5833333333333334	1.2765092963368163	0.6559960114070668	0.0872061748691371
MetaPhlAn2	CAMI_HIGH_S005	9.762937171310393	11121.446666399817	0.49791130018412444	0.4166666666666667	1.0	0.5882352941176471	5.0	0.0	7.0	5.0	0.4166666666666667	1.0543795928256583	0.6551228753093206	0.2489556500920622
mOTUs2	CAMI_HIGH_S005	7.754227497552654	9895.471214131088	0.05791765054798767	0.75	1.0	0.8571428571428571	9.0	0.0	3.0	9.0	0.75	1.2928441413481486	0.5883987256848882	0.02895882527399383
