tool	sample	Weighted UniFrac error	Unweighted UniFrac error	L1 norm error	Completeness (recall)	Purity (precision)	F1 score	True positives	False positives	False negatives	Taxon counts	Jaccard index	Shannon diversity	Shannon equitability	Bray-Curtis distance
Metalign	CAMI_HIGH_S005	8.865158934354714	9917.591460681098	1.8383946565325044	0.29218106995884774	0.24232081911262798	0.2649253731343284	71.0	222.0	172.0	293.0	0.15268817204301074	5.479411725500691	0.9646558480991095	0.9191973282662519
Bracken+Kraken2	CAMI_HIGH_S005	8.395382967301124	10208.38627000935	1.9696789045641065	0.0411522633744856	0.05747126436781609	0.04796163069544365	10.0	164.0	233.0	174.0	0.02457002457002457	4.607625796284273	0.8931142484527715	0.9848394522820538
CLARK	CAMI_HIGH_S005	8.663525347262526	11069.222590458434	1.9797201589220939	0.01646090534979424	0.0975609756097561	0.028169014084507043	4.0	37.0	239.0	41.0	0.014285714285714285	3.354868409884296	0.9034073796396386	0.9898600794610468
GOTTCHA	CAMI_HIGH_S005	11.255342111936038	11225.486035658962	1.9901353141014568	0.00411522633744856	0.027777777777777776	0.007168458781362008	1.0	35.0	242.0	36.0	0.0035971223021582736	2.0098687025215827	0.5608645404250314	0.9950676570507284
MEGAN+DIAMOND	CAMI_HIGH_S005	10.1601916710452	10031.494821694287	1.8268483107430393	0.37448559670781895	0.6026490066225165	0.46192893401015234	91.0	60.0	152.0	151.0	0.30033003300330036	4.748217693278784	0.9463729047836115	0.9134241553715204
MetaPhlAn2	CAMI_HIGH_S005	9.762937171310393	11121.446666399817	1.9674347901191909	0.01646090534979424	0.16	0.029850746268656716	4.0	21.0	239.0	25.0	0.015151515151515152	2.3513030436974782	0.7304733613927944	0.983717395059596
mOTUs2	CAMI_HIGH_S005	7.754227497552654	9895.471214131088	1.8276063799159312	0.4773662551440329	0.4715447154471545	0.47443762781186094	116.0	130.0	127.0	246.0	0.3109919571045576	5.191978129156344	0.9430818280914031	0.9138031899579664
