tool	sample	Weighted UniFrac error	Unweighted UniFrac error	L1 norm error	Completeness (recall)	Purity (precision)	F1 score	True positives	False positives	False negatives	Taxon counts	Jaccard index	Shannon diversity	Shannon equitability	Bray-Curtis distance
Metalign	CAMI_HIGH_S005	8.865158934354714	9917.591460681098	1.8383946565325022	0.29218106995884774	0.24232081911262798	0.2649253731343284	71.0	222.0	172.0	293.0	0.15268817204301074	5.479411725500687	0.9646558480991088	0.9191973282662522
Bracken+Kraken2	CAMI_HIGH_S005	8.395382967301133	10208.38627000935	1.9696789045641074	0.0411522633744856	0.05747126436781609	0.04796163069544365	10.0	164.0	233.0	174.0	0.02457002457002457	4.607625796284278	0.8931142484527727	0.9848394522820537
CLARK	CAMI_HIGH_S005	8.663525347262532	11069.222590458434	1.9797201589220932	0.01646090534979424	0.0975609756097561	0.028169014084507043	4.0	37.0	239.0	41.0	0.014285714285714285	3.3548684098842965	0.9034073796396387	0.9898600794610469
GOTTCHA	CAMI_HIGH_S005	11.255342111936052	11225.48603565896	1.9901353141014564	0.00411522633744856	0.027777777777777776	0.007168458781362008	1.0	35.0	242.0	36.0	0.0035971223021582736	2.0098687025215827	0.5608645404250314	0.9950676570507284
MEGAN+DIAMOND	CAMI_HIGH_S005	10.160191671045212	10031.494821694283	1.8268483107430402	0.37448559670781895	0.6026490066225165	0.46192893401015234	91.0	60.0	152.0	151.0	0.30033003300330036	4.748217693278787	0.946372904783612	0.9134241553715203
MetaBinG2	CAMI_HIGH_S005	11.718303762717387	11521.301169099002	1.9948661254102609	0.00411522633744856	0.14285714285714285	0.008	1.0	6.0	242.0	7.0	0.004016064257028112	1.568869124806806	0.8062392426332992	0.9974330627051304
MetaPhlAn2	CAMI_HIGH_S005	9.7629371713104	11121.446666399817	1.9674347901191904	0.01646090534979424	0.16	0.029850746268656716	4.0	21.0	239.0	25.0	0.015151515151515152	2.3513030436974787	0.7304733613927945	0.9837173950595957
mOTUs2	CAMI_HIGH_S005	7.754227497552655	9895.471214131088	1.827606379915932	0.4773662551440329	0.4715447154471545	0.47443762781186094	116.0	130.0	127.0	246.0	0.3109919571045576	5.191978129156345	0.9430818280914032	0.9138031899579663
