tool	sample	Weighted UniFrac error	Unweighted UniFrac error	L1 norm error	Completeness (recall)	Purity (precision)	F1 score	True positives	False positives	False negatives	Taxon counts	Jaccard index	Shannon diversity	Shannon equitability	Bray-Curtis distance
Metalign	CAMI_HIGH_S005	8.865158934354714	9917.591460681098	1.966328404059152	0.0223463687150838	0.08191126279863481	0.03511338697878566	24.0	269.0	1050.0	293.0	0.017870439314966492	5.47941172550069	0.9646558480991093	0.9831642020295756
Bracken+Kraken2	CAMI_HIGH_S005	8.395382967301124	10208.38627000935	na	0.0	0.0	na	0.0	0.0	1074.0	0.0	0.0	na	na	na
CLARK	CAMI_HIGH_S005	8.663525347262526	11069.222590458434	na	0.0	0.0	na	0.0	0.0	1074.0	0.0	0.0	na	na	na
GOTTCHA	CAMI_HIGH_S005	11.255342111936038	11225.486035658962	na	0.0	0.0	na	0.0	0.0	1074.0	0.0	0.0	na	na	na
MEGAN+DIAMOND	CAMI_HIGH_S005	10.1601916710452	10031.494821694287	2.0000000000000027	0.0	0.0	na	0.0	46.0	1074.0	46.0	0.0	3.2091277787264767	0.8381896987451687	1.0
MetaPhlAn2	CAMI_HIGH_S005	9.762937171310393	11121.446666399817	na	0.0	0.0	na	0.0	0.0	1074.0	0.0	0.0	na	na	na
mOTUs2	CAMI_HIGH_S005	7.754227497552654	9895.471214131088	na	0.0	0.0	na	0.0	0.0	1074.0	0.0	0.0	na	na	na
