tool	sample	Weighted UniFrac error	Unweighted UniFrac error	L1 norm error	Completeness (recall)	Purity (precision)	F1 score	True positives	False positives	False negatives	Taxon counts	Jaccard index	Shannon diversity	Shannon equitability	Bray-Curtis distance
Metalign	CAMI_HIGH_S005	8.865158934354714	9917.591460681098	1.9663284040591522	0.0223463687150838	0.08191126279863481	0.03511338697878566	24.0	269.0	1050.0	293.0	0.017870439314966492	5.479411725500688	0.964655848099109	0.9831642020295758
Bracken+Kraken2	CAMI_HIGH_S005	8.395382967301133	10208.38627000935	na	0.0	0.0	na	0.0	0.0	1074.0	0.0	0.0	na	na	na
CLARK	CAMI_HIGH_S005	8.663525347262532	11069.222590458434	na	0.0	0.0	na	0.0	0.0	1074.0	0.0	0.0	na	na	na
GOTTCHA	CAMI_HIGH_S005	11.255342111936052	11225.48603565896	na	0.0	0.0	na	0.0	0.0	1074.0	0.0	0.0	na	na	na
MEGAN+DIAMOND	CAMI_HIGH_S005	10.160191671045212	10031.494821694283	2.0	0.0	0.0	na	0.0	46.0	1074.0	46.0	0.0	3.209127778726477	0.8381896987451688	1.0
MetaBinG2	CAMI_HIGH_S005	11.718303762717387	11521.301169099002	2.0000000000000027	0.0	0.0	na	0.0	7.0	1074.0	7.0	0.0	1.568869124806806	0.8062392426332992	1.0
MetaPhlAn2	CAMI_HIGH_S005	9.7629371713104	11121.446666399817	na	0.0	0.0	na	0.0	0.0	1074.0	0.0	0.0	na	na	na
mOTUs2	CAMI_HIGH_S005	7.754227497552655	9895.471214131088	na	0.0	0.0	na	0.0	0.0	1074.0	0.0	0.0	na	na	na
