tool	sample	Weighted UniFrac error	Unweighted UniFrac error	L1 norm error	Completeness (recall)	Purity (precision)	F1 score	True positives	False positives	False negatives	Taxon counts	Jaccard index	Shannon diversity	Shannon equitability	Bray-Curtis distance
Metalign	CAMI_HIGH_S005	8.865158934354714	9917.591460681098	0.05667181150745793	1.0	0.5	0.6666666666666666	2.0	2.0	0.0	4.0	0.5	0.17206211596246507	0.12411658071195505	0.028335905753728966
Bracken+Kraken2	CAMI_HIGH_S005	8.395382967301124	10208.38627000935	0.00927516995126215	1.0	0.6666666666666666	0.8	2.0	1.0	0.0	3.0	0.6666666666666666	0.10343488299817721	0.09415048790649823	0.004637584975631075
CLARK	CAMI_HIGH_S005	8.663525347262526	11069.222590458434	0.026779825265318902	1.0	1.0	1.0	2.0	0.0	0.0	2.0	1.0	0.12906631250947567	0.18620332900324574	0.013389912632659451
GOTTCHA	CAMI_HIGH_S005	11.255342111936038	11225.486035658962	0.35783070930134303	1.0	1.0	1.0	2.0	0.0	0.0	2.0	1.0	0.4918371337058464	0.7095709937224667	0.17891535465067152
MEGAN+DIAMOND	CAMI_HIGH_S005	10.1601916710452	10031.494821694287	0.015950525047687413	1.0	1.0	1.0	2.0	0.0	0.0	2.0	1.0	0.04178365520646121	0.06028107215657591	0.007975262523843707
MetaPhlAn2	CAMI_HIGH_S005	9.762937171310393	11121.446666399817	0.18618767495231256	1.0	1.0	1.0	2.0	0.0	0.0	2.0	1.0	0.34249126484843906	0.4941104493446316	0.0930938374761563
mOTUs2	CAMI_HIGH_S005	7.754227497552654	9895.471214131088	0.0062065156271248	1.0	1.0	1.0	2.0	0.0	0.0	2.0	1.0	0.06450384082463159	0.09305937127598707	0.0031032578135624
