tool	sample	Weighted UniFrac error	Unweighted UniFrac error	L1 norm error	Completeness (recall)	Purity (precision)	F1 score	True positives	False positives	False negatives	Taxon counts	Jaccard index	Shannon diversity	Shannon equitability	Bray-Curtis distance
Metalign	peabody	4.304452349568893	344.38604629936606	0.10568029962031375	1.0	1.0	1.0	5.0	0.0	0.0	5.0	1.0	1.3610354227046118	0.8456588552994836	0.052840149810156875
Bracken+Kraken2	peabody	3.3473405908839804	6773.439772219902	0.14863445903377095	1.0	0.18518518518518517	0.3125	5.0	22.0	0.0	27.0	0.18518518518518517	1.3673539717468792	0.37323078026854395	0.07431722951688549
CLARK	peabody	3.9526324273509577	8572.454036649684	0.2036377352116512	1.0	0.1388888888888889	0.24390243902439027	5.0	31.0	0.0	36.0	0.1388888888888889	1.4561146795426763	0.40633653806501585	0.10181886760582563
GOTTCHA	peabody	5.576598054438314	55.81386216283721	0.6729492383961605	0.8	0.8	0.8000000000000002	4.0	1.0	1.0	5.0	0.6666666666666666	1.1765498827156178	0.7310315443832274	0.33647461919808025
MEGAN+DIAMOND	peabody	7.279458594295457	354.8730825138123	0.4199853999999999	1.0	1.0	1.0	5.0	0.0	0.0	5.0	1.0	1.219283466701174	0.7575834129923906	0.20999269999999995
MetaPhlAn2	peabody	5.127342342969903	69.67359395935026	0.5275149242826943	0.8	1.0	0.888888888888889	4.0	0.0	1.0	4.0	0.8	1.0566096300053733	0.7621827366821373	0.2637574621413471
mOTUs2	peabody	5.127840671731079	79.98850682381898	0.18701656258606966	1.0	1.0	1.0	5.0	0.0	0.0	5.0	1.0	1.4731162221951632	0.9152985715163344	0.09350828129303485
