tool	sample	Weighted UniFrac error	Unweighted UniFrac error	L1 norm error	Completeness (recall)	Purity (precision)	F1 score	True positives	False positives	False negatives	Taxon counts	Jaccard index	Shannon diversity	Shannon equitability	Bray-Curtis distance
Metalign	peabody	4.304452349568895	344.38604629936594	0.10568029962031375	1.0	1.0	1.0	5.0	0.0	0.0	5.0	1.0	1.3610354227046118	0.8456588552994836	0.05284014981015688
Bracken+Kraken2	peabody	3.3473405908839546	6773.439772219903	0.14863445903377095	1.0	0.18518518518518517	0.3125	5.0	22.0	0.0	27.0	0.18518518518518517	1.367353971746879	0.3732307802685439	0.07431722951688546
CLARK	peabody	3.9526324273509417	8572.454036649682	0.20363773521165116	1.0	0.1388888888888889	0.24390243902439027	5.0	31.0	0.0	36.0	0.1388888888888889	1.456114679542677	0.406336538065016	0.1018188676058256
GOTTCHA	peabody	5.576598054438314	55.813862162837225	0.6729492383961603	0.8	0.8	0.8000000000000002	4.0	1.0	1.0	5.0	0.6666666666666666	1.1765498827156178	0.7310315443832274	0.33647461919808014
MEGAN+DIAMOND	peabody	7.279458594295455	354.8730825138123	0.4199853999999999	1.0	1.0	1.0	5.0	0.0	0.0	5.0	1.0	1.219283466701174	0.7575834129923906	0.20999269999999995
MetaBinG2	peabody	4.023088297691132	63.71969696136361	0.282588888407771	1.0	1.0	1.0	5.0	0.0	0.0	5.0	1.0	1.274470348629798	0.7918729506640612	0.1412944442038855
MetaPhlAn2	peabody	5.127342342969904	69.67359395935027	0.5275149242826943	0.8	1.0	0.888888888888889	4.0	0.0	1.0	4.0	0.8	1.0566096300053733	0.7621827366821373	0.26375746214134715
mOTUs2	peabody	5.12784067173108	79.98850682381898	0.18701656258606966	1.0	1.0	1.0	5.0	0.0	0.0	5.0	1.0	1.4731162221951632	0.9152985715163344	0.09350828129303483
