tool	sample	Weighted UniFrac error	Unweighted UniFrac error	L1 norm error	Completeness (recall)	Purity (precision)	F1 score	True positives	False positives	False negatives	Taxon counts	Jaccard index	Shannon diversity	Shannon equitability	Bray-Curtis distance
Metalign	peabody	4.304452349568895	344.38604629936594	0.1505624651955351	1.0	0.6153846153846154	0.761904761904762	8.0	5.0	0.0	13.0	0.6153846153846154	1.8690524700153728	0.7286898139248742	0.07528123259776756
Bracken+Kraken2	peabody	3.3473405908839546	6773.439772219903	0.16549652802384876	1.0	0.05673758865248227	0.10738255033557045	8.0	133.0	0.0	141.0	0.05673758865248227	2.0283627172525063	0.391441035227759	0.08274826401192444
CLARK	peabody	3.9526324273509417	8572.454036649682	0.3099658204352199	1.0	0.05333333333333334	0.10126582278481014	8.0	142.0	0.0	150.0	0.05333333333333334	2.00659687789732	0.40046755752939717	0.15498291021761001
GOTTCHA	peabody	5.576598054438314	55.813862162837225	0.3902217889421783	1.0	1.0	1.0	8.0	0.0	0.0	8.0	1.0	1.6946436179991091	0.8149513145871486	0.19511089447108917
MEGAN+DIAMOND	peabody	7.279458594295455	354.8730825138123	0.23833163333332663	1.0	0.7272727272727273	0.8421052631578948	8.0	3.0	0.0	11.0	0.7272727272727273	1.9600648824771654	0.8174105452861365	0.11916581666666337
MetaBinG2	peabody	4.023088297691132	63.71969696136361	0.43588885641111447	0.75	0.8571428571428571	0.7999999999999999	6.0	1.0	2.0	7.0	0.6666666666666666	1.6806890934225065	0.8637033391487452	0.2179444282055573
MetaPhlAn2	peabody	5.127342342969904	69.67359395935027	0.35103831843716854	0.875	0.875	0.875	7.0	1.0	1.0	8.0	0.7777777777777778	1.8022951544884593	0.8667207605329029	0.1755191592185843
mOTUs2	peabody	5.12784067173108	79.98850682381898	0.6843033393796679	0.625	1.0	0.7692307692307693	5.0	0.0	3.0	5.0	0.625	1.3568554293837458	0.8430616794230037	0.342151669689834
