tool	sample	Weighted UniFrac error	Unweighted UniFrac error	L1 norm error	Completeness (recall)	Purity (precision)	F1 score	True positives	False positives	False negatives	Taxon counts	Jaccard index	Shannon diversity	Shannon equitability	Bray-Curtis distance
Metalign	peabody	4.304452349568893	344.38604629936606	0.15056246519553507	1.0	0.6153846153846154	0.761904761904762	8.0	5.0	0.0	13.0	0.6153846153846154	1.869052470015373	0.7286898139248743	0.07528123259776755
Bracken+Kraken2	peabody	3.3473405908839804	6773.439772219902	0.16549652802384848	1.0	0.05673758865248227	0.10738255033557045	8.0	133.0	0.0	141.0	0.05673758865248227	2.028362717252505	0.39144103522775875	0.08274826401192445
CLARK	peabody	3.9526324273509577	8572.454036649684	0.3099658204352198	1.0	0.05333333333333334	0.10126582278481014	8.0	142.0	0.0	150.0	0.05333333333333334	2.006596877897321	0.4004675575293974	0.15498291021761007
GOTTCHA	peabody	5.576598054438314	55.81386216283721	0.39022178894217824	1.0	1.0	1.0	8.0	0.0	0.0	8.0	1.0	1.694643617999109	0.8149513145871485	0.19511089447108917
MEGAN+DIAMOND	peabody	7.279458594295457	354.8730825138123	0.23833163333332663	1.0	0.7272727272727273	0.8421052631578948	8.0	3.0	0.0	11.0	0.7272727272727273	1.9600648824771651	0.8174105452861364	0.11916581666666333
MetaPhlAn2	peabody	5.127342342969903	69.67359395935026	0.35103831843716854	0.875	0.875	0.875	7.0	1.0	1.0	8.0	0.7777777777777778	1.8022951544884593	0.8667207605329029	0.1755191592185843
mOTUs2	peabody	5.127840671731079	79.98850682381898	0.6843033393796679	0.625	1.0	0.7692307692307693	5.0	0.0	3.0	5.0	0.625	1.3568554293837458	0.8430616794230037	0.34215166968983407
