tool	sample	Weighted UniFrac error	Unweighted UniFrac error	L1 norm error	Completeness (recall)	Purity (precision)	F1 score	True positives	False positives	False negatives	Taxon counts	Jaccard index	Shannon diversity	Shannon equitability	Bray-Curtis distance
Metalign	peabody	4.304452349568893	344.38604629936606	0.16318876200612847	1.0	0.6153846153846154	0.761904761904762	8.0	5.0	0.0	13.0	0.6153846153846154	1.8576829268326704	0.7242571559662958	0.08159438100306426
Bracken+Kraken2	peabody	3.3473405908839804	6773.439772219902	0.1875236914110671	1.0	0.023809523809523808	0.046511627906976744	8.0	328.0	0.0	336.0	0.023809523809523808	2.125022782107592	0.3452594275363522	0.09376184570553367
CLARK	peabody	3.9526324273509577	8572.454036649684	0.3403643731224772	1.0	0.02247191011235955	0.04395604395604395	8.0	348.0	0.0	356.0	0.02247191011235955	2.1066570636660065	0.3585841536144345	0.17018218656123868
GOTTCHA	peabody	5.576598054438314	55.81386216283721	0.7235552556088716	0.875	0.875	0.875	7.0	1.0	1.0	8.0	0.7777777777777778	1.6946436179991091	0.8149513145871486	0.36177762780443584
MEGAN+DIAMOND	peabody	7.279458594295457	354.8730825138123	0.3221415666666736	1.0	0.5714285714285714	0.7272727272727273	8.0	6.0	0.0	14.0	0.5714285714285714	1.8537251909672376	0.7024194473401181	0.1610707833333368
MetaPhlAn2	peabody	5.127342342969903	69.67359395935026	0.5769446261691114	0.75	0.8571428571428571	0.7999999999999999	6.0	1.0	2.0	7.0	0.6666666666666666	1.7361001587201046	0.8921789937541229	0.2884723130845557
mOTUs2	peabody	5.127840671731079	79.98850682381898	0.8341155280120254	0.5	0.8	0.6153846153846154	4.0	1.0	4.0	5.0	0.4444444444444444	1.2348289149483573	0.7672423430617541	0.4170577640060126
