tool	sample	Weighted UniFrac error	Unweighted UniFrac error	L1 norm error	Completeness (recall)	Purity (precision)	F1 score	True positives	False positives	False negatives	Taxon counts	Jaccard index	Shannon diversity	Shannon equitability	Bray-Curtis distance
Metalign	peabody	4.304452349568895	344.38604629936594	0.16318876200612847	1.0	0.6153846153846154	0.761904761904762	8.0	5.0	0.0	13.0	0.6153846153846154	1.85768292683267	0.7242571559662956	0.08159438100306428
Bracken+Kraken2	peabody	3.3473405908839546	6773.439772219903	0.18752369141106665	1.0	0.023809523809523808	0.046511627906976744	8.0	328.0	0.0	336.0	0.023809523809523808	2.1250227821075955	0.34525942753635275	0.09376184570553367
CLARK	peabody	3.9526324273509417	8572.454036649682	0.3403643731224781	1.0	0.02247191011235955	0.04395604395604395	8.0	348.0	0.0	356.0	0.02247191011235955	2.1066570636660087	0.3585841536144349	0.17018218656123862
GOTTCHA	peabody	5.576598054438314	55.813862162837225	0.7235552556088716	0.875	0.875	0.875	7.0	1.0	1.0	8.0	0.7777777777777778	1.694643617999109	0.8149513145871485	0.36177762780443584
MEGAN+DIAMOND	peabody	7.279458594295455	354.8730825138123	0.3221415666666735	1.0	0.5714285714285714	0.7272727272727273	8.0	6.0	0.0	14.0	0.5714285714285714	1.8537251909672379	0.7024194473401182	0.16107078333333674
MetaBinG2	peabody	4.023088297691132	63.71969696136361	0.43588885641111447	0.75	0.8571428571428571	0.7999999999999999	6.0	1.0	2.0	7.0	0.6666666666666666	1.6806890934225065	0.8637033391487452	0.21794442820555723
MetaPhlAn2	peabody	5.127342342969904	69.67359395935027	0.5769446261691112	0.75	0.8571428571428571	0.7999999999999999	6.0	1.0	2.0	7.0	0.6666666666666666	1.7361001587201046	0.8921789937541229	0.28847231308455573
mOTUs2	peabody	5.12784067173108	79.98850682381898	0.8341155280120252	0.5	0.8	0.6153846153846154	4.0	1.0	4.0	5.0	0.4444444444444444	1.2348289149483571	0.767242343061754	0.4170577640060127
