tool	sample	Weighted UniFrac error	Unweighted UniFrac error	L1 norm error	Completeness (recall)	Purity (precision)	F1 score	True positives	False positives	False negatives	Taxon counts	Jaccard index	Shannon diversity	Shannon equitability	Bray-Curtis distance
Metalign	peabody	4.304452349568893	344.38604629936606	0.1458255238597586	1.0	0.6666666666666666	0.8	8.0	4.0	0.0	12.0	0.6666666666666666	1.8587058861502237	0.7479982744256405	0.07291276192987932
Bracken+Kraken2	peabody	3.3473405908839804	6773.439772219902	0.16422648692454225	1.0	0.10526315789473684	0.1904761904761905	8.0	68.0	0.0	76.0	0.10526315789473684	1.9923241265968041	0.4406053252266413	0.08211324346227117
CLARK	peabody	3.9526324273509577	8572.454036649684	0.30943917594770226	1.0	0.09876543209876543	0.1797752808988764	8.0	73.0	0.0	81.0	0.09876543209876543	1.9753142218697441	0.4495021224149272	0.154719587973851
GOTTCHA	peabody	5.576598054438314	55.81386216283721	0.47179175071477053	0.875	1.0	0.9333333333333333	7.0	0.0	1.0	7.0	0.875	1.4968206266265962	0.7692136388482593	0.2358958753573853
MEGAN+DIAMOND	peabody	7.279458594295457	354.8730825138123	0.3676448333333267	1.0	0.8	0.888888888888889	8.0	2.0	0.0	10.0	0.8	1.8096337654425854	0.7859139585975182	0.18382241666666338
MetaPhlAn2	peabody	5.127342342969903	69.67359395935026	0.7575785914087493	0.5	0.8	0.6153846153846154	4.0	1.0	4.0	5.0	0.4444444444444444	1.4174197417969956	0.8806924025129381	0.3787892957043747
mOTUs2	peabody	5.127840671731079	79.98850682381898	0.41906729482495836	0.75	1.0	0.8571428571428571	6.0	0.0	2.0	6.0	0.75	1.573325204891137	0.878089515870662	0.20953364741247918
