tool	sample	Weighted UniFrac error	Unweighted UniFrac error	L1 norm error	Completeness (recall)	Purity (precision)	F1 score	True positives	False positives	False negatives	Taxon counts	Jaccard index	Shannon diversity	Shannon equitability	Bray-Curtis distance
Metalign	peabody	4.304452349568895	344.38604629936594	0.14582552385975858	1.0	0.6666666666666666	0.8	8.0	4.0	0.0	12.0	0.6666666666666666	1.8587058861502235	0.7479982744256405	0.0729127619298793
Bracken+Kraken2	peabody	3.3473405908839546	6773.439772219903	0.16422648692454225	1.0	0.10526315789473684	0.1904761904761905	8.0	68.0	0.0	76.0	0.10526315789473684	1.992324126596803	0.4406053252266411	0.08211324346227115
CLARK	peabody	3.9526324273509417	8572.454036649682	0.3094391759477024	1.0	0.09876543209876543	0.1797752808988764	8.0	73.0	0.0	81.0	0.09876543209876543	1.9753142218697448	0.4495021224149274	0.15471958797385102
GOTTCHA	peabody	5.576598054438314	55.813862162837225	0.47179175071477053	0.875	1.0	0.9333333333333333	7.0	0.0	1.0	7.0	0.875	1.4968206266265962	0.7692136388482593	0.2358958753573853
MEGAN+DIAMOND	peabody	7.279458594295455	354.8730825138123	0.36764483333332665	1.0	0.8	0.888888888888889	8.0	2.0	0.0	10.0	0.8	1.8096337654425851	0.7859139585975182	0.18382241666666338
MetaBinG2	peabody	4.023088297691132	63.71969696136361	0.4358888564111144	0.75	0.8571428571428571	0.7999999999999999	6.0	1.0	2.0	7.0	0.6666666666666666	1.6806890934225063	0.8637033391487451	0.21794442820555726
MetaPhlAn2	peabody	5.127342342969904	69.67359395935027	0.7575785914087493	0.5	0.8	0.6153846153846154	4.0	1.0	4.0	5.0	0.4444444444444444	1.4174197417969958	0.8806924025129383	0.37878929570437464
mOTUs2	peabody	5.12784067173108	79.98850682381898	0.4190672948249584	0.75	1.0	0.8571428571428571	6.0	0.0	2.0	6.0	0.75	1.573325204891137	0.878089515870662	0.20953364741247918
