tool	sample	Weighted UniFrac error	Unweighted UniFrac error	L1 norm error	Completeness (recall)	Purity (precision)	F1 score	True positives	False positives	False negatives	Taxon counts	Jaccard index	Shannon diversity	Shannon equitability	Bray-Curtis distance
Metalign	peabody	4.304452349568893	344.38604629936606	0.0909080730276978	1.0	1.0	1.0	3.0	0.0	0.0	3.0	1.0	0.8948158009174201	0.8144964426005464	0.0454540365138489
Bracken+Kraken2	peabody	3.3473405908839804	6773.439772219902	0.12977229316679498	1.0	0.2	0.33333333333333337	3.0	12.0	0.0	15.0	0.2	0.8872683025188124	0.30697376560468287	0.0648861465833975
CLARK	peabody	3.9526324273509577	8572.454036649684	0.12337368522432328	1.0	0.16666666666666666	0.2857142857142857	3.0	15.0	0.0	18.0	0.16666666666666666	0.9390891902468472	0.32490256233695997	0.061686842612161646
GOTTCHA	peabody	5.576598054438314	55.81386216283721	0.5000000000000001	0.6666666666666666	1.0	0.8	2.0	0.0	1.0	2.0	0.6666666666666666	0.5513965535140741	0.7954970733180207	0.25000000000000006
MEGAN+DIAMOND	peabody	7.279458594295457	354.8730825138123	0.4471225613789162	1.0	1.0	1.0	3.0	0.0	0.0	3.0	1.0	0.6169141885436895	0.5615394938751308	0.2235612806894581
MetaPhlAn2	peabody	5.127342342969903	69.67359395935026	0.1151488	1.0	1.0	1.0	3.0	0.0	0.0	3.0	1.0	0.8785832115008465	0.7997209029638536	0.057574400000000005
mOTUs2	peabody	5.127840671731079	79.98850682381898	0.17000459692835185	1.0	1.0	1.0	3.0	0.0	0.0	3.0	1.0	0.889850331762917	0.8099766777975121	0.08500229846417592
