tool	sample	Weighted UniFrac error	Unweighted UniFrac error	L1 norm error	Completeness (recall)	Purity (precision)	F1 score	True positives	False positives	False negatives	Taxon counts	Jaccard index	Shannon diversity	Shannon equitability	Bray-Curtis distance
Metalign	peabody	4.304452349568893	344.38604629936606	1.9999999999999998	0.0	0.0	na	0.0	41.0	11.0	41.0	0.0	2.8395577100723406	0.7646432219618587	1.0
Bracken+Kraken2	peabody	3.3473405908839804	6773.439772219902	na	0.0	0.0	na	0.0	0.0	11.0	0.0	0.0	na	na	na
CLARK	peabody	3.9526324273509577	8572.454036649684	na	0.0	0.0	na	0.0	0.0	11.0	0.0	0.0	na	na	na
GOTTCHA	peabody	5.576598054438314	55.81386216283721	na	0.0	0.0	na	0.0	0.0	11.0	0.0	0.0	na	na	na
MEGAN+DIAMOND	peabody	7.279458594295457	354.8730825138123	1.819689818031018	0.45454545454545453	0.2	0.2777777777777778	5.0	20.0	6.0	25.0	0.16129032258064516	2.5212175886360457	0.78326028272286	0.9098449090155092
MetaPhlAn2	peabody	5.127342342969903	69.67359395935026	na	0.0	0.0	na	0.0	0.0	11.0	0.0	0.0	na	na	na
mOTUs2	peabody	5.127840671731079	79.98850682381898	na	0.0	0.0	na	0.0	0.0	11.0	0.0	0.0	na	na	na
