tool	sample	Weighted UniFrac error	Unweighted UniFrac error	L1 norm error	Completeness (recall)	Purity (precision)	F1 score	True positives	False positives	False negatives	Taxon counts	Jaccard index	Shannon diversity	Shannon equitability	Bray-Curtis distance
Metalign	peabody	4.304452349568895	344.38604629936594	2.0	0.0	0.0	na	0.0	41.0	11.0	41.0	0.0	2.83955771007234	0.7646432219618586	1.0
Bracken+Kraken2	peabody	3.3473405908839546	6773.439772219903	na	0.0	0.0	na	0.0	0.0	11.0	0.0	0.0	na	na	na
CLARK	peabody	3.9526324273509417	8572.454036649682	na	0.0	0.0	na	0.0	0.0	11.0	0.0	0.0	na	na	na
GOTTCHA	peabody	5.576598054438314	55.813862162837225	na	0.0	0.0	na	0.0	0.0	11.0	0.0	0.0	na	na	na
MEGAN+DIAMOND	peabody	7.279458594295455	354.8730825138123	1.8196898180310184	0.45454545454545453	0.2	0.2777777777777778	5.0	20.0	6.0	25.0	0.16129032258064516	2.521217588636046	0.7832602827228601	0.9098449090155093
MetaBinG2	peabody	4.023088297691132	63.71969696136361	1.4835772516422754	0.2727272727272727	0.375	0.3157894736842105	3.0	5.0	8.0	8.0	0.1875	1.964907872542911	0.9449209478404471	0.7417886258211374
MetaPhlAn2	peabody	5.127342342969904	69.67359395935027	na	0.0	0.0	na	0.0	0.0	11.0	0.0	0.0	na	na	na
mOTUs2	peabody	5.12784067173108	79.98850682381898	na	0.0	0.0	na	0.0	0.0	11.0	0.0	0.0	na	na	na
