tool	sample	Weighted UniFrac error	Unweighted UniFrac error	L1 norm error	Completeness (recall)	Purity (precision)	F1 score	True positives	False positives	False negatives	Taxon counts	Jaccard index	Shannon diversity	Shannon equitability	Bray-Curtis distance
Metalign	peabody	4.304452349568893	344.38604629936606	0.0	1.0	1.0	1.0	1.0	0.0	0.0	1.0	1.0	0.0	0.0	0.0
Bracken+Kraken2	peabody	3.3473405908839804	6773.439772219902	0.002840000000000101	1.0	0.25	0.4	1.0	3.0	0.0	4.0	0.25	0.011152874865796109	0.008045098630269604	0.0014200000000000506
CLARK	peabody	3.9526324273509577	8572.454036649684	0.0025321598060757734	1.0	0.25	0.4	1.0	3.0	0.0	4.0	0.25	0.009783559285814833	0.007057346231944114	0.0012660799030378867
GOTTCHA	peabody	5.576598054438314	55.81386216283721	0.0	1.0	1.0	1.0	1.0	0.0	0.0	1.0	1.0	0.0	0.0	0.0
MEGAN+DIAMOND	peabody	7.279458594295457	354.8730825138123	0.0	1.0	1.0	1.0	1.0	0.0	0.0	1.0	1.0	0.0	0.0	0.0
MetaPhlAn2	peabody	5.127342342969903	69.67359395935026	0.0	1.0	1.0	1.0	1.0	0.0	0.0	1.0	1.0	0.0	0.0	0.0
mOTUs2	peabody	5.127840671731079	79.98850682381898	0.0	1.0	1.0	1.0	1.0	0.0	0.0	1.0	1.0	0.0	0.0	0.0
