tool	sample	Weighted UniFrac error	Unweighted UniFrac error	L1 norm error	Completeness (recall)	Purity (precision)	F1 score	True positives	False positives	False negatives	Taxon counts	Jaccard index	Shannon diversity	Shannon equitability	Bray-Curtis distance
Metalign	peabody	4.304452349568895	344.38604629936594	0.0	1.0	1.0	1.0	1.0	0.0	0.0	1.0	1.0	0.0	0.0	0.0
Bracken+Kraken2	peabody	3.3473405908839546	6773.439772219903	0.002840000000000101	1.0	0.25	0.4	1.0	3.0	0.0	4.0	0.25	0.011152874865796107	0.008045098630269604	0.0014200000000000506
CLARK	peabody	3.9526324273509417	8572.454036649682	0.002532159806075774	1.0	0.25	0.4	1.0	3.0	0.0	4.0	0.25	0.00978355928581483	0.007057346231944113	0.001266079903037887
GOTTCHA	peabody	5.576598054438314	55.813862162837225	0.0	1.0	1.0	1.0	1.0	0.0	0.0	1.0	1.0	0.0	0.0	0.0
MEGAN+DIAMOND	peabody	7.279458594295455	354.8730825138123	0.0	1.0	1.0	1.0	1.0	0.0	0.0	1.0	1.0	0.0	0.0	0.0
MetaBinG2	peabody	4.023088297691132	63.71969696136361	0.0	1.0	1.0	1.0	1.0	0.0	0.0	1.0	1.0	0.0	0.0	0.0
MetaPhlAn2	peabody	5.127342342969904	69.67359395935027	0.0	1.0	1.0	1.0	1.0	0.0	0.0	1.0	1.0	0.0	0.0	0.0
mOTUs2	peabody	5.12784067173108	79.98850682381898	0.0	1.0	1.0	1.0	1.0	0.0	0.0	1.0	1.0	0.0	0.0	0.0
