rank	sample	Weighted UniFrac error	Unweighted UniFrac error	L1 norm error	Completeness (recall)	Purity (precision)	F1 score	True positives	False positives	False negatives	Taxon counts	Jaccard index	Shannon diversity	Shannon equitability	Bray-Curtis distance
superkingdom	CAMI_low_S001	7.649815012056451	957.0804483763742	0.3635051463723373	0.5	0.5	0.5	1.0	1.0	1.0	2.0	0.3333333333333333	0.0029756015500667877	0.004292885599942868	0.18175257318616866
phylum	CAMI_low_S001	7.649815012056451	957.0804483763742	0.3061528697335614	1.0	0.6666666666666666	0.8	6.0	3.0	0.0	9.0	0.6666666666666666	1.6538818134447368	0.7527140514010643	0.1530764348667807
class	CAMI_low_S001	7.649815012056451	957.0804483763742	0.6227303422667063	1.0	0.8571428571428571	0.923076923076923	12.0	2.0	0.0	14.0	0.8571428571428571	2.25302315700565	0.8537227030737193	0.31136517113335316
order	CAMI_low_S001	7.649815012056451	957.0804483763742	0.8853707807404798	0.9285714285714286	0.3939393939393939	0.5531914893617021	13.0	20.0	1.0	33.0	0.38235294117647056	2.414049101081075	0.6904172402443173	0.44268539037023996
family	CAMI_low_S001	7.649815012056451	957.0804483763742	0.7277488687551339	0.9375	0.3333333333333333	0.49180327868852464	15.0	30.0	1.0	45.0	0.32608695652173914	2.390834962665047	0.6280659157700376	0.363874434377567
genus	CAMI_low_S001	7.649815012056451	957.0804483763742	0.5856458654547513	0.9545454545454546	0.3684210526315789	0.5316455696202531	21.0	36.0	1.0	57.0	0.3620689655172414	2.5524647483586462	0.6313213905214071	0.29282293272737553
species	CAMI_low_S001	7.649815012056451	957.0804483763742	1.546146367851701	0.8260869565217391	0.2676056338028169	0.40425531914893614	19.0	52.0	4.0	71.0	0.25333333333333335	2.5543068167957514	0.5992255788554948	0.7730731839258502
strain	CAMI_low_S001	7.649815012056451	957.0804483763742	na	0.0	0.0	na	0.0	0.0	60.0	0.0	0.0	na	na	na
