tool	sample	Weighted UniFrac error	Unweighted UniFrac error	L1 norm error	Completeness (recall)	Purity (precision)	F1 score	True positives	False positives	False negatives	Taxon counts	Jaccard index	Shannon diversity	Shannon equitability	Bray-Curtis distance
Metalign	CAMI_low_S001	8.566765487765018	1134.0653348522355	0.6265662352386585	0.9166666666666666	0.9166666666666666	0.9166666666666666	11.0	1.0	1.0	12.0	0.8461538461538461	2.234802469660449	0.8993506737370238	0.31328311761932925
Bracken_custom	CAMI_low_S001	7.64771604117667	7134.8977086863515	0.6234231729891211	1.0	0.2222222222222222	0.3636363636363636	12.0	42.0	0.0	54.0	0.2222222222222222	2.260623691022049	0.43040860724244445	0.31171158649456043
Bracken_original	CAMI_low_S001	11.294856068617818	33496.670876546035	1.1066044132813462	1.0	0.14634146341463414	0.2553191489361702	12.0	70.0	0.0	82.0	0.14634146341463414	2.1044441156043243	0.47244724662002546	0.5533022066406733
