tool	sample	Weighted UniFrac error	Unweighted UniFrac error	L1 norm error	Completeness (recall)	Purity (precision)	F1 score	True positives	False positives	False negatives	Taxon counts	Jaccard index	Shannon diversity	Shannon equitability	Bray-Curtis distance
Metalign	CAMI_low_S001	8.566765487765018	1134.0653348522355	0.7207297796252827	0.9375	0.6	0.7317073170731707	15.0	10.0	1.0	25.0	0.5769230769230769	2.251350965587958	0.6994215024371564	0.36036488981264153
Bracken_custom	CAMI_low_S001	7.64771604117667	7134.8977086863515	0.7302000908412063	1.0	0.0851063829787234	0.1568627450980392	16.0	172.0	0.0	188.0	0.0851063829787234	2.421174977294387	0.35801742104466155	0.3651000454206033
Bracken_original	CAMI_low_S001	11.294856068617818	33496.670876546035	1.47032071412284	0.8125	0.03282828282828283	0.06310679611650485	13.0	383.0	3.0	396.0	0.03258145363408521	3.176680872787478	0.5131694694883917	0.7351603570614205
