tool	sample	Weighted UniFrac error	Unweighted UniFrac error	L1 norm error	Completeness (recall)	Purity (precision)	F1 score	True positives	False positives	False negatives	Taxon counts	Jaccard index	Shannon diversity	Shannon equitability	Bray-Curtis distance
Metalign	CAMI_low_S001	8.566765487765018	1134.0653348522355	0.8903823418443265	0.8571428571428571	0.7058823529411765	0.7741935483870968	12.0	5.0	2.0	17.0	0.631578947368421	2.3176290249892584	0.8180213572166743	0.4451911709221633
Bracken_custom	CAMI_low_S001	7.64771604117667	7134.8977086863515	0.8860959443614108	1.0	0.13592233009708737	0.23931623931623933	14.0	89.0	0.0	103.0	0.13592233009708737	2.4277764438543956	0.404367440079851	0.4430479721807063
Bracken_original	CAMI_low_S001	11.294856068617818	33496.670876546035	1.386272758337813	0.9285714285714286	0.07103825136612021	0.1319796954314721	13.0	170.0	1.0	183.0	0.07065217391304347	2.7323341947942414	0.520219335917251	0.6931363791689072
