tool	sample	Weighted UniFrac error	Unweighted UniFrac error	L1 norm error	Completeness (recall)	Purity (precision)	F1 score	True positives	False positives	False negatives	Taxon counts	Jaccard index	Shannon diversity	Shannon equitability	Bray-Curtis distance
Metalign	CAMI_low_S001	8.566765487765018	1134.0653348522355	0.31366591379620373	1.0	1.0	1.0	6.0	0.0	0.0	6.0	1.0	1.6510339508687808	0.9214595927767565	0.15683295689810187
Bracken_custom	CAMI_low_S001	7.64771604117667	7134.8977086863515	0.30675587860021847	1.0	0.18181818181818182	0.3076923076923077	6.0	27.0	0.0	33.0	0.18181818181818182	1.6588916432439083	0.31460113448136817	0.15337793930010926
Bracken_original	CAMI_low_S001	11.294856068617818	33496.670876546035	0.8917699230105477	1.0	0.13953488372093023	0.24489795918367346	6.0	37.0	0.0	43.0	0.13953488372093023	1.151169914436743	0.30240924104259126	0.44588496150527396
