tool	sample	Weighted UniFrac error	Unweighted UniFrac error	L1 norm error	Completeness (recall)	Purity (precision)	F1 score	True positives	False positives	False negatives	Taxon counts	Jaccard index	Shannon diversity	Shannon equitability	Bray-Curtis distance
Metalign	CAMI_low_S001	8.566765487765018	1134.0653348522355	1.54637194881502	0.8260869565217391	0.16521739130434782	0.27536231884057966	19.0	96.0	4.0	115.0	0.15966386554621848	2.553104195009299	0.5380696975090316	0.7731859744075104
Bracken_custom	CAMI_low_S001	7.64771604117667	7134.8977086863515	1.5461510147331614	0.8260869565217391	0.028023598820058997	0.05420827389443651	19.0	659.0	4.0	678.0	0.02785923753665689	2.6615662856381332	0.2619864401383651	0.7730755073665906
Bracken_original	CAMI_low_S001	11.294856068617818	33496.670876546035	1.9444123327014693	0.17391304347826086	0.0008970621215519175	0.0017849174475680501	4.0	4455.0	19.0	4459.0	0.0008932559178204555	5.026319541514452	0.5703113907497729	0.9722061663507765
