tool	sample	Weighted UniFrac error	Unweighted UniFrac error	L1 norm error	Completeness (recall)	Purity (precision)	F1 score	True positives	False positives	False negatives	Taxon counts	Jaccard index	Shannon diversity	Shannon equitability	Bray-Curtis distance
Metalign	CAMI_low_S001	8.566765487765018	1134.0653348522355	0.36331926390534053	1.0	1.0	1.0	2.0	0.0	0.0	2.0	1.0	0.0009557608670783588	0.001378871463209684	0.1816596319526703
Bracken_custom	CAMI_low_S001	7.64771604117667	7134.8977086863515	0.36334514797232154	1.0	0.5	0.6666666666666666	2.0	2.0	0.0	4.0	0.5	0.00404636356172117	0.002918834322064468	0.18167257398616077
Bracken_original	CAMI_low_S001	11.294856068617818	33496.670876546035	0.36232515817221933	1.0	0.5	0.6666666666666666	2.0	2.0	0.0	4.0	0.5	0.058217709118935985	0.041995200118902565	0.18116257908610967
