tool	sample	Weighted UniFrac error	Unweighted UniFrac error	L1 norm error	Completeness (recall)	Purity (precision)	F1 score	True positives	False positives	False negatives	Taxon counts	Jaccard index	Shannon diversity	Shannon equitability	Bray-Curtis distance
Metalign	CAMI_HIGH_S004	8.618877108910983	14155.971250108314	0.17608121961347298	0.9523809523809523	0.7407407407407407	0.8333333333333334	20.0	7.0	1.0	27.0	0.7142857142857143	2.1039868627604243	0.6383771249306915	0.0880406098067365
Bracken+Kraken2	CAMI_HIGH_S004	8.372902138331227	32137.9554944822	0.31946336092418975	1.0	0.2625	0.4158415841584159	21.0	59.0	0.0	80.0	0.2625	1.9508424190051548	0.4357149126455674	0.15973168046209488
CLARK	CAMI_HIGH_S004	8.445201152927165	47308.023544491145	0.315383922367559	1.0	0.175	0.2978723404255319	21.0	99.0	0.0	120.0	0.175	1.9538156366058947	0.39711853888478865	0.15769196118377957
GOTTCHA	CAMI_HIGH_S004	11.202815887568615	11117.632975016926	1.3848499195033848	0.5714285714285714	0.8	0.6666666666666666	12.0	3.0	9.0	15.0	0.5	1.4381825727404651	0.5310767769944246	0.6924249597516924
MEGAN+DIAMOND	CAMI_HIGH_S004	10.162558910883265	10185.446472115285	0.3203647021429402	0.8095238095238095	0.85	0.8292682926829269	17.0	3.0	4.0	20.0	0.7083333333333334	2.2061865118990394	0.7364431499353336	0.16018235107147014
MetaPhlAn2	CAMI_HIGH_S004	9.681692994799722	11023.88285076754	0.9193590030754498	0.6190476190476191	1.0	0.7647058823529412	13.0	0.0	8.0	13.0	0.6190476190476191	1.9318765656777248	0.7531831223325409	0.4596795015377248
mOTUs2	CAMI_HIGH_S004	7.686378698501966	9803.38300075417	0.0979914825063442	0.9523809523809523	0.8695652173913043	0.909090909090909	20.0	3.0	1.0	23.0	0.8333333333333334	2.0981753155422607	0.6691689319288068	0.048995741253172104
