tool	sample	Weighted UniFrac error	Unweighted UniFrac error	L1 norm error	Completeness (recall)	Purity (precision)	F1 score	True positives	False positives	False negatives	Taxon counts	Jaccard index	Shannon diversity	Shannon equitability	Bray-Curtis distance
Metalign	CAMI_HIGH_S004	8.618877108910983	14155.971250108314	0.3122218422904796	0.9090909090909091	0.7766990291262136	0.837696335078534	80.0	23.0	8.0	103.0	0.7207207207207207	3.6154530635410795	0.7800786351743304	0.15611092114523983
Bracken+Kraken2	CAMI_HIGH_S004	8.372902138331227	32137.9554944822	0.5732375290963984	0.9545454545454546	0.2222222222222222	0.3605150214592274	84.0	294.0	4.0	378.0	0.2198952879581152	3.7797788382427693	0.6086012287646074	0.28661876454819957
CLARK	CAMI_HIGH_S004	8.445201152927165	47308.023544491145	0.5974346023613236	0.9659090909090909	0.1738241308793456	0.2946273830155979	85.0	404.0	3.0	489.0	0.17276422764227642	3.630263600178028	0.5616968983934785	0.2987173011806614
GOTTCHA	CAMI_HIGH_S004	11.202815887568615	11117.632975016926	1.5406996738019567	0.4659090909090909	0.8367346938775511	0.5985401459854014	41.0	8.0	47.0	49.0	0.4270833333333333	1.9041334428910122	0.4892655099762488	0.7703498369009787
MEGAN+DIAMOND	CAMI_HIGH_S004	10.162558910883265	10185.446472115285	0.32177010426138836	0.8409090909090909	0.8505747126436781	0.8457142857142856	74.0	13.0	14.0	87.0	0.7326732673267327	3.7471914502008663	0.8390659526890937	0.16088505213069415
MetaPhlAn2	CAMI_HIGH_S004	9.681692994799722	11023.88285076754	1.1957232699286464	0.6363636363636364	0.9824561403508771	0.7724137931034484	56.0	1.0	32.0	57.0	0.6292134831460674	3.000330533224439	0.7420955942592857	0.5978616349643233
mOTUs2	CAMI_HIGH_S004	7.686378698501966	9803.38300075417	0.2744544329675513	0.8863636363636364	0.8571428571428571	0.8715083798882681	78.0	13.0	10.0	91.0	0.7722772277227723	3.648134742186309	0.8087449269736378	0.1372272164837756
