tool	sample	Weighted UniFrac error	Unweighted UniFrac error	L1 norm error	Completeness (recall)	Purity (precision)	F1 score	True positives	False positives	False negatives	Taxon counts	Jaccard index	Shannon diversity	Shannon equitability	Bray-Curtis distance
Metalign	CAMI_HIGH_S004	8.618877108911006	14155.971250108314	0.3122218422904797	0.9090909090909091	0.7766990291262136	0.837696335078534	80.0	23.0	8.0	103.0	0.7207207207207207	3.6154530635410786	0.7800786351743302	0.15611092114523986
Bracken+Kraken2	CAMI_HIGH_S004	8.372902138331394	32137.955494482234	0.5732375290963982	0.9545454545454546	0.2222222222222222	0.3605150214592274	84.0	294.0	4.0	378.0	0.2198952879581152	3.7797788382427693	0.6086012287646074	0.2866187645481996
CLARK	CAMI_HIGH_S004	8.445201152926995	47308.02354449113	0.5974346023613237	0.9659090909090909	0.1738241308793456	0.2946273830155979	85.0	404.0	3.0	489.0	0.17276422764227642	3.6302636001780275	0.5616968983934785	0.2987173011806614
GOTTCHA	CAMI_HIGH_S004	11.202815887568635	11117.632975016924	1.5406996738019583	0.4659090909090909	0.8367346938775511	0.5985401459854014	41.0	8.0	47.0	49.0	0.4270833333333333	1.9041334428910124	0.48926550997624885	0.7703498369009785
MEGAN+DIAMOND	CAMI_HIGH_S004	10.162558910883257	10185.446472115282	0.32177010426138836	0.8409090909090909	0.8505747126436781	0.8457142857142856	74.0	13.0	14.0	87.0	0.7326732673267327	3.747191450200865	0.8390659526890933	0.16088505213069418
MetaBinG2	CAMI_HIGH_S004	11.756104685778116	11644.369838545435	1.5714194956293301	0.06818181818181818	0.8571428571428571	0.1263157894736842	6.0	1.0	82.0	7.0	0.06741573033707865	1.2930814283113201	0.664512402558297	0.7857097478146647
MetaPhlAn2	CAMI_HIGH_S004	9.681692994799741	11023.882850767543	1.1957232699286466	0.6363636363636364	0.9824561403508771	0.7724137931034484	56.0	1.0	32.0	57.0	0.6292134831460674	3.0003305332244388	0.7420955942592856	0.5978616349643233
mOTUs2	CAMI_HIGH_S004	7.686378698501971	9803.38300075417	0.27445443296755123	0.8863636363636364	0.8571428571428571	0.8715083798882681	78.0	13.0	10.0	91.0	0.7722772277227723	3.6481347421863073	0.8087449269736373	0.13722721648377564
