tool	sample	Weighted UniFrac error	Unweighted UniFrac error	L1 norm error	Completeness (recall)	Purity (precision)	F1 score	True positives	False positives	False negatives	Taxon counts	Jaccard index	Shannon diversity	Shannon equitability	Bray-Curtis distance
Metalign	CAMI_HIGH_S004	8.618877108910983	14155.971250108314	0.4702922972451868	0.8608247422680413	0.7389380530973452	0.7952380952380953	167.0	59.0	27.0	226.0	0.6600790513833992	4.408551422533871	0.8133055912609595	0.23514614862259353
Bracken+Kraken2	CAMI_HIGH_S004	8.372902138331227	32137.9554944822	1.035985753782058	0.6494845360824743	0.1005586592178771	0.1741534208707671	126.0	1127.0	68.0	1253.0	0.09538228614685844	4.879456034595918	0.6448923425258716	0.5179928768910312
CLARK	CAMI_HIGH_S004	8.445201152927165	47308.023544491145	1.037425269458111	0.634020618556701	0.08249496981891348	0.1459940652818991	123.0	1368.0	71.0	1491.0	0.07874519846350832	4.635385669131408	0.6169685567502167	0.518712634729056
GOTTCHA	CAMI_HIGH_S004	11.202815887568615	11117.632975016926	1.7573927211868285	0.2422680412371134	0.6527777777777778	0.3533834586466165	47.0	25.0	147.0	72.0	0.2146118721461187	2.075914938203868	0.4854049580754926	0.8786963605934143
MEGAN+DIAMOND	CAMI_HIGH_S004	10.162558910883265	10185.446472115285	0.5085422368976763	0.7371134020618557	0.910828025477707	0.8148148148148148	143.0	14.0	51.0	157.0	0.6875	4.426091728222268	0.8753711545313944	0.2542711184488382
MetaPhlAn2	CAMI_HIGH_S004	9.681692994799722	11023.88285076754	1.4914930510868465	0.30927835051546393	0.7407407407407407	0.43636363636363634	60.0	21.0	134.0	81.0	0.27906976744186046	3.1391555646637226	0.71434563336021	0.7457465255434235
mOTUs2	CAMI_HIGH_S004	7.686378698501966	9803.38300075417	0.39650236903995373	0.8195876288659794	0.8502673796791443	0.8346456692913384	159.0	28.0	35.0	187.0	0.7162162162162162	4.452577420867566	0.851172810008456	0.19825118451997692
