tool	sample	Weighted UniFrac error	Unweighted UniFrac error	L1 norm error	Completeness (recall)	Purity (precision)	F1 score	True positives	False positives	False negatives	Taxon counts	Jaccard index	Shannon diversity	Shannon equitability	Bray-Curtis distance
Metalign	CAMI_HIGH_S004	8.618877108911006	14155.971250108314	0.7015980419359242	0.925	0.6491228070175439	0.7628865979381444	37.0	20.0	3.0	57.0	0.6166666666666667	2.9708630837845065	0.7348071758129583	0.350799020967962
Bracken+Kraken2	CAMI_HIGH_S004	8.372902138331394	32137.955494482234	0.878755944803962	1.0	0.2222222222222222	0.3636363636363636	40.0	140.0	0.0	180.0	0.2222222222222222	3.0159812898227982	0.5725251513527969	0.4393779724019816
CLARK	CAMI_HIGH_S004	8.445201152926995	47308.02354449113	0.9035713220237699	1.0	0.1568627450980392	0.2711864406779661	40.0	215.0	0.0	255.0	0.1568627450980392	2.922714507693388	0.5037323126837185	0.45178566101188444
GOTTCHA	CAMI_HIGH_S004	11.202815887568635	11117.632975016924	1.245400451501028	0.575	0.7666666666666667	0.6571428571428571	23.0	7.0	17.0	30.0	0.48936170212765956	2.146672517849943	0.6311519964774495	0.6227002257505145
MEGAN+DIAMOND	CAMI_HIGH_S004	10.162558910883257	10185.446472115282	0.6642119143045393	0.85	0.6938775510204082	0.7640449438202247	34.0	15.0	6.0	49.0	0.6181818181818182	3.060959547052653	0.7865110186456107	0.3321059571522696
MetaBinG2	CAMI_HIGH_S004	11.756104685778116	11644.369838545435	1.64576845851855	0.1	0.5714285714285714	0.1702127659574468	4.0	3.0	36.0	7.0	0.09302325581395349	1.4560531452183751	0.7482632977299849	0.822884229259275
MetaPhlAn2	CAMI_HIGH_S004	9.681692994799741	11023.882850767543	0.9228523194846097	0.7	1.0	0.8235294117647058	28.0	0.0	12.0	28.0	0.7	2.543050251760897	0.7631735219118307	0.4614261597423049
mOTUs2	CAMI_HIGH_S004	7.686378698501971	9803.38300075417	0.6281191470049124	0.9	0.72	0.7999999999999999	36.0	14.0	4.0	50.0	0.6666666666666666	2.939650970585468	0.7514401031145628	0.3140595735024562
