tool	sample	Weighted UniFrac error	Unweighted UniFrac error	L1 norm error	Completeness (recall)	Purity (precision)	F1 score	True positives	False positives	False negatives	Taxon counts	Jaccard index	Shannon diversity	Shannon equitability	Bray-Curtis distance
Metalign	CAMI_HIGH_S004	8.618877108910983	14155.971250108314	0.7015980419359242	0.925	0.6491228070175439	0.7628865979381444	37.0	20.0	3.0	57.0	0.6166666666666667	2.970863083784507	0.7348071758129584	0.3507990209679621
Bracken+Kraken2	CAMI_HIGH_S004	8.372902138331227	32137.9554944822	0.8787559448039624	1.0	0.2222222222222222	0.3636363636363636	40.0	140.0	0.0	180.0	0.2222222222222222	3.0159812898228004	0.5725251513527974	0.4393779724019815
CLARK	CAMI_HIGH_S004	8.445201152927165	47308.023544491145	0.9035713220237708	1.0	0.1568627450980392	0.2711864406779661	40.0	215.0	0.0	255.0	0.1568627450980392	2.9227145076933874	0.5037323126837185	0.4517856610118844
GOTTCHA	CAMI_HIGH_S004	11.202815887568615	11117.632975016926	1.2454004515010282	0.575	0.7666666666666667	0.6571428571428571	23.0	7.0	17.0	30.0	0.48936170212765956	2.146672517849942	0.6311519964774492	0.6227002257505142
MEGAN+DIAMOND	CAMI_HIGH_S004	10.162558910883265	10185.446472115285	0.6642119143045393	0.85	0.6938775510204082	0.7640449438202247	34.0	15.0	6.0	49.0	0.6181818181818182	3.060959547052653	0.7865110186456107	0.33210595715226976
MetaPhlAn2	CAMI_HIGH_S004	9.681692994799722	11023.88285076754	0.9228523194846098	0.7	1.0	0.8235294117647058	28.0	0.0	12.0	28.0	0.7	2.543050251760898	0.763173521911831	0.4614261597423048
mOTUs2	CAMI_HIGH_S004	7.686378698501966	9803.38300075417	0.6281191470049123	0.9	0.72	0.7999999999999999	36.0	14.0	4.0	50.0	0.6666666666666666	2.939650970585467	0.7514401031145626	0.31405957350245617
