tool	sample	Weighted UniFrac error	Unweighted UniFrac error	L1 norm error	Completeness (recall)	Purity (precision)	F1 score	True positives	False positives	False negatives	Taxon counts	Jaccard index	Shannon diversity	Shannon equitability	Bray-Curtis distance
Metalign	CAMI_HIGH_S004	8.618877108911006	14155.971250108314	0.0775614170438685	0.9166666666666666	0.8461538461538461	0.8799999999999999	11.0	2.0	1.0	13.0	0.7857142857142857	1.2310668159147657	0.4799575525082181	0.03878070852193425
Bracken+Kraken2	CAMI_HIGH_S004	8.372902138331394	32137.955494482234	0.22841986497287517	1.0	0.2926829268292683	0.45283018867924524	12.0	29.0	0.0	41.0	0.2926829268292683	1.169038231401725	0.30710319986163537	0.1142099324864377
CLARK	CAMI_HIGH_S004	8.445201152926995	47308.02354449113	0.21745723649650814	1.0	0.22641509433962265	0.36923076923076925	12.0	41.0	0.0	53.0	0.22641509433962265	1.1429031353163182	0.2852029223644444	0.10872861824825407
GOTTCHA	CAMI_HIGH_S004	11.202815887568635	11117.632975016924	0.693636446185254	0.4166666666666667	1.0	0.5882352941176471	5.0	0.0	7.0	5.0	0.4166666666666667	0.8551560568495622	0.5313383326208785	0.34681822309262705
MEGAN+DIAMOND	CAMI_HIGH_S004	10.162558910883257	10185.446472115282	0.18431575066377792	0.75	1.0	0.8571428571428571	9.0	0.0	3.0	9.0	0.75	1.2989947457617108	0.5911979863872324	0.09215787533188896
MetaBinG2	CAMI_HIGH_S004	11.756104685778116	11644.369838545435	0.3426133807038599	0.3333333333333333	1.0	0.5	4.0	0.0	8.0	4.0	0.3333333333333333	1.0507133299665412	0.7579294552693291	0.1713066903519299
MetaPhlAn2	CAMI_HIGH_S004	9.681692994799741	11023.882850767543	0.442710884869782	0.5	1.0	0.6666666666666666	6.0	0.0	6.0	6.0	0.5	1.1155320245298246	0.6225902771483217	0.221355442434891
mOTUs2	CAMI_HIGH_S004	7.686378698501971	9803.38300075417	0.06469378852937618	0.9166666666666666	1.0	0.9565217391304348	11.0	0.0	1.0	11.0	0.9166666666666666	1.2876944729696451	0.5370103054863156	0.03234689426468809
