tool	sample	Weighted UniFrac error	Unweighted UniFrac error	L1 norm error	Completeness (recall)	Purity (precision)	F1 score	True positives	False positives	False negatives	Taxon counts	Jaccard index	Shannon diversity	Shannon equitability	Bray-Curtis distance
Metalign	CAMI_HIGH_S004	8.618877108910983	14155.971250108314	0.07756141704386851	0.9166666666666666	0.8461538461538461	0.8799999999999999	11.0	2.0	1.0	13.0	0.7857142857142857	1.2310668159147653	0.4799575525082179	0.038780708521934264
Bracken+Kraken2	CAMI_HIGH_S004	8.372902138331227	32137.9554944822	0.22841986497287525	1.0	0.2926829268292683	0.45283018867924524	12.0	29.0	0.0	41.0	0.2926829268292683	1.1690382314017254	0.3071031998616355	0.11420993248643768
CLARK	CAMI_HIGH_S004	8.445201152927165	47308.023544491145	0.21745723649650806	1.0	0.22641509433962265	0.36923076923076925	12.0	41.0	0.0	53.0	0.22641509433962265	1.1429031353163184	0.28520292236444444	0.10872861824825408
GOTTCHA	CAMI_HIGH_S004	11.202815887568615	11117.632975016926	0.693636446185254	0.4166666666666667	1.0	0.5882352941176471	5.0	0.0	7.0	5.0	0.4166666666666667	0.8551560568495621	0.5313383326208784	0.346818223092627
MEGAN+DIAMOND	CAMI_HIGH_S004	10.162558910883265	10185.446472115285	0.18431575066377795	0.75	1.0	0.8571428571428571	9.0	0.0	3.0	9.0	0.75	1.2989947457617106	0.5911979863872323	0.09215787533188895
MetaPhlAn2	CAMI_HIGH_S004	9.681692994799722	11023.88285076754	0.4427108848697819	0.5	1.0	0.6666666666666666	6.0	0.0	6.0	6.0	0.5	1.1155320245298244	0.6225902771483216	0.22135544243489094
mOTUs2	CAMI_HIGH_S004	7.686378698501966	9803.38300075417	0.06469378852937618	0.9166666666666666	1.0	0.9565217391304348	11.0	0.0	1.0	11.0	0.9166666666666666	1.2876944729696453	0.5370103054863157	0.032346894264688085
