tool	sample	Weighted UniFrac error	Unweighted UniFrac error	L1 norm error	Completeness (recall)	Purity (precision)	F1 score	True positives	False positives	False negatives	Taxon counts	Jaccard index	Shannon diversity	Shannon equitability	Bray-Curtis distance
Metalign	CAMI_HIGH_S004	8.618877108910983	14155.971250108314	1.7689717068425082	0.6584362139917695	0.10276172125883108	0.17777777777777776	160.0	1397.0	83.0	1557.0	0.0975609756097561	6.290356967454899	0.8557707813171734	0.8844858534212557
Bracken+Kraken2	CAMI_HIGH_S004	8.372902138331227	32137.9554944822	1.9727520693852267	0.06584362139917696	0.003795066413662239	0.007176496972415339	16.0	4200.0	227.0	4216.0	0.0036011703803736214	6.65863025321422	0.750232108648813	0.9863760346925793
CLARK	CAMI_HIGH_S004	8.445201152927165	47308.023544491145	1.9710048903640132	0.07407407407407407	0.003486345148169669	0.006659267480577136	18.0	5145.0	225.0	5163.0	0.0033407572383073497	6.254445041441255	0.7215680416082467	0.9855024451820086
GOTTCHA	CAMI_HIGH_S004	11.202815887568615	11117.632975016926	1.9912255081390342	0.00823045267489712	0.02	0.011661807580174927	2.0	98.0	241.0	100.0	0.005865102639296188	2.032562314377982	0.44136529862943	0.9956127540695167
MEGAN+DIAMOND	CAMI_HIGH_S004	10.162558910883265	10185.446472115285	1.8372749843756933	0.3292181069958848	0.6060606060606061	0.4266666666666667	80.0	52.0	163.0	132.0	0.2711864406779661	4.614219359096423	0.9449941718406464	0.9186374921878471
MetaPhlAn2	CAMI_HIGH_S004	9.681692994799722	11023.88285076754	1.9705288915236527	0.0205761316872428	0.09615384615384616	0.03389830508474576	5.0	47.0	238.0	52.0	0.017241379310344827	2.395575626996688	0.6062839444023832	0.9852644457618257
mOTUs2	CAMI_HIGH_S004	7.686378698501966	9803.38300075417	1.821938543154889	0.49794238683127573	0.4074074074074074	0.44814814814814813	121.0	176.0	122.0	297.0	0.28878281622911695	5.2143517125820535	0.9158055885780654	0.9109692715774454
