tool	sample	Weighted UniFrac error	Unweighted UniFrac error	L1 norm error	Completeness (recall)	Purity (precision)	F1 score	True positives	False positives	False negatives	Taxon counts	Jaccard index	Shannon diversity	Shannon equitability	Bray-Curtis distance
Metalign	CAMI_HIGH_S004	8.618877108911006	14155.971250108314	1.7689717068425097	0.6584362139917695	0.10276172125883108	0.17777777777777776	160.0	1397.0	83.0	1557.0	0.0975609756097561	6.2903569674549	0.8557707813171735	0.8844858534212559
Bracken+Kraken2	CAMI_HIGH_S004	8.372902138331394	32137.955494482234	1.9727520693851364	0.06584362139917696	0.003795066413662239	0.007176496972415339	16.0	4200.0	227.0	4216.0	0.0036011703803736214	6.658630253214228	0.7502321086488138	0.9863760346925793
CLARK	CAMI_HIGH_S004	8.445201152926995	47308.02354449113	1.9710048903640336	0.07407407407407407	0.003486345148169669	0.006659267480577136	18.0	5145.0	225.0	5163.0	0.0033407572383073497	6.254445041441241	0.7215680416082451	0.9855024451820086
GOTTCHA	CAMI_HIGH_S004	11.202815887568635	11117.632975016924	1.9912255081390366	0.00823045267489712	0.02	0.011661807580174927	2.0	98.0	241.0	100.0	0.005865102639296188	2.0325623143779823	0.4413652986294301	0.9956127540695165
MEGAN+DIAMOND	CAMI_HIGH_S004	10.162558910883257	10185.446472115282	1.8372749843756941	0.3292181069958848	0.6060606060606061	0.4266666666666667	80.0	52.0	163.0	132.0	0.2711864406779661	4.614219359096424	0.9449941718406465	0.9186374921878468
MetaBinG2	CAMI_HIGH_S004	11.756104685778116	11644.369838545435	1.99481580394313	0.00411522633744856	0.1111111111111111	0.007936507936507938	1.0	8.0	242.0	9.0	0.00398406374501992	1.7184799100557475	0.7821139121514503	0.9974079019715654
MetaPhlAn2	CAMI_HIGH_S004	9.681692994799741	11023.882850767543	1.9705288915236514	0.0205761316872428	0.09615384615384616	0.03389830508474576	5.0	47.0	238.0	52.0	0.017241379310344827	2.3955756269966884	0.6062839444023833	0.9852644457618257
mOTUs2	CAMI_HIGH_S004	7.686378698501971	9803.38300075417	1.8219385431548916	0.49794238683127573	0.4074074074074074	0.44814814814814813	121.0	176.0	122.0	297.0	0.28878281622911695	5.214351712582055	0.9158055885780657	0.9109692715774453
