tool	sample	Weighted UniFrac error	Unweighted UniFrac error	L1 norm error	Completeness (recall)	Purity (precision)	F1 score	True positives	False positives	False negatives	Taxon counts	Jaccard index	Shannon diversity	Shannon equitability	Bray-Curtis distance
Metalign	CAMI_HIGH_S004	8.618877108911006	14155.971250108314	1.9300782097653664	0.05493482309124767	0.03789338471419396	0.044849866970733565	59.0	1498.0	1015.0	1557.0	0.022939346811819597	6.290356967454902	0.8557707813171738	0.9650391048826853
Bracken+Kraken2	CAMI_HIGH_S004	8.372902138331394	32137.955494482234	na	0.0	0.0	na	0.0	0.0	1074.0	0.0	0.0	na	na	na
CLARK	CAMI_HIGH_S004	8.445201152926995	47308.02354449113	na	0.0	0.0	na	0.0	0.0	1074.0	0.0	0.0	na	na	na
GOTTCHA	CAMI_HIGH_S004	11.202815887568635	11117.632975016924	na	0.0	0.0	na	0.0	0.0	1074.0	0.0	0.0	na	na	na
MEGAN+DIAMOND	CAMI_HIGH_S004	10.162558910883257	10185.446472115282	1.9999999999999991	0.0	0.0	na	0.0	60.0	1074.0	60.0	0.0	3.3474474221750463	0.8175783379497267	1.0
MetaBinG2	CAMI_HIGH_S004	11.756104685778116	11644.369838545435	1.999999999999999	0.0	0.0	na	0.0	8.0	1074.0	8.0	0.0	1.7035232957558777	0.8192215369419427	1.0
MetaPhlAn2	CAMI_HIGH_S004	9.681692994799741	11023.882850767543	na	0.0	0.0	na	0.0	0.0	1074.0	0.0	0.0	na	na	na
mOTUs2	CAMI_HIGH_S004	7.686378698501971	9803.38300075417	na	0.0	0.0	na	0.0	0.0	1074.0	0.0	0.0	na	na	na
