tool	sample	Weighted UniFrac error	Unweighted UniFrac error	L1 norm error	Completeness (recall)	Purity (precision)	F1 score	True positives	False positives	False negatives	Taxon counts	Jaccard index	Shannon diversity	Shannon equitability	Bray-Curtis distance
Metalign	CAMI_HIGH_S004	8.618877108910983	14155.971250108314	1.9300782097653733	0.05493482309124767	0.03789338471419396	0.044849866970733565	59.0	1498.0	1015.0	1557.0	0.022939346811819597	6.2903569674549065	0.8557707813171744	0.9650391048826853
Bracken+Kraken2	CAMI_HIGH_S004	8.372902138331227	32137.9554944822	na	0.0	0.0	na	0.0	0.0	1074.0	0.0	0.0	na	na	na
CLARK	CAMI_HIGH_S004	8.445201152927165	47308.023544491145	na	0.0	0.0	na	0.0	0.0	1074.0	0.0	0.0	na	na	na
GOTTCHA	CAMI_HIGH_S004	11.202815887568615	11117.632975016926	na	0.0	0.0	na	0.0	0.0	1074.0	0.0	0.0	na	na	na
MEGAN+DIAMOND	CAMI_HIGH_S004	10.162558910883265	10185.446472115285	2.000000000000005	0.0	0.0	na	0.0	60.0	1074.0	60.0	0.0	3.3474474221750463	0.8175783379497267	1.0
MetaPhlAn2	CAMI_HIGH_S004	9.681692994799722	11023.88285076754	na	0.0	0.0	na	0.0	0.0	1074.0	0.0	0.0	na	na	na
mOTUs2	CAMI_HIGH_S004	7.686378698501966	9803.38300075417	na	0.0	0.0	na	0.0	0.0	1074.0	0.0	0.0	na	na	na
