tool	sample	Weighted UniFrac error	Unweighted UniFrac error	L1 norm error	Completeness (recall)	Purity (precision)	F1 score	True positives	False positives	False negatives	Taxon counts	Jaccard index	Shannon diversity	Shannon equitability	Bray-Curtis distance
Metalign	CAMI_HIGH_S004	8.618877108910983	14155.971250108314	0.031249414954229515	1.0	0.5	0.6666666666666666	2.0	2.0	0.0	4.0	0.5	0.12020909536508136	0.08671253287647568	0.015624707477114754
Bracken+Kraken2	CAMI_HIGH_S004	8.372902138331227	32137.9554944822	0.011395974295974366	1.0	0.5	0.6666666666666666	2.0	2.0	0.0	4.0	0.5	0.10139439372516573	0.07314059450061981	0.005697987147987183
CLARK	CAMI_HIGH_S004	8.445201152927165	47308.023544491145	0.026825818070043785	1.0	0.5	0.6666666666666666	2.0	2.0	0.0	4.0	0.5	0.1245722439630508	0.08985987929895176	0.01341290903502189
GOTTCHA	CAMI_HIGH_S004	11.202815887568615	11117.632975016926	0.283591173478814	1.0	1.0	1.0	2.0	0.0	0.0	2.0	1.0	0.4306868214568969	0.6213497414920955	0.141795586739407
MEGAN+DIAMOND	CAMI_HIGH_S004	10.162558910883265	10185.446472115285	0.01383042570402561	1.0	1.0	1.0	2.0	0.0	0.0	2.0	1.0	0.03635465211978363	0.052448676326455286	0.006915212852012805
MetaPhlAn2	CAMI_HIGH_S004	9.681692994799722	11023.88285076754	0.16348297429597433	1.0	1.0	1.0	2.0	0.0	0.0	2.0	1.0	0.3130386134139046	0.45161925517899754	0.08174148714798717
mOTUs2	CAMI_HIGH_S004	7.686378698501966	9803.38300075417	0.005294372502208926	1.0	1.0	1.0	2.0	0.0	0.0	2.0	1.0	0.056940632424614494	0.08214796802407265	0.002647186251104463
