tool	sample	Weighted UniFrac error	Unweighted UniFrac error	L1 norm error	Completeness (recall)	Purity (precision)	F1 score	True positives	False positives	False negatives	Taxon counts	Jaccard index	Shannon diversity	Shannon equitability	Bray-Curtis distance
Metalign	CAMI_HIGH_S004	8.793931311701906	10048.643172304608	0.17690891158861227	0.7619047619047619	0.8	0.7804878048780488	16.0	4.0	5.0	20.0	0.64	2.0884126993696217	0.6971292854858591	0.08845445579430611
Bracken+Kraken2	CAMI_HIGH_S004	8.393697775268222	10343.434312871788	0.323042452861493	0.6666666666666666	0.7777777777777778	0.717948717948718	14.0	4.0	7.0	18.0	0.56	1.887641638559944	0.6530791872717145	0.1615212264307465
CLARK	CAMI_HIGH_S004	8.617893905981242	11251.47679930864	0.3158797488721374	0.5714285714285714	1.0	0.7272727272727273	12.0	0.0	9.0	12.0	0.5714285714285714	1.8955912910607482	0.762842053331247	0.1579398744360687
GOTTCHA	CAMI_HIGH_S004	11.236970619621188	11395.68105468615	1.3863337199006438	0.42857142857142855	0.8181818181818182	0.5625	9.0	2.0	12.0	11.0	0.391304347826087	1.4304845251390976	0.5965583824141353	0.6931668599503217
MEGAN+DIAMOND	CAMI_HIGH_S004	10.193860397137335	10261.396873718488	0.32160809747695673	0.7142857142857143	0.8333333333333334	0.7692307692307692	15.0	3.0	6.0	18.0	0.625	2.197873065479956	0.7604118949320684	0.16080404873847834
MetaPhlAn2	CAMI_HIGH_S004	9.708973999286895	11259.906581736483	0.9203540661853806	0.5238095238095238	1.0	0.6875000000000001	11.0	0.0	10.0	11.0	0.5238095238095238	1.9269516894100653	0.8036012711936711	0.4601770330926903
mOTUs2	CAMI_HIGH_S004	7.755053995028325	10040.421167745082	0.10001704317339437	0.8095238095238095	0.8947368421052632	0.8500000000000001	17.0	2.0	4.0	19.0	0.7391304347826086	2.0800860502121203	0.7064456301964135	0.050008521586697184
