tool	sample	Weighted UniFrac error	Unweighted UniFrac error	L1 norm error	Completeness (recall)	Purity (precision)	F1 score	True positives	False positives	False negatives	Taxon counts	Jaccard index	Shannon diversity	Shannon equitability	Bray-Curtis distance
Metalign	CAMI_HIGH_S004	8.793931311701906	10048.643172304608	0.3280775382377441	0.6022727272727273	0.8548387096774194	0.7066666666666668	53.0	9.0	35.0	62.0	0.5463917525773195	3.5096790991714806	0.85039128163333	0.16403876911887202
Bracken+Kraken2	CAMI_HIGH_S004	8.393697775268222	10343.434312871788	0.5650022764404827	0.6022727272727273	0.726027397260274	0.6583850931677019	53.0	20.0	35.0	73.0	0.49074074074074076	3.535948545169498	0.8241421679126887	0.2825011382202415
CLARK	CAMI_HIGH_S004	8.617893905981242	11251.47679930864	0.6036762174941551	0.375	0.9705882352941176	0.540983606557377	33.0	1.0	55.0	34.0	0.3707865168539326	3.2065304162806973	0.9093030601656145	0.3018381087470775
GOTTCHA	CAMI_HIGH_S004	11.236970619621188	11395.68105468615	1.54946437968431	0.29545454545454547	0.8666666666666667	0.44067796610169496	26.0	4.0	62.0	30.0	0.2826086956521739	1.8558055194189695	0.5456329966101652	0.774732189842155
MEGAN+DIAMOND	CAMI_HIGH_S004	10.193860397137335	10261.396873718488	0.33309708338783833	0.6818181818181818	0.8823529411764706	0.7692307692307693	60.0	8.0	28.0	68.0	0.625	3.6767266762262265	0.8713638967209264	0.16654854169391922
MetaPhlAn2	CAMI_HIGH_S004	9.708973999286895	11259.906581736483	1.2032397028752728	0.45454545454545453	1.0	0.625	40.0	0.0	48.0	40.0	0.45454545454545453	2.9693781514395927	0.8049539672889184	0.6016198514376364
mOTUs2	CAMI_HIGH_S004	7.755053995028325	10040.421167745082	0.284939732682334	0.7386363636363636	0.8441558441558441	0.7878787878787878	65.0	12.0	23.0	77.0	0.65	3.6040630124653563	0.8297017620387221	0.14246986634116704
