tool	sample	Weighted UniFrac error	Unweighted UniFrac error	L1 norm error	Completeness (recall)	Purity (precision)	F1 score	True positives	False positives	False negatives	Taxon counts	Jaccard index	Shannon diversity	Shannon equitability	Bray-Curtis distance
Metalign	CAMI_HIGH_S004	8.793931311701904	10048.643172304608	0.3280775382377441	0.6022727272727273	0.8548387096774194	0.7066666666666668	53.0	9.0	35.0	62.0	0.5463917525773195	3.5096790991714824	0.8503912816333303	0.16403876911887202
Bracken+Kraken2	CAMI_HIGH_S004	8.39369777526823	10343.434312871786	0.5650022764404826	0.6022727272727273	0.726027397260274	0.6583850931677019	53.0	20.0	35.0	73.0	0.49074074074074076	3.535948545169498	0.8241421679126887	0.2825011382202414
CLARK	CAMI_HIGH_S004	8.617893905981246	11251.47679930864	0.6036762174941548	0.375	0.9705882352941176	0.540983606557377	33.0	1.0	55.0	34.0	0.3707865168539326	3.2065304162806973	0.9093030601656145	0.30183810874707745
GOTTCHA	CAMI_HIGH_S004	11.236970619621195	11395.681054686147	1.5494643796843102	0.29545454545454547	0.8666666666666667	0.44067796610169496	26.0	4.0	62.0	30.0	0.2826086956521739	1.8558055194189698	0.5456329966101653	0.7747321898421551
MEGAN+DIAMOND	CAMI_HIGH_S004	10.193860397137348	10261.396873718491	0.33309708338783833	0.6818181818181818	0.8823529411764706	0.7692307692307693	60.0	8.0	28.0	68.0	0.625	3.676726676226226	0.8713638967209263	0.16654854169391922
MetaBinG2	CAMI_HIGH_S004	11.756104685778118	11644.369838545435	1.571419495629329	0.06818181818181818	0.8571428571428571	0.1263157894736842	6.0	1.0	82.0	7.0	0.06741573033707865	1.29308142831132	0.6645124025582969	0.7857097478146647
MetaPhlAn2	CAMI_HIGH_S004	9.7089739992869	11259.90658173648	1.2032397028752728	0.45454545454545453	1.0	0.625	40.0	0.0	48.0	40.0	0.45454545454545453	2.9693781514395927	0.8049539672889184	0.6016198514376365
mOTUs2	CAMI_HIGH_S004	7.755053995028327	10040.42116774508	0.2849397326823341	0.7386363636363636	0.8441558441558441	0.7878787878787878	65.0	12.0	23.0	77.0	0.65	3.604063012465357	0.8297017620387223	0.1424698663411671
