tool	sample	Weighted UniFrac error	Unweighted UniFrac error	L1 norm error	Completeness (recall)	Purity (precision)	F1 score	True positives	False positives	False negatives	Taxon counts	Jaccard index	Shannon diversity	Shannon equitability	Bray-Curtis distance
Metalign	CAMI_HIGH_S004	8.793931311701904	10048.643172304608	0.5153027705086435	0.5721649484536082	0.8604651162790697	0.6873065015479876	111.0	18.0	83.0	129.0	0.5235849056603774	4.228377499800243	0.8700701072340329	0.2576513852543218
Bracken+Kraken2	CAMI_HIGH_S004	8.39369777526823	10343.434312871786	1.0061942056350888	0.39690721649484534	0.5923076923076923	0.47530864197530864	77.0	53.0	117.0	130.0	0.3117408906882591	4.1736567287649065	0.8574478046835947	0.5030971028175449
CLARK	CAMI_HIGH_S004	8.617893905981246	11251.47679930864	1.0699846078384199	0.20103092783505155	0.8478260869565217	0.325	39.0	7.0	155.0	46.0	0.19402985074626866	3.5368712482021936	0.9237927718813107	0.5349923039192104
GOTTCHA	CAMI_HIGH_S004	11.236970619621195	11395.681054686147	1.7699265376792446	0.12371134020618557	0.6857142857142857	0.20960698689956334	24.0	11.0	170.0	35.0	0.11707317073170732	1.9895383373744977	0.5595903137936477	0.8849632688396224
MEGAN+DIAMOND	CAMI_HIGH_S004	10.193860397137348	10261.396873718491	0.516044196476695	0.7010309278350515	0.912751677852349	0.793002915451895	136.0	13.0	58.0	149.0	0.6570048309178744	4.4005796022111925	0.879421826925406	0.2580220982383477
MetaBinG2	CAMI_HIGH_S004	11.756104685778118	11644.369838545435	1.7590938328820758	0.03608247422680412	0.7777777777777778	0.06896551724137931	7.0	2.0	187.0	9.0	0.03571428571428571	1.7184799100557475	0.7821139121514503	0.8795469164410377
MetaPhlAn2	CAMI_HIGH_S004	9.7089739992869	11259.90658173648	1.5037998804640316	0.1958762886597938	0.8085106382978723	0.3153526970954356	38.0	9.0	156.0	47.0	0.18719211822660098	3.0769807346552396	0.7991851359902634	0.7518999402320159
mOTUs2	CAMI_HIGH_S004	7.755053995028327	10040.42116774508	0.4191496881526446	0.6752577319587629	0.8972602739726028	0.7705882352941177	131.0	15.0	63.0	146.0	0.6267942583732058	4.36588815542861	0.8760499146162589	0.20957484407632238
