tool	sample	Weighted UniFrac error	Unweighted UniFrac error	L1 norm error	Completeness (recall)	Purity (precision)	F1 score	True positives	False positives	False negatives	Taxon counts	Jaccard index	Shannon diversity	Shannon equitability	Bray-Curtis distance
Metalign	CAMI_HIGH_S004	8.793931311701906	10048.643172304608	0.5153027705086438	0.5721649484536082	0.8604651162790697	0.6873065015479876	111.0	18.0	83.0	129.0	0.5235849056603774	4.22837749980024	0.8700701072340323	0.2576513852543218
Bracken+Kraken2	CAMI_HIGH_S004	8.393697775268222	10343.434312871788	1.006194205635089	0.39690721649484534	0.5923076923076923	0.47530864197530864	77.0	53.0	117.0	130.0	0.3117408906882591	4.173656728764908	0.857447804683595	0.5030971028175447
CLARK	CAMI_HIGH_S004	8.617893905981242	11251.47679930864	1.0699846078384203	0.20103092783505155	0.8478260869565217	0.325	39.0	7.0	155.0	46.0	0.19402985074626866	3.536871248202194	0.9237927718813108	0.5349923039192104
GOTTCHA	CAMI_HIGH_S004	11.236970619621188	11395.68105468615	1.769926537679244	0.12371134020618557	0.6857142857142857	0.20960698689956334	24.0	11.0	170.0	35.0	0.11707317073170732	1.9895383373744977	0.5595903137936477	0.8849632688396224
MEGAN+DIAMOND	CAMI_HIGH_S004	10.193860397137335	10261.396873718488	0.5160441964766955	0.7010309278350515	0.912751677852349	0.793002915451895	136.0	13.0	58.0	149.0	0.6570048309178744	4.400579602211189	0.8794218269254053	0.25802209823834765
MetaPhlAn2	CAMI_HIGH_S004	9.708973999286895	11259.906581736483	1.5037998804640313	0.1958762886597938	0.8085106382978723	0.3153526970954356	38.0	9.0	156.0	47.0	0.18719211822660098	3.076980734655239	0.7991851359902633	0.7518999402320158
mOTUs2	CAMI_HIGH_S004	7.755053995028325	10040.421167745082	0.41914968815264486	0.6752577319587629	0.8972602739726028	0.7705882352941177	131.0	15.0	63.0	146.0	0.6267942583732058	4.36588815542861	0.8760499146162589	0.20957484407632238
