tool	sample	Weighted UniFrac error	Unweighted UniFrac error	L1 norm error	Completeness (recall)	Purity (precision)	F1 score	True positives	False positives	False negatives	Taxon counts	Jaccard index	Shannon diversity	Shannon equitability	Bray-Curtis distance
Metalign	CAMI_HIGH_S004	8.793931311701904	10048.643172304608	0.7075031067904537	0.675	0.7105263157894737	0.6923076923076923	27.0	11.0	13.0	38.0	0.5294117647058824	2.9112792158659286	0.8003327173657685	0.3537515533952267
Bracken+Kraken2	CAMI_HIGH_S004	8.39369777526823	10343.434312871786	0.8790730414285726	0.7	0.6363636363636364	0.6666666666666666	28.0	16.0	12.0	44.0	0.5	2.896403627375968	0.7653960048447537	0.43953652071428634
CLARK	CAMI_HIGH_S004	8.617893905981246	11251.47679930864	0.9158298274708453	0.5	0.7692307692307693	0.6060606060606061	20.0	6.0	20.0	26.0	0.43478260869565216	2.7467475263516943	0.8430528360033461	0.45791491373542265
GOTTCHA	CAMI_HIGH_S004	11.236970619621195	11395.681054686147	1.2483209714297794	0.4	0.7619047619047619	0.5245901639344264	16.0	5.0	24.0	21.0	0.35555555555555557	2.1135302047971067	0.6942074653841354	0.6241604857148898
MEGAN+DIAMOND	CAMI_HIGH_S004	10.193860397137348	10261.396873718491	0.6702412370262572	0.7	0.7	0.7	28.0	12.0	12.0	40.0	0.5384615384615384	3.02412101019471	0.8197939368341598	0.3351206185131285
MetaBinG2	CAMI_HIGH_S004	11.756104685778118	11644.369838545435	1.64576845851855	0.1	0.5714285714285714	0.1702127659574468	4.0	3.0	36.0	7.0	0.09302325581395349	1.4560531452183747	0.7482632977299847	0.8228842292592751
MetaPhlAn2	CAMI_HIGH_S004	9.7089739992869	11259.90658173648	0.9267939386483616	0.525	1.0	0.6885245901639345	21.0	0.0	19.0	21.0	0.525	2.524585714391908	0.8292222396231365	0.4633969693241809
mOTUs2	CAMI_HIGH_S004	7.755053995028327	10040.42116774508	0.6315326789071684	0.8	0.7272727272727273	0.761904761904762	32.0	12.0	8.0	44.0	0.6153846153846154	2.915058890978493	0.7703257957398281	0.3157663394535841
