tool	sample	Weighted UniFrac error	Unweighted UniFrac error	L1 norm error	Completeness (recall)	Purity (precision)	F1 score	True positives	False positives	False negatives	Taxon counts	Jaccard index	Shannon diversity	Shannon equitability	Bray-Curtis distance
Metalign	CAMI_HIGH_S004	8.793931311701904	10048.643172304608	0.07878177350733305	0.6666666666666666	0.8888888888888888	0.761904761904762	8.0	1.0	4.0	9.0	0.6153846153846154	1.2210428679524032	0.5557205579016055	0.03939088675366652
Bracken+Kraken2	CAMI_HIGH_S004	8.39369777526823	10343.434312871786	0.232328001835587	0.4166666666666667	0.625	0.5	5.0	3.0	7.0	8.0	0.3333333333333333	1.127813728585487	0.5423637577589245	0.11616400091779353
CLARK	CAMI_HIGH_S004	8.617893905981246	11251.47679930864	0.21836156576612958	0.4166666666666667	1.0	0.5882352941176471	5.0	0.0	7.0	5.0	0.4166666666666667	1.1137020302804643	0.6919819781032192	0.10918078288306485
GOTTCHA	CAMI_HIGH_S004	11.236970619621195	11395.681054686147	0.6940438575659738	0.3333333333333333	1.0	0.5	4.0	0.0	8.0	4.0	0.3333333333333333	0.8533904844453707	0.6155911099255832	0.347021928782987
MEGAN+DIAMOND	CAMI_HIGH_S004	10.193860397137348	10261.396873718491	0.18524578783920545	0.5833333333333334	1.0	0.7368421052631579	7.0	0.0	5.0	7.0	0.5833333333333334	1.2890164594001965	0.662423421773086	0.09262289391960274
MetaBinG2	CAMI_HIGH_S004	11.756104685778118	11644.369838545435	0.3426133807038599	0.3333333333333333	1.0	0.5	4.0	0.0	8.0	4.0	0.3333333333333333	1.0507133299665412	0.7579294552693291	0.17130669035192997
MetaPhlAn2	CAMI_HIGH_S004	9.7089739992869	11259.90658173648	0.4428456398426715	0.4166666666666667	1.0	0.5882352941176471	5.0	0.0	7.0	5.0	0.4166666666666667	1.1147006590829414	0.6926024610648556	0.22142281992133583
mOTUs2	CAMI_HIGH_S004	7.755053995028327	10040.42116774508	0.06655394923853947	0.75	1.0	0.8571428571428571	9.0	0.0	3.0	9.0	0.75	1.2790968963794038	0.5821420848705882	0.03327697461926974
