tool	sample	Weighted UniFrac error	Unweighted UniFrac error	L1 norm error	Completeness (recall)	Purity (precision)	F1 score	True positives	False positives	False negatives	Taxon counts	Jaccard index	Shannon diversity	Shannon equitability	Bray-Curtis distance
Metalign	CAMI_HIGH_S004	8.793931311701906	10048.643172304608	0.07878177350733305	0.6666666666666666	0.8888888888888888	0.761904761904762	8.0	1.0	4.0	9.0	0.6153846153846154	1.2210428679524035	0.5557205579016056	0.039390886753666525
Bracken+Kraken2	CAMI_HIGH_S004	8.393697775268222	10343.434312871788	0.232328001835587	0.4166666666666667	0.625	0.5	5.0	3.0	7.0	8.0	0.3333333333333333	1.1278137285854872	0.5423637577589246	0.11616400091779351
CLARK	CAMI_HIGH_S004	8.617893905981242	11251.47679930864	0.2183615657661296	0.4166666666666667	1.0	0.5882352941176471	5.0	0.0	7.0	5.0	0.4166666666666667	1.1137020302804643	0.6919819781032192	0.1091807828830648
GOTTCHA	CAMI_HIGH_S004	11.236970619621188	11395.68105468615	0.6940438575659736	0.3333333333333333	1.0	0.5	4.0	0.0	8.0	4.0	0.3333333333333333	0.8533904844453707	0.6155911099255832	0.34702192878298693
MEGAN+DIAMOND	CAMI_HIGH_S004	10.193860397137335	10261.396873718488	0.18524578783920553	0.5833333333333334	1.0	0.7368421052631579	7.0	0.0	5.0	7.0	0.5833333333333334	1.2890164594001963	0.6624234217730859	0.09262289391960277
MetaPhlAn2	CAMI_HIGH_S004	9.708973999286895	11259.906581736483	0.4428456398426715	0.4166666666666667	1.0	0.5882352941176471	5.0	0.0	7.0	5.0	0.4166666666666667	1.1147006590829414	0.6926024610648556	0.22142281992133578
mOTUs2	CAMI_HIGH_S004	7.755053995028325	10040.421167745082	0.06655394923853947	0.75	1.0	0.8571428571428571	9.0	0.0	3.0	9.0	0.75	1.279096896379404	0.5821420848705883	0.033276974619269734
