tool	sample	Weighted UniFrac error	Unweighted UniFrac error	L1 norm error	Completeness (recall)	Purity (precision)	F1 score	True positives	False positives	False negatives	Taxon counts	Jaccard index	Shannon diversity	Shannon equitability	Bray-Curtis distance
Metalign	CAMI_HIGH_S004	8.793931311701904	10048.643172304608	1.8281793044252337	0.3004115226337449	0.2579505300353357	0.27756653992395436	73.0	210.0	170.0	283.0	0.16114790286975716	5.45196650856197	0.9657280650072116	0.9140896522126181
Bracken+Kraken2	CAMI_HIGH_S004	8.39369777526823	10343.434312871786	1.9733884677681877	0.0411522633744856	0.05555555555555555	0.04728132387706855	10.0	170.0	233.0	180.0	0.024213075060532687	4.690246271410013	0.9031937691925902	0.9866942338840943
CLARK	CAMI_HIGH_S004	8.617893905981246	11251.47679930864	1.9837438911523717	0.012345679012345678	0.08333333333333333	0.02150537634408602	3.0	33.0	240.0	36.0	0.010869565217391304	3.3563383728680187	0.9366040560996819	0.991871945576187
GOTTCHA	CAMI_HIGH_S004	11.236970619621195	11395.681054686147	1.9916397154497922	0.00411522633744856	0.02702702702702703	0.0071428571428571435	1.0	36.0	242.0	37.0	0.0035842293906810036	1.8985766665133477	0.5257878224994172	0.9958198577248961
MEGAN+DIAMOND	CAMI_HIGH_S004	10.193860397137348	10261.396873718491	1.8372749843756924	0.3292181069958848	0.6106870229007634	0.42780748663101603	80.0	51.0	163.0	131.0	0.272108843537415	4.610048764734148	0.9456127535176563	0.9186374921878467
MetaBinG2	CAMI_HIGH_S004	11.756104685778118	11644.369838545435	1.9948158039431285	0.00411522633744856	0.1111111111111111	0.007936507936507938	1.0	8.0	242.0	9.0	0.00398406374501992	1.7184799100557477	0.7821139121514504	0.9974079019715654
MetaPhlAn2	CAMI_HIGH_S004	9.7089739992869	11259.90658173648	1.9707230667126572	0.01646090534979424	0.16666666666666666	0.029962546816479405	4.0	20.0	239.0	24.0	0.015209125475285171	2.337820786344599	0.7356139672714874	0.9853615333563286
mOTUs2	CAMI_HIGH_S004	7.755053995028327	10040.42116774508	1.8259093687780246	0.4609053497942387	0.45901639344262296	0.45995893223819306	112.0	132.0	131.0	244.0	0.2986666666666667	5.1484433080604255	0.9365628078056176	0.9129546843890128
