tool	sample	Weighted UniFrac error	Unweighted UniFrac error	L1 norm error	Completeness (recall)	Purity (precision)	F1 score	True positives	False positives	False negatives	Taxon counts	Jaccard index	Shannon diversity	Shannon equitability	Bray-Curtis distance
Metalign	CAMI_HIGH_S004	8.793931311701906	10048.643172304608	1.8281793044252366	0.3004115226337449	0.2579505300353357	0.27756653992395436	73.0	210.0	170.0	283.0	0.16114790286975716	5.4519665085619655	0.9657280650072109	0.914089652212618
Bracken+Kraken2	CAMI_HIGH_S004	8.393697775268222	10343.434312871788	1.9733884677681908	0.0411522633744856	0.05555555555555555	0.04728132387706855	10.0	170.0	233.0	180.0	0.024213075060532687	4.690246271410014	0.9031937691925904	0.9866942338840943
CLARK	CAMI_HIGH_S004	8.617893905981242	11251.47679930864	1.983743891152374	0.012345679012345678	0.08333333333333333	0.02150537634408602	3.0	33.0	240.0	36.0	0.010869565217391304	3.3563383728680187	0.9366040560996819	0.991871945576187
GOTTCHA	CAMI_HIGH_S004	11.236970619621188	11395.68105468615	1.991639715449793	0.00411522633744856	0.02702702702702703	0.0071428571428571435	1.0	36.0	242.0	37.0	0.0035842293906810036	1.8985766665133477	0.5257878224994172	0.9958198577248961
MEGAN+DIAMOND	CAMI_HIGH_S004	10.193860397137335	10261.396873718488	1.8372749843756946	0.3292181069958848	0.6106870229007634	0.42780748663101603	80.0	51.0	163.0	131.0	0.272108843537415	4.610048764734148	0.9456127535176563	0.9186374921878468
MetaPhlAn2	CAMI_HIGH_S004	9.708973999286895	11259.906581736483	1.9707230667126578	0.01646090534979424	0.16666666666666666	0.029962546816479405	4.0	20.0	239.0	24.0	0.015209125475285171	2.3378207863445994	0.7356139672714875	0.9853615333563286
mOTUs2	CAMI_HIGH_S004	7.755053995028325	10040.421167745082	1.825909368778027	0.4609053497942387	0.45901639344262296	0.45995893223819306	112.0	132.0	131.0	244.0	0.2986666666666667	5.148443308060431	0.9365628078056186	0.9129546843890128
