tool	sample	Weighted UniFrac error	Unweighted UniFrac error	L1 norm error	Completeness (recall)	Purity (precision)	F1 score	True positives	False positives	False negatives	Taxon counts	Jaccard index	Shannon diversity	Shannon equitability	Bray-Curtis distance
Metalign	CAMI_HIGH_S004	8.793931311701906	10048.643172304608	1.9497701506895504	0.025139664804469275	0.09540636042402827	0.03979366249078851	27.0	256.0	1047.0	283.0	0.02030075187969925	5.451966508561969	0.9657280650072115	0.974885075344774
Bracken+Kraken2	CAMI_HIGH_S004	8.393697775268222	10343.434312871788	na	0.0	0.0	na	0.0	0.0	1074.0	0.0	0.0	na	na	na
CLARK	CAMI_HIGH_S004	8.617893905981242	11251.47679930864	na	0.0	0.0	na	0.0	0.0	1074.0	0.0	0.0	na	na	na
GOTTCHA	CAMI_HIGH_S004	11.236970619621188	11395.68105468615	na	0.0	0.0	na	0.0	0.0	1074.0	0.0	0.0	na	na	na
MEGAN+DIAMOND	CAMI_HIGH_S004	10.193860397137335	10261.396873718488	2.000000000000003	0.0	0.0	na	0.0	50.0	1074.0	50.0	0.0	3.3314960714066255	0.8516044171478523	1.0
MetaPhlAn2	CAMI_HIGH_S004	9.708973999286895	11259.906581736483	na	0.0	0.0	na	0.0	0.0	1074.0	0.0	0.0	na	na	na
mOTUs2	CAMI_HIGH_S004	7.755053995028325	10040.421167745082	na	0.0	0.0	na	0.0	0.0	1074.0	0.0	0.0	na	na	na
