tool	sample	Weighted UniFrac error	Unweighted UniFrac error	L1 norm error	Completeness (recall)	Purity (precision)	F1 score	True positives	False positives	False negatives	Taxon counts	Jaccard index	Shannon diversity	Shannon equitability	Bray-Curtis distance
Metalign	CAMI_HIGH_S004	8.793931311701904	10048.643172304608	1.9497701506895482	0.025139664804469275	0.09540636042402827	0.03979366249078851	27.0	256.0	1047.0	283.0	0.02030075187969925	5.451966508561971	0.9657280650072118	0.974885075344774
Bracken+Kraken2	CAMI_HIGH_S004	8.39369777526823	10343.434312871786	na	0.0	0.0	na	0.0	0.0	1074.0	0.0	0.0	na	na	na
CLARK	CAMI_HIGH_S004	8.617893905981246	11251.47679930864	na	0.0	0.0	na	0.0	0.0	1074.0	0.0	0.0	na	na	na
GOTTCHA	CAMI_HIGH_S004	11.236970619621195	11395.681054686147	na	0.0	0.0	na	0.0	0.0	1074.0	0.0	0.0	na	na	na
MEGAN+DIAMOND	CAMI_HIGH_S004	10.193860397137348	10261.396873718491	2.0000000000000018	0.0	0.0	na	0.0	50.0	1074.0	50.0	0.0	3.331496071406626	0.8516044171478524	1.0
MetaBinG2	CAMI_HIGH_S004	11.756104685778118	11644.369838545435	2.0000000000000013	0.0	0.0	na	0.0	8.0	1074.0	8.0	0.0	1.7035232957558772	0.8192215369419424	1.0
MetaPhlAn2	CAMI_HIGH_S004	9.7089739992869	11259.90658173648	na	0.0	0.0	na	0.0	0.0	1074.0	0.0	0.0	na	na	na
mOTUs2	CAMI_HIGH_S004	7.755053995028327	10040.42116774508	na	0.0	0.0	na	0.0	0.0	1074.0	0.0	0.0	na	na	na
