tool	sample	Weighted UniFrac error	Unweighted UniFrac error	L1 norm error	Completeness (recall)	Purity (precision)	F1 score	True positives	False positives	False negatives	Taxon counts	Jaccard index	Shannon diversity	Shannon equitability	Bray-Curtis distance
Metalign	CAMI_HIGH_S004	8.793931311701906	10048.643172304608	0.031249414954229518	1.0	0.5	0.6666666666666666	2.0	2.0	0.0	4.0	0.5	0.12020909536508136	0.08671253287647568	0.015624707477114759
Bracken+Kraken2	CAMI_HIGH_S004	8.393697775268222	10343.434312871788	0.010551564199632848	1.0	0.6666666666666666	0.8	2.0	1.0	0.0	3.0	0.6666666666666666	0.09767324378305742	0.08890601788322473	0.005275782099816423
CLARK	CAMI_HIGH_S004	8.617893905981242	11251.47679930864	0.02567969473740363	1.0	1.0	1.0	2.0	0.0	0.0	2.0	1.0	0.1194317898759102	0.17230365097846836	0.012839847368701815
GOTTCHA	CAMI_HIGH_S004	11.236970619621188	11395.68105468615	0.283591173478814	1.0	1.0	1.0	2.0	0.0	0.0	2.0	1.0	0.4306868214568969	0.6213497414920955	0.141795586739407
MEGAN+DIAMOND	CAMI_HIGH_S004	10.193860397137335	10261.396873718488	0.01383042570402561	1.0	1.0	1.0	2.0	0.0	0.0	2.0	1.0	0.03635465211978363	0.052448676326455286	0.006915212852012805
MetaPhlAn2	CAMI_HIGH_S004	9.708973999286895	11259.906581736483	0.16348297429597433	1.0	1.0	1.0	2.0	0.0	0.0	2.0	1.0	0.3130386134139046	0.45161925517899754	0.08174148714798717
mOTUs2	CAMI_HIGH_S004	7.755053995028325	10040.421167745082	0.005294372502208926	1.0	1.0	1.0	2.0	0.0	0.0	2.0	1.0	0.056940632424614494	0.08214796802407265	0.002647186251104463
