rank	sample	Weighted UniFrac error	Unweighted UniFrac error	L1 norm error	Completeness (recall)	Purity (precision)	F1 score	True positives	False positives	False negatives	Taxon counts	Jaccard index	Shannon diversity	Shannon equitability	Bray-Curtis distance
superkingdom	CAMI_MED_S001	8.673650440864957	2182.705634787832	0.7160986582986891	0.3333333333333333	0.5	0.4	1.0	1.0	2.0	2.0	0.25	0.0088104567966221	0.012710802328453166	0.35804932914934456
phylum	CAMI_MED_S001	8.673650440864957	2182.705634787832	0.13516363557272393	0.6666666666666666	1.0	0.8	4.0	0.0	2.0	4.0	0.6666666666666666	0.9008994854695044	0.6498616100131364	0.06758181778636196
class	CAMI_MED_S001	8.673650440864957	2182.705634787832	0.18671625922692006	0.6666666666666666	0.9090909090909091	0.7692307692307692	10.0	1.0	5.0	11.0	0.625	1.5042016612505729	0.6273008159756505	0.09335812961346
order	CAMI_MED_S001	8.673650440864957	2182.705634787832	0.5981549434016522	0.6206896551724138	0.75	0.679245283018868	18.0	6.0	11.0	24.0	0.5142857142857142	2.2301923993613033	0.7017478363848648	0.29907747170082605
family	CAMI_MED_S001	8.673650440864957	2182.705634787832	0.46291531690679755	0.6792452830188679	0.8571428571428571	0.7578947368421052	36.0	6.0	17.0	42.0	0.6101694915254238	2.9370689986525167	0.7858021972529101	0.23145765845339883
genus	CAMI_MED_S001	8.673650440864957	2182.705634787832	0.9459349934697978	0.6056338028169014	0.7413793103448276	0.6666666666666667	43.0	15.0	28.0	58.0	0.5	3.278831522490758	0.8075058593297487	0.4729674967348988
species	CAMI_MED_S001	8.673650440864957	2182.705634787832	1.7056175327789975	0.4027777777777778	0.27358490566037735	0.3258426966292135	29.0	77.0	43.0	106.0	0.19463087248322147	3.639731664412032	0.7804822987840582	0.8528087663894992
strain	CAMI_MED_S001	8.673650440864957	2182.705634787832	na	0.0	0.0	na	0.0	0.0	232.0	0.0	0.0	na	na	na
