tool	sample	Weighted UniFrac error	Unweighted UniFrac error	L1 norm error	Completeness (recall)	Purity (precision)	F1 score	True positives	False positives	False negatives	Taxon counts	Jaccard index	Shannon diversity	Shannon equitability	Bray-Curtis distance
Metalign	CAMI_MED_S002	8.951704919446895	2911.2663775319947	0.27125201955277684	1.0	0.9375	0.967741935483871	15.0	1.0	0.0	16.0	0.9375	1.967586246908295	0.7096567302339812	0.13562600977638836
Bracken_custom	CAMI_MED_S002	7.991999175234554	9776.969255423084	0.27487605548289173	1.0	0.3191489361702128	0.48387096774193555	15.0	32.0	0.0	47.0	0.3191489361702128	1.988388301812238	0.38049841026820586	0.13743802774144587
Bracken_original	CAMI_MED_S002	8.926871393118063	28557.2242708464	0.32107588449025015	1.0	0.18518518518518517	0.3125	15.0	66.0	0.0	81.0	0.18518518518518517	1.9344029460959704	0.43314884558770006	0.16053794224512505
