tool	sample	Weighted UniFrac error	Unweighted UniFrac error	L1 norm error	Completeness (recall)	Purity (precision)	F1 score	True positives	False positives	False negatives	Taxon counts	Jaccard index	Shannon diversity	Shannon equitability	Bray-Curtis distance
Metalign	CAMI_MED_S002	8.951704919446895	2911.2663775319947	0.344659083321464	0.8301886792452831	0.8979591836734694	0.8627450980392157	44.0	5.0	9.0	49.0	0.7586206896551724	3.0343124076181187	0.7796640582534593	0.17232954166073194
Bracken_custom	CAMI_MED_S002	7.991999175234554	9776.969255423084	0.3449575622457256	0.9622641509433962	0.31875	0.4788732394366197	51.0	109.0	2.0	160.0	0.3148148148148148	3.1005381322924954	0.4597436123611972	0.17247878112286313
Bracken_original	CAMI_MED_S002	8.926871393118063	28557.2242708464	0.606743421707669	0.9811320754716981	0.13978494623655913	0.2447058823529411	52.0	320.0	1.0	372.0	0.13941018766756033	3.403350264380295	0.5503344638690233	0.30337171085383496
