tool	sample	Weighted UniFrac error	Unweighted UniFrac error	L1 norm error	Completeness (recall)	Purity (precision)	F1 score	True positives	False positives	False negatives	Taxon counts	Jaccard index	Shannon diversity	Shannon equitability	Bray-Curtis distance
Metalign	CAMI_MED_S002	8.951704919446895	2911.2663775319947	0.4248546308454091	0.8450704225352113	0.759493670886076	0.8	60.0	19.0	11.0	79.0	0.6666666666666666	3.3540357662372338	0.7676108926082094	0.21242731542270438
Bracken_custom	CAMI_MED_S002	7.991999175234554	9776.969255423084	0.4477952552104854	0.971830985915493	0.18253968253968253	0.30734966592427615	69.0	309.0	2.0	378.0	0.18157894736842106	3.51641503305824	0.4334389018216178	0.22389762760524368
Bracken_original	CAMI_MED_S002	8.926871393118063	28557.2242708464	0.7619319761159642	0.7605633802816901	0.045531197301854974	0.08591885441527447	54.0	1132.0	17.0	1186.0	0.04488778054862843	4.038623100402007	0.5363800085727063	0.3809659880579855
