tool	sample	Weighted UniFrac error	Unweighted UniFrac error	L1 norm error	Completeness (recall)	Purity (precision)	F1 score	True positives	False positives	False negatives	Taxon counts	Jaccard index	Shannon diversity	Shannon equitability	Bray-Curtis distance
Metalign	CAMI_MED_S002	8.951704919446895	2911.2663775319947	0.7857506340615588	0.8620689655172413	0.8064516129032258	0.8333333333333334	25.0	6.0	4.0	31.0	0.7142857142857143	2.742885804083729	0.798746658258142	0.3928753170307793
Bracken_custom	CAMI_MED_S002	7.991999175234554	9776.969255423084	0.7913798763336706	0.9655172413793104	0.2978723404255319	0.4552845528455285	28.0	66.0	1.0	94.0	0.29473684210526313	2.781671734205425	0.4654465201964185	0.3956899381668355
Bracken_original	CAMI_MED_S002	8.926871393118063	28557.2242708464	0.9583488728431471	0.9655172413793104	0.1590909090909091	0.27317073170731704	28.0	148.0	1.0	176.0	0.15819209039548024	2.9049221222064254	0.5525296584495168	0.4791744364215736
