tool	sample	Weighted UniFrac error	Unweighted UniFrac error	L1 norm error	Completeness (recall)	Purity (precision)	F1 score	True positives	False positives	False negatives	Taxon counts	Jaccard index	Shannon diversity	Shannon equitability	Bray-Curtis distance
Metalign	CAMI_MED_S002	8.951704919446895	2911.2663775319947	0.23150069194557157	1.0	1.0	1.0	6.0	0.0	0.0	6.0	1.0	1.3151535759589525	0.7340011862895643	0.11575034597278579
Bracken_custom	CAMI_MED_S002	7.991999175234554	9776.969255423084	0.23346988391541487	1.0	0.2222222222222222	0.3636363636363636	6.0	21.0	0.0	27.0	0.2222222222222222	1.3259386854976516	0.2527029926416347	0.11673494195770745
Bracken_original	CAMI_MED_S002	8.926871393118063	28557.2242708464	0.11183033083814095	1.0	0.14285714285714285	0.25	6.0	36.0	0.0	42.0	0.14285714285714285	1.4036480387039776	0.3687345653774177	0.055915165419070496
