tool	sample	Weighted UniFrac error	Unweighted UniFrac error	L1 norm error	Completeness (recall)	Purity (precision)	F1 score	True positives	False positives	False negatives	Taxon counts	Jaccard index	Shannon diversity	Shannon equitability	Bray-Curtis distance
Metalign	CAMI_MED_S002	8.951704919446895	2911.2663775319947	1.542270676104107	0.6666666666666666	0.1563517915309446	0.2532981530343008	48.0	259.0	24.0	307.0	0.14501510574018128	3.5831879431316747	0.6256824174592948	0.771135338052053
Bracken_custom	CAMI_MED_S002	7.991999175234554	9776.969255423084	1.5642950377883265	0.7777777777777778	0.04686192468619247	0.08839779005524863	56.0	1139.0	16.0	1195.0	0.046242774566473986	3.894062796484107	0.387754557363342	0.7821475188941728
Bracken_original	CAMI_MED_S002	8.926871393118063	28557.2242708464	1.747975598176547	0.2916666666666667	0.005545286506469501	0.010883648613630474	21.0	3766.0	51.0	3787.0	0.0054715997915581035	4.868958265640744	0.5531510573033143	0.8739877990882492
