tool	sample	Weighted UniFrac error	Unweighted UniFrac error	L1 norm error	Completeness (recall)	Purity (precision)	F1 score	True positives	False positives	False negatives	Taxon counts	Jaccard index	Shannon diversity	Shannon equitability	Bray-Curtis distance
Metalign	CAMI_MED_S002	8.951704919446895	2911.2663775319947	0.6633973200293463	1.0	1.0	1.0	3.0	0.0	0.0	3.0	1.0	0.11486612558790985	0.10455565332076022	0.33169866001467313
Bracken_custom	CAMI_MED_S002	7.991999175234554	9776.969255423084	0.6616863789487156	1.0	0.75	0.8571428571428571	3.0	1.0	0.0	4.0	0.75	0.1224433697134241	0.08832422113764542	0.3308431894743578
Bracken_original	CAMI_MED_S002	8.926871393118063	28557.2242708464	0.6444758702283021	1.0	0.75	0.8571428571428571	3.0	1.0	0.0	4.0	0.75	0.1960021281694215	0.1413856491568537	0.32223793511415105
