tool	sample	Weighted UniFrac error	Unweighted UniFrac error	L1 norm error	Completeness (recall)	Purity (precision)	F1 score	True positives	False positives	False negatives	Taxon counts	Jaccard index	Shannon diversity	Shannon equitability	Bray-Curtis distance
Metalign	peabody	7.46681768761981	98.85127282784782	0.37591021459223567	0.6	1.0	0.7499999999999999	3.0	0.0	2.0	3.0	0.6	0.9660783666721777	0.8793624253406013	0.1879551072961179
Bracken+Kraken2	peabody	6.5145762933222695	82.84930816978039	0.3861157017964071	0.6	1.0	0.7499999999999999	3.0	0.0	2.0	3.0	0.6	0.9487053076890095	0.8635487855676197	0.1930578508982036
CLARK	peabody	7.999999799999957	103.0163110953904	0.6666665999999999	0.4	1.0	0.5714285714285715	2.0	0.0	3.0	2.0	0.4	0.6901236000106792	0.9956378953358455	0.3333333
GOTTCHA	peabody	7.153334898763981	79.13196249312192	0.8333332	0.4	0.6666666666666666	0.5	2.0	1.0	3.0	3.0	0.3333333333333333	0.9184342769622917	0.8359949059697349	0.4166666
MEGAN+DIAMOND	peabody	13.50431831354759	97.29022322247208	0.6990289949458153	0.6	1.0	0.7499999999999999	3.0	0.0	2.0	3.0	0.6	0.7887009354919702	0.717906529562074	0.3495144974729077
MetaBinG2	peabody	5.386418435205373	66.71997776962898	0.4791347857229284	0.6	1.0	0.7499999999999999	3.0	0.0	2.0	3.0	0.6	0.8802383090022323	0.801227437633507	0.2395673928614642
MetaPhlAn2	peabody	6.7985640254987345	71.96183005449258	0.8333332000000001	0.4	1.0	0.5714285714285715	2.0	0.0	3.0	2.0	0.4	0.493743147737395	0.7123207907136466	0.4166666000000001
mOTUs2	peabody	5.955357720413865	83.94251314833016	0.28535324015220254	0.8	1.0	0.888888888888889	4.0	0.0	1.0	4.0	0.8	1.2999401962585635	0.9377086372972278	0.1426766200761013
