tool	sample	Weighted UniFrac error	Unweighted UniFrac error	L1 norm error	Completeness (recall)	Purity (precision)	F1 score	True positives	False positives	False negatives	Taxon counts	Jaccard index	Shannon diversity	Shannon equitability	Bray-Curtis distance
Metalign	peabody	7.466817687619811	98.8512728278478	0.37591021459223567	0.6	1.0	0.7499999999999999	3.0	0.0	2.0	3.0	0.6	0.9660783666721777	0.8793624253406013	0.18795510729611786
Bracken+Kraken2	peabody	6.514576293322267	82.84930816978039	0.3861157017964071	0.6	1.0	0.7499999999999999	3.0	0.0	2.0	3.0	0.6	0.9487053076890095	0.8635487855676197	0.19305785089820354
CLARK	peabody	7.999999799999955	103.0163110953904	0.6666665999999999	0.4	1.0	0.5714285714285715	2.0	0.0	3.0	2.0	0.4	0.6901236000106792	0.9956378953358455	0.33333329999999994
GOTTCHA	peabody	7.153334898763981	79.13196249312192	0.8333332	0.4	0.6666666666666666	0.5	2.0	1.0	3.0	3.0	0.3333333333333333	0.9184342769622919	0.835994905969735	0.4166666
MEGAN+DIAMOND	peabody	13.50431831354759	97.29022322247208	0.6990289949458153	0.6	1.0	0.7499999999999999	3.0	0.0	2.0	3.0	0.6	0.7887009354919703	0.7179065295620741	0.34951449747290764
MetaPhlAn2	peabody	6.798564025498734	71.96183005449258	0.8333331999999999	0.4	1.0	0.5714285714285715	2.0	0.0	3.0	2.0	0.4	0.493743147737395	0.7123207907136466	0.41666659999999994
mOTUs2	peabody	5.955357720413865	83.94251314833016	0.28535324015220254	0.8	1.0	0.888888888888889	4.0	0.0	1.0	4.0	0.8	1.2999401962585635	0.9377086372972278	0.14267662007610127
