tool	sample	Weighted UniFrac error	Unweighted UniFrac error	L1 norm error	Completeness (recall)	Purity (precision)	F1 score	True positives	False positives	False negatives	Taxon counts	Jaccard index	Shannon diversity	Shannon equitability	Bray-Curtis distance
Metalign	peabody	7.46681768761981	98.85127282784782	0.9999997999999597	0.25	1.0	0.4	2.0	0.0	6.0	2.0	0.25	0.5443527310318081	0.7853349855539534	0.49999989999998007
Bracken+Kraken2	peabody	6.5145762933222695	82.84930816978039	0.9999997999999597	0.25	1.0	0.4	2.0	0.0	6.0	2.0	0.25	0.5533052392172402	0.798250724716594	0.49999989999998007
CLARK	peabody	7.999999799999957	103.0163110953904	1.333333266666653	0.125	1.0	0.2222222222222222	1.0	0.0	7.0	1.0	0.125	0.0	0.0	0.6666666333333268
GOTTCHA	peabody	7.153334898763981	79.13196249312192	0.8333331666666334	0.375	1.0	0.5454545454545454	3.0	0.0	5.0	3.0	0.375	1.0673056998210175	0.9715035147794984	0.4166665833333168
MEGAN+DIAMOND	peabody	13.50431831354759	97.29022322247208	0.9999997999999599	0.25	1.0	0.4	2.0	0.0	6.0	2.0	0.25	0.5208473637352192	0.7514239087208909	0.49999989999998
MetaBinG2	peabody	5.386418435205373	66.71997776962898	0.6740528848872148	0.5	1.0	0.6666666666666666	4.0	0.0	4.0	4.0	0.5	1.229417552313679	0.8868373029523963	0.3370264424436075
MetaPhlAn2	peabody	6.7985640254987345	71.96183005449258	0.694331894219948	0.5	1.0	0.6666666666666666	4.0	0.0	4.0	4.0	0.5	1.2380464192598217	0.8930617147282417	0.34716594710997406
mOTUs2	peabody	5.955357720413865	83.94251314833016	1.0	0.375	1.0	0.5454545454545454	3.0	0.0	5.0	3.0	0.375	0.9415378293153538	0.8570246655959188	0.5000000000000001
