tool	sample	Weighted UniFrac error	Unweighted UniFrac error	L1 norm error	Completeness (recall)	Purity (precision)	F1 score	True positives	False positives	False negatives	Taxon counts	Jaccard index	Shannon diversity	Shannon equitability	Bray-Curtis distance
Metalign	peabody	7.46681768761981	98.85127282784782	0.9999997999999597	0.25	1.0	0.4	2.0	0.0	6.0	2.0	0.25	0.5443527310318081	0.7853349855539534	0.49999989999998
Bracken+Kraken2	peabody	6.5145762933222695	82.84930816978039	0.9999997999999597	0.25	1.0	0.4	2.0	0.0	6.0	2.0	0.25	0.5534125632317248	0.7984055605400593	0.49999989999998
CLARK	peabody	7.999999799999957	103.0163110953904	1.3333332666666533	0.125	1.0	0.2222222222222222	1.0	0.0	7.0	1.0	0.125	0.0	0.0	0.6666666333333268
GOTTCHA	peabody	7.153334898763981	79.13196249312192	0.9999997999999599	0.25	1.0	0.4	2.0	0.0	6.0	2.0	0.25	0.6582720419301842	0.9496858104485285	0.49999989999998
MEGAN+DIAMOND	peabody	13.50431831354759	97.29022322247208	0.9999997999999599	0.25	1.0	0.4	2.0	0.0	6.0	2.0	0.25	0.5064509182842392	0.7306542282623335	0.49999989999998
MetaBinG2	peabody	5.386418435205373	66.71997776962898	0.6740528848872148	0.5	1.0	0.6666666666666666	4.0	0.0	4.0	4.0	0.5	1.2294175523136788	0.886837302952396	0.33702644244360747
MetaPhlAn2	peabody	6.7985640254987345	71.96183005449258	1.0177735439282685	0.25	0.6666666666666666	0.36363636363636365	2.0	1.0	6.0	3.0	0.2222222222222222	1.000732239669644	0.9109057398974396	0.5088867719641343
mOTUs2	peabody	5.955357720413865	83.94251314833016	0.6666665333333068	0.5	1.0	0.6666666666666666	4.0	0.0	4.0	4.0	0.5	1.2361494080365958	0.8916933103861122	0.33333326666665347
