tool	sample	Weighted UniFrac error	Unweighted UniFrac error	L1 norm error	Completeness (recall)	Purity (precision)	F1 score	True positives	False positives	False negatives	Taxon counts	Jaccard index	Shannon diversity	Shannon equitability	Bray-Curtis distance
Metalign	peabody	7.46681768761981	98.85127282784782	0.0909080730276978	1.0	1.0	1.0	3.0	0.0	0.0	3.0	1.0	0.8948158009174201	0.8144964426005464	0.0454540365138489
Bracken+Kraken2	peabody	6.5145762933222695	82.84930816978039	0.1284611915259841	1.0	1.0	1.0	3.0	0.0	0.0	3.0	1.0	0.8731980790150184	0.7948191441346704	0.06423059576299205
CLARK	peabody	7.999999799999957	103.0163110953904	0.33333340000000006	0.6666666666666666	1.0	0.8	2.0	0.0	1.0	2.0	0.6666666666666666	0.6492973989688477	0.9367381375544594	0.1666667
GOTTCHA	peabody	7.153334898763981	79.13196249312192	0.5000000000000001	0.6666666666666666	1.0	0.8	2.0	0.0	1.0	2.0	0.6666666666666666	0.5513965535140741	0.7954970733180207	0.25000000000000006
MEGAN+DIAMOND	peabody	13.50431831354759	97.29022322247208	0.5678244156342785	0.6666666666666666	1.0	0.8	2.0	0.0	1.0	2.0	0.6666666666666666	0.3915895395566477	0.5649442867823683	0.2839122078171393
MetaBinG2	peabody	5.386418435205373	66.71997776962898	0.24876145845719413	1.0	1.0	1.0	3.0	0.0	0.0	3.0	1.0	0.8054703352712512	0.7331706950481631	0.12438072922859707
MetaPhlAn2	peabody	6.7985640254987345	71.96183005449258	0.1151488	1.0	1.0	1.0	3.0	0.0	0.0	3.0	1.0	0.8785832115008466	0.7997209029638537	0.057574400000000005
mOTUs2	peabody	5.955357720413865	83.94251314833016	0.17000459692835185	1.0	1.0	1.0	3.0	0.0	0.0	3.0	1.0	0.8898503317629171	0.8099766777975123	0.08500229846417592
