tool	sample	Weighted UniFrac error	Unweighted UniFrac error	L1 norm error	Completeness (recall)	Purity (precision)	F1 score	True positives	False positives	False negatives	Taxon counts	Jaccard index	Shannon diversity	Shannon equitability	Bray-Curtis distance
Metalign	peabody	7.466817687619811	98.8512728278478	2.0	0.0	0.0	na	0.0	1.0	11.0	1.0	0.0	0.0	0.0	1.0
Bracken+Kraken2	peabody	6.514576293322267	82.84930816978039	2.0000000000000004	0.0	0.0	na	0.0	2.0	11.0	2.0	0.0	0.6365466917165524	0.918342755433746	1.0
CLARK	peabody	7.999999799999955	103.0163110953904	2.0	0.0	0.0	na	0.0	1.0	11.0	1.0	0.0	0.0	0.0	1.0
GOTTCHA	peabody	7.153334898763981	79.13196249312192	1.8333333500000055	0.09090909090909091	0.3333333333333333	0.14285714285714288	1.0	2.0	10.0	3.0	0.07692307692307693	1.067554420178873	0.971729909805679	0.9166666750000024
MEGAN+DIAMOND	peabody	13.50431831354759	97.29022322247208	2.0000000000000004	0.0	0.0	na	0.0	1.0	11.0	1.0	0.0	0.0	0.0	1.0
MetaPhlAn2	peabody	6.798564025498734	71.96183005449258	1.833333350000005	0.09090909090909091	0.25	0.13333333333333333	1.0	3.0	10.0	4.0	0.07142857142857142	1.3674944324880154	0.9864387180968636	0.9166666750000025
mOTUs2	peabody	5.955357720413865	83.94251314833016	1.833333350000005	0.09090909090909091	0.5	0.15384615384615385	1.0	1.0	10.0	2.0	0.08333333333333333	0.6864179676934484	0.9902917979684188	0.9166666750000025
