tool	sample	Weighted UniFrac error	Unweighted UniFrac error	L1 norm error	Completeness (recall)	Purity (precision)	F1 score	True positives	False positives	False negatives	Taxon counts	Jaccard index	Shannon diversity	Shannon equitability	Bray-Curtis distance
Metalign	peabody	7.46681768761981	98.85127282784782	2.0	0.0	0.0	na	0.0	1.0	11.0	1.0	0.0	0.0	0.0	1.0
Bracken+Kraken2	peabody	6.5145762933222695	82.84930816978039	na	0.0	0.0	na	0.0	0.0	11.0	0.0	0.0	na	na	na
CLARK	peabody	7.999999799999957	103.0163110953904	na	0.0	0.0	na	0.0	0.0	11.0	0.0	0.0	na	na	na
GOTTCHA	peabody	7.153334898763981	79.13196249312192	na	0.0	0.0	na	0.0	0.0	11.0	0.0	0.0	na	na	na
MEGAN+DIAMOND	peabody	13.50431831354759	97.29022322247208	2.0000000000000004	0.0	0.0	na	0.0	2.0	11.0	2.0	0.0	0.5648918142155991	0.8149666190076145	1.0
MetaBinG2	peabody	5.386418435205373	66.71997776962898	1.6363636363636365	0.18181818181818182	0.4	0.25000000000000006	2.0	3.0	9.0	5.0	0.14285714285714285	1.5795249211701077	0.981414013530505	0.8181818181818181
MetaPhlAn2	peabody	6.7985640254987345	71.96183005449258	na	0.0	0.0	na	0.0	0.0	11.0	0.0	0.0	na	na	na
mOTUs2	peabody	5.955357720413865	83.94251314833016	na	0.0	0.0	na	0.0	0.0	11.0	0.0	0.0	na	na	na
