rank	sample	Weighted UniFrac error	Unweighted UniFrac error	L1 norm error	Completeness (recall)	Purity (precision)	F1 score	True positives	False positives	False negatives	Taxon counts	Jaccard index	Shannon diversity	Shannon equitability	Bray-Curtis distance
superkingdom	CAMI_HIGH_S002	8.495480038551905	47368.02685612395	0.01633569601816745	1.0	0.5	0.6666666666666666	2.0	2.0	0.0	4.0	0.5	0.08544683654651922	0.06163686367265656	0.008167848009083722
phylum	CAMI_HIGH_S002	8.495480038551905	47368.02685612395	0.18592903082439594	1.0	0.22641509433962265	0.36923076923076925	12.0	41.0	0.0	53.0	0.22641509433962265	1.1210886547093848	0.27975928201846006	0.09296451541219795
class	CAMI_HIGH_S002	8.495480038551905	47368.02685612395	0.3091727316376292	1.0	0.1794871794871795	0.30434782608695654	21.0	96.0	0.0	117.0	0.1794871794871795	1.9858978861679848	0.4036393465963938	0.15458636581881452
order	CAMI_HIGH_S002	8.495480038551905	47368.02685612395	0.898998526949035	1.0	0.15748031496062992	0.272108843537415	40.0	214.0	0.0	254.0	0.15748031496062992	2.897065895842348	0.49879387443404516	0.44949926347451724
family	CAMI_HIGH_S002	8.495480038551905	47368.02685612395	0.6790630150854617	0.9659090909090909	0.17311608961303462	0.2936096718480138	85.0	406.0	3.0	491.0	0.1720647773279352	3.6384164237776084	0.5608189938676249	0.3395315075427313
genus	CAMI_HIGH_S002	8.495480038551905	47368.02685612395	1.057862567620763	0.634020618556701	0.0823293172690763	0.1457345971563981	123.0	1371.0	71.0	1494.0	0.07859424920127796	4.555758772672475	0.6058000902046526	0.5289312838103788
species	CAMI_HIGH_S002	8.495480038551905	47368.02685612395	1.965768823882398	0.07407407407407407	0.0034958244319285296	0.0066765578635014835	18.0	5131.0	225.0	5149.0	0.0033494603647190174	6.083202789664344	0.7018677606188475	0.9828844119411807
strain	CAMI_HIGH_S002	8.495480038551905	47368.02685612395	na	0.0	0.0	na	0.0	0.0	1074.0	0.0	0.0	na	na	na
