rank	sample	Weighted UniFrac error	Unweighted UniFrac error	L1 norm error	Completeness (recall)	Purity (precision)	F1 score	True positives	False positives	False negatives	Taxon counts	Jaccard index	Shannon diversity	Shannon equitability	Bray-Curtis distance
superkingdom	CAMI_HIGH_S002	11.647238455780224	10859.898860991367	0.09667998345332761	1.0	1.0	1.0	2.0	0.0	0.0	2.0	1.0	0.216689845862579	0.3126173660369366	0.048339991726663804
phylum	CAMI_HIGH_S002	11.647238455780224	10859.898860991367	0.7463127097701802	0.4166666666666667	1.0	0.5882352941176471	5.0	0.0	7.0	5.0	0.4166666666666667	0.5328806247084295	0.3310973480812971	0.3731563548850901
class	CAMI_HIGH_S002	11.647238455780224	10859.898860991367	1.500435825439171	0.5714285714285714	0.8	0.6666666666666666	12.0	3.0	9.0	15.0	0.5	1.2227341231211126	0.4515182630748295	0.7502179127195856
order	CAMI_HIGH_S002	11.647238455780224	10859.898860991367	1.2774891327658744	0.525	0.75	0.6176470588235295	21.0	7.0	19.0	28.0	0.44680851063829785	2.1789659834588053	0.6470966892943166	0.6387445663829371
family	CAMI_HIGH_S002	11.647238455780224	10859.898860991367	1.653331286882442	0.45454545454545453	0.8333333333333334	0.5882352941176471	40.0	8.0	48.0	48.0	0.4166666666666667	1.5153060151073598	0.38935662467329235	0.826665643441221
genus	CAMI_HIGH_S002	11.647238455780224	10859.898860991367	1.830494786648024	0.2268041237113402	0.6470588235294118	0.33587786259541985	44.0	24.0	150.0	68.0	0.2018348623853211	1.6758778925524904	0.3958043782632475	0.915247393324013
species	CAMI_HIGH_S002	11.647238455780224	10859.898860991367	1.9945874191574884	0.00823045267489712	0.020833333333333332	0.011799410029498527	2.0	94.0	241.0	96.0	0.005934718100890208	1.6654997476677356	0.36406666027513807	0.9972937095787457
strain	CAMI_HIGH_S002	11.647238455780224	10859.898860991367	na	0.0	0.0	na	0.0	0.0	1074.0	0.0	0.0	na	na	na
