rank	sample	Weighted UniFrac error	Unweighted UniFrac error	L1 norm error	Completeness (recall)	Purity (precision)	F1 score	True positives	False positives	False negatives	Taxon counts	Jaccard index	Shannon diversity	Shannon equitability	Bray-Curtis distance
superkingdom	CAMI_HIGH_S002	11.64723845578022	10859.898860991367	0.09667998345332761	1.0	1.0	1.0	2.0	0.0	0.0	2.0	1.0	0.216689845862579	0.3126173660369366	0.048339991726663804
phylum	CAMI_HIGH_S002	11.64723845578022	10859.898860991367	0.7463127097701802	0.4166666666666667	1.0	0.5882352941176471	5.0	0.0	7.0	5.0	0.4166666666666667	0.5328806247084295	0.3310973480812971	0.37315635488509
class	CAMI_HIGH_S002	11.64723845578022	10859.898860991367	1.5004358254391716	0.5714285714285714	0.8	0.6666666666666666	12.0	3.0	9.0	15.0	0.5	1.2227341231211124	0.4515182630748294	0.7502179127195858
order	CAMI_HIGH_S002	11.64723845578022	10859.898860991367	1.2774891327658744	0.525	0.75	0.6176470588235295	21.0	7.0	19.0	28.0	0.44680851063829785	2.178965983458805	0.6470966892943164	0.6387445663829373
family	CAMI_HIGH_S002	11.64723845578022	10859.898860991367	1.6533312868824428	0.45454545454545453	0.8333333333333334	0.5882352941176471	40.0	8.0	48.0	48.0	0.4166666666666667	1.5153060151073592	0.3893566246732922	0.8266656434412207
genus	CAMI_HIGH_S002	11.64723845578022	10859.898860991367	1.8304947866480248	0.2268041237113402	0.6470588235294118	0.33587786259541985	44.0	24.0	150.0	68.0	0.2018348623853211	1.675877892552492	0.3958043782632479	0.9152473933240128
species	CAMI_HIGH_S002	11.64723845578022	10859.898860991367	1.9945874191574895	0.00823045267489712	0.020833333333333332	0.011799410029498527	2.0	94.0	241.0	96.0	0.005934718100890208	1.6654997476677358	0.3640666602751381	0.9972937095787456
strain	CAMI_HIGH_S002	11.64723845578022	10859.898860991367	na	0.0	0.0	na	0.0	0.0	1074.0	0.0	0.0	na	na	na
