rank	sample	Weighted UniFrac error	Unweighted UniFrac error	L1 norm error	Completeness (recall)	Purity (precision)	F1 score	True positives	False positives	False negatives	Taxon counts	Jaccard index	Shannon diversity	Shannon equitability	Bray-Curtis distance
superkingdom	CAMI_HIGH_S002	10.155654571880406	10107.385280496734	0.008492215939015987	1.0	1.0	1.0	2.0	0.0	0.0	2.0	1.0	0.024541875272791634	0.03540644175017197	0.004246107969507994
phylum	CAMI_HIGH_S002	10.155654571880406	10107.385280496734	0.16341391176865255	0.8333333333333334	1.0	0.9090909090909091	10.0	0.0	2.0	10.0	0.8333333333333334	1.2653948361353056	0.5495539947624327	0.08170695588432628
class	CAMI_HIGH_S002	10.155654571880406	10107.385280496734	0.3369443604171376	0.8571428571428571	0.9	0.8780487804878048	18.0	2.0	3.0	20.0	0.782608695652174	2.2244646917952657	0.7425445562784785	0.1684721802085688
order	CAMI_HIGH_S002	10.155654571880406	10107.385280496734	0.6477906507385	0.85	0.7391304347826086	0.7906976744186046	34.0	12.0	6.0	46.0	0.6538461538461539	3.023684732217495	0.7897539672924829	0.32389532536925014
family	CAMI_HIGH_S002	10.155654571880406	10107.385280496734	0.3412983753144613	0.7954545454545454	0.8860759493670886	0.8383233532934132	70.0	9.0	18.0	79.0	0.7216494845360825	3.7356698917682465	0.8549523916755433	0.1706491876572306
genus	CAMI_HIGH_S002	10.155654571880406	10107.385280496734	0.5346352099454714	0.6855670103092784	0.910958904109589	0.7823529411764706	133.0	13.0	61.0	146.0	0.642512077294686	4.359347268135859	0.8747374339593267	0.2673176049727359
species	CAMI_HIGH_S002	10.155654571880406	10107.385280496734	1.8302954401626197	0.31275720164609055	0.5891472868217055	0.40860215053763443	76.0	53.0	167.0	129.0	0.25675675675675674	4.520025646286836	0.9300823303858647	0.9151477200813102
strain	CAMI_HIGH_S002	10.155654571880406	10107.385280496734	2.000000000000002	0.0	0.0	na	0.0	59.0	1074.0	59.0	0.0	3.4567693508916486	0.8477590698911006	1.0
