rank	sample	Weighted UniFrac error	Unweighted UniFrac error	L1 norm error	Completeness (recall)	Purity (precision)	F1 score	True positives	False positives	False negatives	Taxon counts	Jaccard index	Shannon diversity	Shannon equitability	Bray-Curtis distance
superkingdom	CAMI_HIGH_S002	9.7213386218803	10884.215361891658	0.07628158406098408	1.0	1.0	1.0	2.0	0.0	0.0	2.0	1.0	0.1868989257277592	0.2696381532949129	0.03814079203049204
phylum	CAMI_HIGH_S002	9.7213386218803	10884.215361891658	0.49863006379084057	0.5	1.0	0.6666666666666666	6.0	0.0	6.0	6.0	0.5	0.9191875732844006	0.5130083524438773	0.24931503189542023
class	CAMI_HIGH_S002	9.7213386218803	10884.215361891658	0.9906669143738897	0.6190476190476191	1.0	0.7647058823529412	13.0	0.0	8.0	13.0	0.6190476190476191	1.7579733977930267	0.6853832777161912	0.4953334571869448
order	CAMI_HIGH_S002	9.7213386218803	10884.215361891658	1.026355309043903	0.75	1.0	0.8571428571428571	30.0	0.0	10.0	30.0	0.75	2.363977096765405	0.6950426074978736	0.5131776545219516
family	CAMI_HIGH_S002	9.7213386218803	10884.215361891658	1.2160860183040971	0.6363636363636364	0.9655172413793104	0.7671232876712328	56.0	2.0	32.0	58.0	0.6222222222222222	2.8062201559965265	0.6911118192541483	0.6080430091520485
genus	CAMI_HIGH_S002	9.7213386218803	10884.215361891658	1.4706860272859625	0.31958762886597936	0.7654320987654321	0.4509090909090908	62.0	19.0	132.0	81.0	0.29107981220657275	2.9069918080131605	0.6615144937841126	0.7353430136429813
species	CAMI_HIGH_S002	9.7213386218803	10884.215361891658	1.9605440986639169	0.0205761316872428	0.1	0.034129692832764506	5.0	45.0	238.0	50.0	0.017361111111111112	2.2182810432515456	0.5670419218326578	0.9802720493319589
strain	CAMI_HIGH_S002	9.7213386218803	10884.215361891658	na	0.0	0.0	na	0.0	0.0	1074.0	0.0	0.0	na	na	na
