rank	sample	Weighted UniFrac error	Unweighted UniFrac error	L1 norm error	Completeness (recall)	Purity (precision)	F1 score	True positives	False positives	False negatives	Taxon counts	Jaccard index	Shannon diversity	Shannon equitability	Bray-Curtis distance
superkingdom	CAMI_HIGH_S002	8.646964767802693	14098.994479596391	0.028469184475374703	1.0	0.5	0.6666666666666666	2.0	2.0	0.0	4.0	0.5	0.1015363008766814	0.07324295887249899	0.014234592237687351
phylum	CAMI_HIGH_S002	8.646964767802693	14098.994479596391	0.10770895361257199	0.8333333333333334	0.9090909090909091	0.8695652173913043	10.0	1.0	2.0	11.0	0.7692307692307693	1.1752617875768956	0.49012223382272735	0.05385447680628602
class	CAMI_HIGH_S002	8.646964767802693	14098.994479596391	0.2049291806312765	0.9047619047619048	0.7916666666666666	0.8444444444444444	19.0	5.0	2.0	24.0	0.7307692307692307	2.104937249963524	0.6623353040351325	0.10246459031563825
order	CAMI_HIGH_S002	8.646964767802693	14098.994479596391	0.7324294160462508	0.9	0.6666666666666666	0.7659574468085106	36.0	18.0	4.0	54.0	0.6206896551724138	2.9336859137630023	0.7354468906161197	0.36621470802312545
family	CAMI_HIGH_S002	8.646964767802693	14098.994479596391	0.3548823714221212	0.8977272727272727	0.7821782178217822	0.835978835978836	79.0	22.0	9.0	101.0	0.7181818181818181	3.65660293002476	0.7923093051809315	0.17744118571106057
genus	CAMI_HIGH_S002	8.646964767802693	14098.994479596391	0.4982732950592033	0.8556701030927835	0.7443946188340808	0.7961630695443646	166.0	57.0	28.0	223.0	0.6613545816733067	4.402747313503683	0.8142421767960208	0.2491366475296016
species	CAMI_HIGH_S002	8.646964767802693	14098.994479596391	1.765906051766732	0.6460905349794238	0.10194805194805195	0.1761076836791924	157.0	1383.0	86.0	1540.0	0.0965559655596556	6.2445987772917215	0.8508163642512453	0.8829530258833672
strain	CAMI_HIGH_S002	8.646964767802693	14098.994479596391	1.932806201581395	0.05493482309124767	0.03831168831168831	0.04514154552410099	59.0	1481.0	1015.0	1540.0	0.02309197651663405	6.244598777291723	0.8508163642512455	0.9664031007906976
