rank	sample	Weighted UniFrac error	Unweighted UniFrac error	L1 norm error	Completeness (recall)	Purity (precision)	F1 score	True positives	False positives	False negatives	Taxon counts	Jaccard index	Shannon diversity	Shannon equitability	Bray-Curtis distance
superkingdom	CAMI_HIGH_S002	11.766516253016173	11489.401021897153	0.015939015939015932	0.5	1.0	0.6666666666666666	1.0	0.0	1.0	1.0	0.5	0.0	0.0	0.007969507969507966
phylum	CAMI_HIGH_S002	11.766516253016173	11489.401021897153	0.5729456962967838	0.25	1.0	0.4	3.0	0.0	9.0	3.0	0.25	1.0588529456107905	0.9638094863243145	0.28647284814839186
class	CAMI_HIGH_S002	11.766516253016173	11489.401021897153	0.7662453198841603	0.23809523809523808	0.7142857142857143	0.35714285714285715	5.0	2.0	16.0	7.0	0.21739130434782608	1.7409215751997795	0.894656711690902	0.38312265994208017
order	CAMI_HIGH_S002	11.766516253016173	11489.401021897153	1.583634040914898	0.1	0.5	0.16666666666666669	4.0	4.0	36.0	8.0	0.09090909090909091	1.7990624899128167	0.8651661774821905	0.7918170204574491
family	CAMI_HIGH_S002	11.766516253016173	11489.401021897153	1.5174235568582362	0.07954545454545454	0.875	0.14583333333333331	7.0	1.0	81.0	8.0	0.07865168539325842	1.738947105478366	0.8362567884806187	0.758711778429118
genus	CAMI_HIGH_S002	11.766516253016173	11489.401021897153	1.770338709618946	0.041237113402061855	0.7272727272727273	0.07804878048780488	8.0	3.0	186.0	11.0	0.04060913705583756	2.127950133255368	0.8874241329030297	0.8851693548094736
species	CAMI_HIGH_S002	11.766516253016173	11489.401021897153	1.9966596083734003	0.00411522633744856	0.09090909090909091	0.007874015748031498	1.0	10.0	242.0	11.0	0.003952569169960474	2.127950133255368	0.8874241329030297	0.9983298041867005
strain	CAMI_HIGH_S002	11.766516253016173	11489.401021897153	1.9999999999999987	0.0	0.0	na	0.0	11.0	1074.0	11.0	0.0	2.1279501332553683	0.8874241329030298	1.0
