rank	sample	Weighted UniFrac error	Unweighted UniFrac error	L1 norm error	Completeness (recall)	Purity (precision)	F1 score	True positives	False positives	False negatives	Taxon counts	Jaccard index	Shannon diversity	Shannon equitability	Bray-Curtis distance
superkingdom	CAMI_HIGH_S002	7.705837248547361	9676.693762435307	0.003987999530342517	1.0	1.0	1.0	2.0	0.0	0.0	2.0	1.0	0.036552735862320586	0.05273445075949408	0.0019939997651712586
phylum	CAMI_HIGH_S002	7.705837248547361	9676.693762435307	0.054635010112669705	0.9166666666666666	1.0	0.9565217391304348	11.0	0.0	1.0	11.0	0.9166666666666666	1.2683672864353275	0.5289502426664067	0.02731750505633485
class	CAMI_HIGH_S002	7.705837248547361	9676.693762435307	0.10554482077352004	0.9523809523809523	0.8695652173913043	0.909090909090909	20.0	3.0	1.0	23.0	0.8333333333333334	2.1550586484841983	0.6873106757894573	0.05277241038676002
order	CAMI_HIGH_S002	7.705837248547361	9676.693762435307	0.5972528347161812	0.9	0.72	0.7999999999999999	36.0	14.0	4.0	50.0	0.6666666666666666	2.9603717096015796	0.7567367843936249	0.2986264173580907
family	CAMI_HIGH_S002	7.705837248547361	9676.693762435307	0.2558958596547989	0.875	0.8555555555555555	0.8651685393258427	77.0	13.0	11.0	90.0	0.7623762376237624	3.693156266739742	0.8207361060381653	0.12794792982739953
genus	CAMI_HIGH_S002	7.705837248547361	9676.693762435307	0.3899585306734037	0.8092783505154639	0.8486486486486486	0.8284960422163589	157.0	28.0	37.0	185.0	0.7072072072072072	4.484634495000524	0.859066823272193	0.19497926533670187
species	CAMI_HIGH_S002	7.705837248547361	9676.693762435307	1.8251091040356728	0.49794238683127573	0.41724137931034483	0.4540337711069419	121.0	169.0	122.0	290.0	0.2936893203883495	5.185347787982438	0.9145426259246068	0.9125545520178361
strain	CAMI_HIGH_S002	7.705837248547361	9676.693762435307	na	0.0	0.0	na	0.0	0.0	1074.0	0.0	0.0	na	na	na
