tool	sample	Weighted UniFrac error	Unweighted UniFrac error	L1 norm error	Completeness (recall)	Purity (precision)	F1 score	True positives	False positives	False negatives	Taxon counts	Jaccard index	Shannon diversity	Shannon equitability	Bray-Curtis distance
Metalign	CAMI_HIGH_S003	8.646200688948161	14616.978974490072	0.1920992245027607	0.9523809523809523	0.8	0.8695652173913043	20.0	5.0	1.0	25.0	0.7692307692307693	2.119887606685479	0.6585801136868271	0.09604961225138038
Bracken_custom	CAMI_HIGH_S003	7.613483761879233	21216.566015674216	0.12605834234229732	1.0	0.26582278481012656	0.41999999999999993	21.0	58.0	0.0	79.0	0.26582278481012656	2.1519159816508986	0.40849922618902257	0.06302917117114869
Bracken_original	CAMI_HIGH_S003	8.421195349026425	32533.96004150268	0.33971882974075385	1.0	0.25925925925925924	0.4117647058823529	21.0	60.0	0.0	81.0	0.25925925925925924	1.978254092847535	0.44411761393446314	0.16985941487037698
