tool	sample	Weighted UniFrac error	Unweighted UniFrac error	L1 norm error	Completeness (recall)	Purity (precision)	F1 score	True positives	False positives	False negatives	Taxon counts	Jaccard index	Shannon diversity	Shannon equitability	Bray-Curtis distance
Metalign	CAMI_HIGH_S003	8.646200688948161	14616.978974490072	0.33132997236148853	0.8977272727272727	0.7821782178217822	0.835978835978836	79.0	22.0	9.0	101.0	0.7181818181818181	3.6568131535946535	0.7923548562275675	0.16566498618074432
Bracken_custom	CAMI_HIGH_S003	7.613483761879233	21216.566015674216	0.26186106691787797	0.9545454545454546	0.32432432432432434	0.484149855907781	84.0	175.0	4.0	259.0	0.3193916349809886	3.7755929885593087	0.556320974638951	0.1309305334589388
Bracken_original	CAMI_HIGH_S003	8.421195349026425	32533.96004150268	0.6123182584710594	0.9545454545454546	0.2198952879581152	0.3574468085106383	84.0	298.0	4.0	382.0	0.21761658031088082	3.8025436277151883	0.6132631242017751	0.3061591292355299
