tool	sample	Weighted UniFrac error	Unweighted UniFrac error	L1 norm error	Completeness (recall)	Purity (precision)	F1 score	True positives	False positives	False negatives	Taxon counts	Jaccard index	Shannon diversity	Shannon equitability	Bray-Curtis distance
Metalign	CAMI_HIGH_S003	8.646200688948161	14616.978974490072	0.49816036094673	0.8608247422680413	0.7522522522522522	0.8028846153846154	167.0	55.0	27.0	222.0	0.6706827309236948	4.441542913579409	0.8221003401909975	0.2490801804733651
Bracken_custom	CAMI_HIGH_S003	7.613483761879233	21216.566015674216	0.42664830387636565	0.9587628865979382	0.28615384615384615	0.4407582938388626	186.0	464.0	8.0	650.0	0.2826747720364742	4.570971288292961	0.5598390893934745	0.21332415193818427
Bracken_original	CAMI_HIGH_S003	8.421195349026425	32533.96004150268	1.0396046253138034	0.6443298969072165	0.09928514694201747	0.17205781142463863	125.0	1134.0	69.0	1259.0	0.09412650602409639	4.8722082687643695	0.6442435043624607	0.5198023126569012
