tool	sample	Weighted UniFrac error	Unweighted UniFrac error	L1 norm error	Completeness (recall)	Purity (precision)	F1 score	True positives	False positives	False negatives	Taxon counts	Jaccard index	Shannon diversity	Shannon equitability	Bray-Curtis distance
Metalign	CAMI_HIGH_S003	8.646200688948161	14616.978974490072	0.7209054534552405	0.925	0.6981132075471698	0.7956989247311829	37.0	16.0	3.0	53.0	0.6607142857142857	2.9602496383605783	0.7455999968808631	0.36045272672762046
Bracken_custom	CAMI_HIGH_S003	7.613483761879233	21216.566015674216	0.6448985482556335	1.0	0.2631578947368421	0.4166666666666667	40.0	112.0	0.0	152.0	0.2631578947368421	3.0486479237725597	0.5063338483983651	0.322449274127817
Bracken_original	CAMI_HIGH_S003	8.421195349026425	32533.96004150268	0.8797696146026043	1.0	0.22099447513812154	0.3619909502262444	40.0	141.0	0.0	181.0	0.22099447513812154	3.026519829344414	0.5756581062242772	0.4398848073013019
