tool	sample	Weighted UniFrac error	Unweighted UniFrac error	L1 norm error	Completeness (recall)	Purity (precision)	F1 score	True positives	False positives	False negatives	Taxon counts	Jaccard index	Shannon diversity	Shannon equitability	Bray-Curtis distance
Metalign	CAMI_HIGH_S003	8.646200688948161	14616.978974490072	0.08565921868758472	0.9166666666666666	0.9166666666666666	0.9166666666666666	11.0	1.0	1.0	12.0	0.8461538461538461	1.2354125699951632	0.4971665917915115	0.04282960934379236
Bracken_custom	CAMI_HIGH_S003	7.613483761879233	21216.566015674216	0.04289005967486439	1.0	0.2608695652173913	0.41379310344827586	12.0	34.0	0.0	46.0	0.2608695652173913	1.2905365262258048	0.2442715807467221	0.021445029837432197
Bracken_original	CAMI_HIGH_S003	8.421195349026425	32533.96004150268	0.2423384193844557	1.0	0.2857142857142857	0.4444444444444445	12.0	30.0	0.0	42.0	0.2857142857142857	1.1827667217791968	0.31070963736807694	0.12116920969222784
