tool	sample	Weighted UniFrac error	Unweighted UniFrac error	L1 norm error	Completeness (recall)	Purity (precision)	F1 score	True positives	False positives	False negatives	Taxon counts	Jaccard index	Shannon diversity	Shannon equitability	Bray-Curtis distance
Metalign	CAMI_HIGH_S003	8.646200688948161	14616.978974490072	1.7621406854010535	0.6584362139917695	0.09956440572495333	0.17297297297297298	160.0	1447.0	83.0	1607.0	0.09467455621301775	6.320362827850311	0.8561712746516259	0.8810703427005244
Bracken_custom	CAMI_HIGH_S003	7.613483761879233	21216.566015674216	1.7840042337487616	0.6419753086419753	0.05758582502768549	0.10569105691056911	156.0	2553.0	87.0	2709.0	0.055793991416309016	5.973813550703751	0.5828886264940017	0.8920021168743668
Bracken_original	CAMI_HIGH_S003	8.421195349026425	32533.96004150268	1.9666045336129372	0.06584362139917696	0.0037426900584795323	0.007082779991146525	16.0	4259.0	227.0	4275.0	0.003553976010661928	6.616297076648487	0.7449943836947222	0.9833022668064653
