tool	sample	Weighted UniFrac error	Unweighted UniFrac error	L1 norm error	Completeness (recall)	Purity (precision)	F1 score	True positives	False positives	False negatives	Taxon counts	Jaccard index	Shannon diversity	Shannon equitability	Bray-Curtis distance
Metalign	CAMI_HIGH_S003	8.646200688948161	14616.978974490072	0.026350902916282486	1.0	0.5	0.6666666666666666	2.0	2.0	0.0	4.0	0.5	0.11136284186426985	0.08033130984844199	0.013175451458141245
Bracken_custom	CAMI_HIGH_S003	7.613483761879233	21216.566015674216	0.012535771158597227	1.0	0.5	0.6666666666666666	2.0	2.0	0.0	4.0	0.5	0.05555609935654709	0.04007525451641251	0.006267885579298613
Bracken_original	CAMI_HIGH_S003	8.421195349026425	32533.96004150268	0.012684070839822863	1.0	0.5	0.6666666666666666	2.0	2.0	0.0	4.0	0.5	0.10985987187321612	0.07924714617209291	0.006342035419911432
