tool	sample	Weighted UniFrac error	Unweighted UniFrac error	L1 norm error	Completeness (recall)	Purity (precision)	F1 score	True positives	False positives	False negatives	Taxon counts	Jaccard index	Shannon diversity	Shannon equitability	Bray-Curtis distance
Metalign	peabody	4.304105658274857	311.38585959105495	0.10568029962031375	1.0	1.0	1.0	5.0	0.0	0.0	5.0	1.0	1.3610354227046118	0.8456588552994836	0.05284014981015688
Bracken+Kraken2	peabody	3.3328635822772212	708.4087910204261	0.1482511605570673	1.0	0.625	0.7692307692307693	5.0	3.0	0.0	8.0	0.625	1.3628374228603146	0.6553862638328237	0.07412558027853365
CLARK	peabody	3.937283919060431	353.13285073371213	0.20308510826472712	1.0	1.0	1.0	5.0	0.0	0.0	5.0	1.0	1.4504852718776706	0.9012371714817933	0.10154255413236357
GOTTCHA	peabody	5.576598054438313	55.813862162837225	0.6729492383961605	0.8	0.8	0.8000000000000002	4.0	1.0	1.0	5.0	0.6666666666666666	1.1765498827156178	0.7310315443832274	0.33647461919808025
MEGAN+DIAMOND	peabody	7.279542041973709	349.8576506869076	0.4199853999999999	1.0	1.0	1.0	5.0	0.0	0.0	5.0	1.0	1.219283466701174	0.7575834129923906	0.20999269999999995
MetaBinG2	peabody	4.023088297691131	63.71969696136362	0.282588888407771	1.0	1.0	1.0	5.0	0.0	0.0	5.0	1.0	1.274470348629798	0.7918729506640612	0.1412944442038855
MetaPhlAn2	peabody	5.127342342969901	69.67359395935027	0.5275149242826943	0.8	1.0	0.888888888888889	4.0	0.0	1.0	4.0	0.8	1.0566096300053733	0.7621827366821373	0.26375746214134715
mOTUs2	peabody	5.127840671731075	79.98850682381897	0.18701656258606966	1.0	1.0	1.0	5.0	0.0	0.0	5.0	1.0	1.4731162221951632	0.9152985715163344	0.09350828129303485
