tool	sample	Weighted UniFrac error	Unweighted UniFrac error	L1 norm error	Completeness (recall)	Purity (precision)	F1 score	True positives	False positives	False negatives	Taxon counts	Jaccard index	Shannon diversity	Shannon equitability	Bray-Curtis distance
Metalign	peabody	4.304105658274862	311.38585959105495	0.10568029962031376	1.0	1.0	1.0	5.0	0.0	0.0	5.0	1.0	1.3610354227046118	0.8456588552994836	0.05284014981015689
Bracken+Kraken2	peabody	3.3328635822772226	708.4087910204262	0.1482511605570673	1.0	0.625	0.7692307692307693	5.0	3.0	0.0	8.0	0.625	1.3628374228603146	0.6553862638328237	0.07412558027853365
CLARK	peabody	3.937283919060434	353.1328507337121	0.20308510826472712	1.0	1.0	1.0	5.0	0.0	0.0	5.0	1.0	1.4504852718776706	0.9012371714817933	0.10154255413236357
GOTTCHA	peabody	5.576598054438314	55.81386216283722	0.6729492383961603	0.8	0.8	0.8000000000000002	4.0	1.0	1.0	5.0	0.6666666666666666	1.1765498827156178	0.7310315443832274	0.3364746191980802
MEGAN+DIAMOND	peabody	7.279542041973711	349.8576506869076	0.4199853999999999	1.0	1.0	1.0	5.0	0.0	0.0	5.0	1.0	1.219283466701174	0.7575834129923906	0.20999269999999995
MetaPhlAn2	peabody	5.127342342969902	69.67359395935027	0.5275149242826943	0.8	1.0	0.888888888888889	4.0	0.0	1.0	4.0	0.8	1.0566096300053733	0.7621827366821373	0.26375746214134715
mOTUs2	peabody	5.127840671731079	79.988506823819	0.18701656258606966	1.0	1.0	1.0	5.0	0.0	0.0	5.0	1.0	1.4731162221951632	0.9152985715163344	0.09350828129303483
