tool	sample	Weighted UniFrac error	Unweighted UniFrac error	L1 norm error	Completeness (recall)	Purity (precision)	F1 score	True positives	False positives	False negatives	Taxon counts	Jaccard index	Shannon diversity	Shannon equitability	Bray-Curtis distance
Metalign	peabody	4.304105658274857	311.38585959105495	0.15047304581556792	1.0	0.6666666666666666	0.8	8.0	4.0	0.0	12.0	0.6666666666666666	1.8684007071313367	0.7518997573976226	0.07523652290778396
Bracken+Kraken2	peabody	3.3328635822772212	708.4087910204261	0.1629166584000039	1.0	0.25	0.4	8.0	24.0	0.0	32.0	0.25	2.004301711011373	0.5783192277842745	0.08145832920000198
CLARK	peabody	3.937283919060431	353.13285073371213	0.3062509458820215	1.0	0.4444444444444444	0.6153846153846153	8.0	10.0	0.0	18.0	0.4444444444444444	1.9740739411333346	0.6829827117360909	0.15312547294101084
GOTTCHA	peabody	5.576598054438313	55.813862162837225	0.39022178894217824	1.0	1.0	1.0	8.0	0.0	0.0	8.0	1.0	1.6946436179991091	0.8149513145871486	0.19511089447108912
MEGAN+DIAMOND	peabody	7.279542041973709	349.8576506869076	0.23833163333332663	1.0	0.7272727272727273	0.8421052631578948	8.0	3.0	0.0	11.0	0.7272727272727273	1.9600648824771656	0.8174105452861367	0.11916581666666333
MetaBinG2	peabody	4.023088297691131	63.71969696136362	0.4358888564111144	0.75	0.8571428571428571	0.7999999999999999	6.0	1.0	2.0	7.0	0.6666666666666666	1.6806890934225065	0.8637033391487452	0.2179444282055573
MetaPhlAn2	peabody	5.127342342969901	69.67359395935027	0.35103831843716854	0.875	0.875	0.875	7.0	1.0	1.0	8.0	0.7777777777777778	1.8022951544884593	0.8667207605329029	0.1755191592185843
mOTUs2	peabody	5.127840671731075	79.98850682381897	0.6843033393796679	0.625	1.0	0.7692307692307693	5.0	0.0	3.0	5.0	0.625	1.3568554293837458	0.8430616794230037	0.34215166968983407
