tool	sample	Weighted UniFrac error	Unweighted UniFrac error	L1 norm error	Completeness (recall)	Purity (precision)	F1 score	True positives	False positives	False negatives	Taxon counts	Jaccard index	Shannon diversity	Shannon equitability	Bray-Curtis distance
Metalign	peabody	4.304105658274862	311.38585959105495	0.15047304581556795	1.0	0.6666666666666666	0.8	8.0	4.0	0.0	12.0	0.6666666666666666	1.8684007071313364	0.7518997573976225	0.07523652290778397
Bracken+Kraken2	peabody	3.3328635822772226	708.4087910204262	0.16291665840000394	1.0	0.25	0.4	8.0	24.0	0.0	32.0	0.25	2.0043017110113728	0.5783192277842744	0.08145832920000201
CLARK	peabody	3.937283919060434	353.1328507337121	0.3062509458820215	1.0	0.4444444444444444	0.6153846153846153	8.0	10.0	0.0	18.0	0.4444444444444444	1.9740739411333348	0.682982711736091	0.1531254729410108
GOTTCHA	peabody	5.576598054438314	55.81386216283722	0.3902217889421782	1.0	1.0	1.0	8.0	0.0	0.0	8.0	1.0	1.6946436179991091	0.8149513145871486	0.19511089447108915
MEGAN+DIAMOND	peabody	7.279542041973711	349.8576506869076	0.23833163333332663	1.0	0.7272727272727273	0.8421052631578948	8.0	3.0	0.0	11.0	0.7272727272727273	1.9600648824771651	0.8174105452861364	0.11916581666666333
MetaPhlAn2	peabody	5.127342342969902	69.67359395935027	0.35103831843716854	0.875	0.875	0.875	7.0	1.0	1.0	8.0	0.7777777777777778	1.8022951544884593	0.8667207605329029	0.17551915921858433
mOTUs2	peabody	5.127840671731079	79.988506823819	0.6843033393796679	0.625	1.0	0.7692307692307693	5.0	0.0	3.0	5.0	0.625	1.3568554293837458	0.8430616794230037	0.342151669689834
