tool	sample	Weighted UniFrac error	Unweighted UniFrac error	L1 norm error	Completeness (recall)	Purity (precision)	F1 score	True positives	False positives	False negatives	Taxon counts	Jaccard index	Shannon diversity	Shannon equitability	Bray-Curtis distance
Metalign	peabody	4.304105658274862	311.38585959105495	0.1630989302968535	1.0	0.6666666666666666	0.8	8.0	4.0	0.0	12.0	0.6666666666666666	1.8570213975957428	0.7473203863630751	0.08154946514842676
Bracken+Kraken2	peabody	3.3328635822772226	708.4087910204262	0.181184719149151	1.0	0.18181818181818182	0.3076923076923077	8.0	36.0	0.0	44.0	0.18181818181818182	2.072430407111415	0.5476550087595795	0.09059235957457556
CLARK	peabody	3.937283919060434	353.1328507337121	0.33238525072567315	1.0	0.3076923076923077	0.47058823529411764	8.0	18.0	0.0	26.0	0.3076923076923077	2.043361854506819	0.6271643061097493	0.1661926253628366
GOTTCHA	peabody	5.576598054438314	55.81386216283722	0.7235552556088715	0.875	0.875	0.875	7.0	1.0	1.0	8.0	0.7777777777777778	1.694643617999109	0.8149513145871485	0.36177762780443584
MEGAN+DIAMOND	peabody	7.279542041973711	349.8576506869076	0.3221415666666735	1.0	0.5714285714285714	0.7272727272727273	8.0	6.0	0.0	14.0	0.5714285714285714	1.8537251909672376	0.7024194473401181	0.16107078333333674
MetaPhlAn2	peabody	5.127342342969902	69.67359395935027	0.5769446261691112	0.75	0.8571428571428571	0.7999999999999999	6.0	1.0	2.0	7.0	0.6666666666666666	1.7361001587201048	0.892178993754123	0.2884723130845557
mOTUs2	peabody	5.127840671731079	79.988506823819	0.834115528012025	0.5	0.8	0.6153846153846154	4.0	1.0	4.0	5.0	0.4444444444444444	1.2348289149483571	0.767242343061754	0.4170577640060126
