tool	sample	Weighted UniFrac error	Unweighted UniFrac error	L1 norm error	Completeness (recall)	Purity (precision)	F1 score	True positives	False positives	False negatives	Taxon counts	Jaccard index	Shannon diversity	Shannon equitability	Bray-Curtis distance
Metalign	peabody	4.304105658274857	311.38585959105495	0.16309893029685354	1.0	0.6666666666666666	0.8	8.0	4.0	0.0	12.0	0.6666666666666666	1.8570213975957426	0.747320386363075	0.08154946514842677
Bracken+Kraken2	peabody	3.3328635822772212	708.4087910204261	0.18118471914915105	1.0	0.18181818181818182	0.3076923076923077	8.0	36.0	0.0	44.0	0.18181818181818182	2.0724304071114155	0.5476550087595796	0.09059235957457556
CLARK	peabody	3.937283919060431	353.13285073371213	0.33238525072567326	1.0	0.3076923076923077	0.47058823529411764	8.0	18.0	0.0	26.0	0.3076923076923077	2.043361854506819	0.6271643061097493	0.16619262536283663
GOTTCHA	peabody	5.576598054438313	55.813862162837225	0.7235552556088716	0.875	0.875	0.875	7.0	1.0	1.0	8.0	0.7777777777777778	1.6946436179991091	0.8149513145871486	0.3617776278044359
MEGAN+DIAMOND	peabody	7.279542041973709	349.8576506869076	0.32214156666667343	1.0	0.5714285714285714	0.7272727272727273	8.0	6.0	0.0	14.0	0.5714285714285714	1.8537251909672376	0.7024194473401181	0.16107078333333677
MetaBinG2	peabody	4.023088297691131	63.71969696136362	0.43588885641111447	0.75	0.8571428571428571	0.7999999999999999	6.0	1.0	2.0	7.0	0.6666666666666666	1.6806890934225065	0.8637033391487452	0.2179444282055573
MetaPhlAn2	peabody	5.127342342969901	69.67359395935027	0.5769446261691112	0.75	0.8571428571428571	0.7999999999999999	6.0	1.0	2.0	7.0	0.6666666666666666	1.7361001587201046	0.8921789937541229	0.28847231308455573
mOTUs2	peabody	5.127840671731075	79.98850682381897	0.834115528012025	0.5	0.8	0.6153846153846154	4.0	1.0	4.0	5.0	0.4444444444444444	1.2348289149483571	0.767242343061754	0.4170577640060127
