tool	sample	Weighted UniFrac error	Unweighted UniFrac error	L1 norm error	Completeness (recall)	Purity (precision)	F1 score	True positives	False positives	False negatives	Taxon counts	Jaccard index	Shannon diversity	Shannon equitability	Bray-Curtis distance
Metalign	peabody	4.304105658274857	311.38585959105495	0.14573574635938744	1.0	0.7272727272727273	0.8421052631578948	8.0	3.0	0.0	11.0	0.7272727272727273	1.858053341047762	0.7748684282109589	0.07286787317969373
Bracken+Kraken2	peabody	3.3328635822772212	708.4087910204261	0.16316270893800383	1.0	0.3076923076923077	0.47058823529411764	8.0	18.0	0.0	26.0	0.3076923076923077	1.982214686699181	0.6083965479742673	0.08158135446900196
CLARK	peabody	3.937283919060431	353.13285073371213	0.3078872614185847	1.0	0.4444444444444444	0.6153846153846153	8.0	10.0	0.0	18.0	0.4444444444444444	1.9615676736445116	0.6786558401305068	0.15394363070929243
GOTTCHA	peabody	5.576598054438313	55.813862162837225	0.4717917507147705	0.875	1.0	0.9333333333333333	7.0	0.0	1.0	7.0	0.875	1.4968206266265964	0.7692136388482594	0.2358958753573853
MEGAN+DIAMOND	peabody	7.279542041973709	349.8576506869076	0.36764483333332665	1.0	0.8	0.888888888888889	8.0	2.0	0.0	10.0	0.8	1.8096337654425851	0.7859139585975182	0.18382241666666338
MetaBinG2	peabody	4.023088297691131	63.71969696136362	0.43588885641111447	0.75	0.8571428571428571	0.7999999999999999	6.0	1.0	2.0	7.0	0.6666666666666666	1.6806890934225063	0.8637033391487451	0.21794442820555723
MetaPhlAn2	peabody	5.127342342969901	69.67359395935027	0.7575785914087492	0.5	0.8	0.6153846153846154	4.0	1.0	4.0	5.0	0.4444444444444444	1.4174197417969956	0.8806924025129381	0.37878929570437464
mOTUs2	peabody	5.127840671731075	79.98850682381897	0.41906729482495836	0.75	1.0	0.8571428571428571	6.0	0.0	2.0	6.0	0.75	1.5733252048911368	0.8780895158706619	0.20953364741247918
