tool	sample	Weighted UniFrac error	Unweighted UniFrac error	L1 norm error	Completeness (recall)	Purity (precision)	F1 score	True positives	False positives	False negatives	Taxon counts	Jaccard index	Shannon diversity	Shannon equitability	Bray-Curtis distance
Metalign	peabody	4.304105658274862	311.38585959105495	0.14573574635938746	1.0	0.7272727272727273	0.8421052631578948	8.0	3.0	0.0	11.0	0.7272727272727273	1.858053341047762	0.7748684282109589	0.07286787317969375
Bracken+Kraken2	peabody	3.3328635822772226	708.4087910204262	0.16316270893800383	1.0	0.3076923076923077	0.47058823529411764	8.0	18.0	0.0	26.0	0.3076923076923077	1.982214686699181	0.6083965479742673	0.08158135446900196
CLARK	peabody	3.937283919060434	353.1328507337121	0.3078872614185847	1.0	0.4444444444444444	0.6153846153846153	8.0	10.0	0.0	18.0	0.4444444444444444	1.9615676736445118	0.678655840130507	0.1539436307092924
GOTTCHA	peabody	5.576598054438314	55.81386216283722	0.4717917507147705	0.875	1.0	0.9333333333333333	7.0	0.0	1.0	7.0	0.875	1.4968206266265964	0.7692136388482594	0.2358958753573853
MEGAN+DIAMOND	peabody	7.279542041973711	349.8576506869076	0.3676448333333267	1.0	0.8	0.888888888888889	8.0	2.0	0.0	10.0	0.8	1.8096337654425851	0.7859139585975182	0.18382241666666338
MetaPhlAn2	peabody	5.127342342969902	69.67359395935027	0.7575785914087493	0.5	0.8	0.6153846153846154	4.0	1.0	4.0	5.0	0.4444444444444444	1.4174197417969956	0.8806924025129381	0.3787892957043747
mOTUs2	peabody	5.127840671731079	79.988506823819	0.41906729482495836	0.75	1.0	0.8571428571428571	6.0	0.0	2.0	6.0	0.75	1.5733252048911368	0.8780895158706619	0.20953364741247918
