tool	sample	Weighted UniFrac error	Unweighted UniFrac error	L1 norm error	Completeness (recall)	Purity (precision)	F1 score	True positives	False positives	False negatives	Taxon counts	Jaccard index	Shannon diversity	Shannon equitability	Bray-Curtis distance
Metalign	peabody	4.304105658274857	311.38585959105495	0.0909080730276978	1.0	1.0	1.0	3.0	0.0	0.0	3.0	1.0	0.8948158009174201	0.8144964426005464	0.0454540365138489
Bracken+Kraken2	peabody	3.3328635822772212	708.4087910204261	0.12958227466239877	1.0	0.5	0.6666666666666666	3.0	3.0	0.0	6.0	0.5	0.8844850419894666	0.4936405009599475	0.06479113733119939
CLARK	peabody	3.937283919060431	353.13285073371213	0.12286769072662782	1.0	1.0	1.0	3.0	0.0	0.0	3.0	1.0	0.9353375143502116	0.851380895697205	0.06143384536331391
GOTTCHA	peabody	5.576598054438313	55.813862162837225	0.5000000000000001	0.6666666666666666	1.0	0.8	2.0	0.0	1.0	2.0	0.6666666666666666	0.5513965535140741	0.7954970733180207	0.25000000000000006
MEGAN+DIAMOND	peabody	7.279542041973709	349.8576506869076	0.44712256137891626	1.0	1.0	1.0	3.0	0.0	0.0	3.0	1.0	0.6169141885436895	0.5615394938751308	0.22356128068945813
MetaBinG2	peabody	4.023088297691131	63.71969696136362	0.24876145845719413	1.0	1.0	1.0	3.0	0.0	0.0	3.0	1.0	0.8054703352712512	0.7331706950481631	0.12438072922859707
MetaPhlAn2	peabody	5.127342342969901	69.67359395935027	0.1151488	1.0	1.0	1.0	3.0	0.0	0.0	3.0	1.0	0.8785832115008466	0.7997209029638537	0.057574400000000005
mOTUs2	peabody	5.127840671731075	79.98850682381897	0.17000459692835185	1.0	1.0	1.0	3.0	0.0	0.0	3.0	1.0	0.8898503317629171	0.8099766777975123	0.08500229846417592
