tool	sample	Weighted UniFrac error	Unweighted UniFrac error	L1 norm error	Completeness (recall)	Purity (precision)	F1 score	True positives	False positives	False negatives	Taxon counts	Jaccard index	Shannon diversity	Shannon equitability	Bray-Curtis distance
Metalign	peabody	4.304105658274862	311.38585959105495	1.6329911487078734	0.2727272727272727	0.07894736842105263	0.12244897959183672	3.0	35.0	8.0	38.0	0.06521739130434782	2.8378625079620705	0.7801499080300907	0.8164955743539366
Bracken+Kraken2	peabody	3.3328635822772226	708.4087910204262	1.5350685516246083	0.2727272727272727	0.04918032786885246	0.08333333333333333	3.0	58.0	8.0	61.0	0.043478260869565216	2.430782265618948	0.5913054853868093	0.7675342758123037
CLARK	peabody	3.937283919060434	353.1328507337121	1.658536031838472	0.2727272727272727	0.1	0.14634146341463417	3.0	27.0	8.0	30.0	0.07894736842105263	2.3182469266529835	0.6815972925158676	0.8292680159192359
GOTTCHA	peabody	5.576598054438314	55.81386216283722	1.5605289909959597	0.2727272727272727	0.3	0.28571428571428564	3.0	7.0	8.0	10.0	0.16666666666666666	2.078833089850439	0.9028257397199325	0.7802644954979797
MEGAN+DIAMOND	peabody	7.279542041973711	349.8576506869076	1.2322766724654022	0.8181818181818182	0.3333333333333333	0.4736842105263157	9.0	18.0	2.0	27.0	0.3103448275862069	2.4062137897623344	0.7300767263640329	0.6161383362327013
MetaPhlAn2	peabody	5.127342342969902	69.67359395935027	1.5056268318982446	0.2727272727272727	0.3333333333333333	0.3	3.0	6.0	8.0	9.0	0.17647058823529413	2.139198468224871	0.9735911796591608	0.7528134159491223
mOTUs2	peabody	5.127840671731079	79.988506823819	1.833333350000005	0.09090909090909091	0.3333333333333333	0.14285714285714288	1.0	2.0	10.0	3.0	0.07692307692307693	0.8740456560852583	0.7955906420315921	0.9166666750000025
