tool	sample	Weighted UniFrac error	Unweighted UniFrac error	L1 norm error	Completeness (recall)	Purity (precision)	F1 score	True positives	False positives	False negatives	Taxon counts	Jaccard index	Shannon diversity	Shannon equitability	Bray-Curtis distance
Metalign	peabody	4.304105658274857	311.38585959105495	1.632991148707873	0.2727272727272727	0.07894736842105263	0.12244897959183672	3.0	35.0	8.0	38.0	0.06521739130434782	2.8378625079620714	0.7801499080300909	0.8164955743539366
Bracken+Kraken2	peabody	3.3328635822772212	708.4087910204261	1.5350685516246079	0.2727272727272727	0.04918032786885246	0.08333333333333333	3.0	58.0	8.0	61.0	0.043478260869565216	2.4307822656189475	0.5913054853868092	0.7675342758123037
CLARK	peabody	3.937283919060431	353.13285073371213	1.6585360318384716	0.2727272727272727	0.1	0.14634146341463417	3.0	27.0	8.0	30.0	0.07894736842105263	2.3182469266529844	0.681597292515868	0.8292680159192359
GOTTCHA	peabody	5.576598054438313	55.813862162837225	1.5605289909959594	0.2727272727272727	0.3	0.28571428571428564	3.0	7.0	8.0	10.0	0.16666666666666666	2.0788330898504395	0.9028257397199326	0.7802644954979799
MEGAN+DIAMOND	peabody	7.279542041973709	349.8576506869076	1.2322766724654024	0.8181818181818182	0.3333333333333333	0.4736842105263157	9.0	18.0	2.0	27.0	0.3103448275862069	2.406213789762335	0.730076726364033	0.6161383362327014
MetaBinG2	peabody	4.023088297691131	63.71969696136362	0.700494129950547	0.6363636363636364	0.875	0.7368421052631579	7.0	1.0	4.0	8.0	0.5833333333333334	1.964907872542911	0.9449209478404471	0.3502470649752736
MetaPhlAn2	peabody	5.127342342969901	69.67359395935027	1.5056268318982446	0.2727272727272727	0.3333333333333333	0.3	3.0	6.0	8.0	9.0	0.17647058823529413	2.1391984682248713	0.9735911796591609	0.7528134159491222
mOTUs2	peabody	5.127840671731075	79.98850682381897	1.833333350000005	0.09090909090909091	0.3333333333333333	0.14285714285714288	1.0	2.0	10.0	3.0	0.07692307692307693	0.8740456560852583	0.7955906420315921	0.9166666750000024
