tool	sample	Weighted UniFrac error	Unweighted UniFrac error	L1 norm error	Completeness (recall)	Purity (precision)	F1 score	True positives	False positives	False negatives	Taxon counts	Jaccard index	Shannon diversity	Shannon equitability	Bray-Curtis distance
Metalign	peabody	4.304105658274857	311.38585959105495	2.0	0.0	0.0	na	0.0	38.0	11.0	38.0	0.0	2.8378625079620705	0.7801499080300907	1.0
Bracken+Kraken2	peabody	3.3328635822772212	708.4087910204261	na	0.0	0.0	na	0.0	0.0	11.0	0.0	0.0	na	na	na
CLARK	peabody	3.937283919060431	353.13285073371213	na	0.0	0.0	na	0.0	0.0	11.0	0.0	0.0	na	na	na
GOTTCHA	peabody	5.576598054438313	55.813862162837225	na	0.0	0.0	na	0.0	0.0	11.0	0.0	0.0	na	na	na
MEGAN+DIAMOND	peabody	7.279542041973709	349.8576506869076	1.8196898180310177	0.45454545454545453	0.2	0.2777777777777778	5.0	20.0	6.0	25.0	0.16129032258064516	2.5212175886360466	0.7832602827228602	0.9098449090155091
MetaBinG2	peabody	4.023088297691131	63.71969696136362	1.483577251642275	0.2727272727272727	0.375	0.3157894736842105	3.0	5.0	8.0	8.0	0.1875	1.9649078725429112	0.9449209478404472	0.7417886258211374
MetaPhlAn2	peabody	5.127342342969901	69.67359395935027	na	0.0	0.0	na	0.0	0.0	11.0	0.0	0.0	na	na	na
mOTUs2	peabody	5.127840671731075	79.98850682381897	na	0.0	0.0	na	0.0	0.0	11.0	0.0	0.0	na	na	na
