tool	sample	Weighted UniFrac error	Unweighted UniFrac error	L1 norm error	Completeness (recall)	Purity (precision)	F1 score	True positives	False positives	False negatives	Taxon counts	Jaccard index	Shannon diversity	Shannon equitability	Bray-Curtis distance
Metalign	peabody	4.304105658274862	311.38585959105495	1.9999999999999993	0.0	0.0	na	0.0	38.0	11.0	38.0	0.0	2.837862507962071	0.7801499080300908	1.0
Bracken+Kraken2	peabody	3.3328635822772226	708.4087910204262	na	0.0	0.0	na	0.0	0.0	11.0	0.0	0.0	na	na	na
CLARK	peabody	3.937283919060434	353.1328507337121	na	0.0	0.0	na	0.0	0.0	11.0	0.0	0.0	na	na	na
GOTTCHA	peabody	5.576598054438314	55.81386216283722	na	0.0	0.0	na	0.0	0.0	11.0	0.0	0.0	na	na	na
MEGAN+DIAMOND	peabody	7.279542041973711	349.8576506869076	1.8196898180310175	0.45454545454545453	0.2	0.2777777777777778	5.0	20.0	6.0	25.0	0.16129032258064516	2.5212175886360457	0.78326028272286	0.909844909015509
MetaPhlAn2	peabody	5.127342342969902	69.67359395935027	na	0.0	0.0	na	0.0	0.0	11.0	0.0	0.0	na	na	na
mOTUs2	peabody	5.127840671731079	79.988506823819	na	0.0	0.0	na	0.0	0.0	11.0	0.0	0.0	na	na	na
