tool	sample	Weighted UniFrac error	Unweighted UniFrac error	L1 norm error	Completeness (recall)	Purity (precision)	F1 score	True positives	False positives	False negatives	Taxon counts	Jaccard index	Shannon diversity	Shannon equitability	Bray-Curtis distance
Metalign	peabody	4.304105658274862	311.38585959105495	0.0	1.0	1.0	1.0	1.0	0.0	0.0	1.0	1.0	0.0	0.0	0.0
Bracken+Kraken2	peabody	3.3328635822772226	708.4087910204262	0.002640264026402665	1.0	0.5	0.6666666666666666	1.0	1.0	0.0	2.0	0.5	0.010071766575217148	0.014530487691056998	0.0013201320132013327
CLARK	peabody	3.937283919060434	353.1328507337121	0.0025100286994720385	1.0	0.5	0.6666666666666666	1.0	1.0	0.0	2.0	0.5	0.009638485736407274	0.013905395573593783	0.0012550143497360193
GOTTCHA	peabody	5.576598054438314	55.81386216283722	0.0	1.0	1.0	1.0	1.0	0.0	0.0	1.0	1.0	0.0	0.0	0.0
MEGAN+DIAMOND	peabody	7.279542041973711	349.8576506869076	0.0	1.0	1.0	1.0	1.0	0.0	0.0	1.0	1.0	0.0	0.0	0.0
MetaPhlAn2	peabody	5.127342342969902	69.67359395935027	0.0	1.0	1.0	1.0	1.0	0.0	0.0	1.0	1.0	0.0	0.0	0.0
mOTUs2	peabody	5.127840671731079	79.988506823819	0.0	1.0	1.0	1.0	1.0	0.0	0.0	1.0	1.0	0.0	0.0	0.0
