tool	sample	Weighted UniFrac error	Unweighted UniFrac error	L1 norm error	Completeness (recall)	Purity (precision)	F1 score	True positives	False positives	False negatives	Taxon counts	Jaccard index	Shannon diversity	Shannon equitability	Bray-Curtis distance
Metalign	peabody	4.304105658274857	311.38585959105495	0.0	1.0	1.0	1.0	1.0	0.0	0.0	1.0	1.0	0.0	0.0	0.0
Bracken+Kraken2	peabody	3.3328635822772212	708.4087910204261	0.002640264026402665	1.0	0.5	0.6666666666666666	1.0	1.0	0.0	2.0	0.5	0.010071766575217148	0.014530487691056998	0.0013201320132013327
CLARK	peabody	3.937283919060431	353.13285073371213	0.0025100286994720385	1.0	0.5	0.6666666666666666	1.0	1.0	0.0	2.0	0.5	0.009638485736407274	0.013905395573593783	0.0012550143497360193
GOTTCHA	peabody	5.576598054438313	55.813862162837225	0.0	1.0	1.0	1.0	1.0	0.0	0.0	1.0	1.0	0.0	0.0	0.0
MEGAN+DIAMOND	peabody	7.279542041973709	349.8576506869076	0.0	1.0	1.0	1.0	1.0	0.0	0.0	1.0	1.0	0.0	0.0	0.0
MetaBinG2	peabody	4.023088297691131	63.71969696136362	0.0	1.0	1.0	1.0	1.0	0.0	0.0	1.0	1.0	0.0	0.0	0.0
MetaPhlAn2	peabody	5.127342342969901	69.67359395935027	0.0	1.0	1.0	1.0	1.0	0.0	0.0	1.0	1.0	0.0	0.0	0.0
mOTUs2	peabody	5.127840671731075	79.98850682381897	0.0	1.0	1.0	1.0	1.0	0.0	0.0	1.0	1.0	0.0	0.0	0.0
