rank	sample	Weighted UniFrac error	Unweighted UniFrac error	L1 norm error	Completeness (recall)	Purity (precision)	F1 score	True positives	False positives	False negatives	Taxon counts	Jaccard index	Shannon diversity	Shannon equitability	Bray-Curtis distance
superkingdom	CAMI_HIGH_S003	8.440854050276592	10157.475687536533	0.01180213296778049	1.0	0.6666666666666666	0.8	2.0	1.0	0.0	3.0	0.6666666666666666	0.10598985023217156	0.09647611930562615	0.005901066483890245
phylum	CAMI_HIGH_S003	8.440854050276592	10157.475687536533	0.24719347851273774	0.4166666666666667	0.625	0.5	5.0	3.0	7.0	8.0	0.3333333333333333	1.1375845621285383	0.5470625354582285	0.12359673925636884
class	CAMI_HIGH_S003	8.440854050276592	10157.475687536533	0.34389924113832376	0.6666666666666666	0.8235294117647058	0.7368421052631577	14.0	3.0	7.0	17.0	0.5833333333333334	1.9049190566967438	0.6723528465277999	0.1719496205691619
order	CAMI_HIGH_S003	8.440854050276592	10157.475687536533	0.8797938510434158	0.7	0.6511627906976745	0.674698795180723	28.0	15.0	12.0	43.0	0.509090909090909	2.8983180506331028	0.7705833142299198	0.43989692552170795
family	CAMI_HIGH_S003	8.440854050276592	10157.475687536533	0.5984857592699927	0.6022727272727273	0.7361111111111112	0.6625000000000001	53.0	19.0	35.0	72.0	0.4953271028037383	3.552982701302108	0.8307832789433544	0.2992428796349964
genus	CAMI_HIGH_S003	8.440854050276592	10157.475687536533	1.0028441531681591	0.4020618556701031	0.6	0.4814814814814815	78.0	52.0	116.0	130.0	0.3170731707317073	4.174572988644156	0.8576360436962973	0.5014220765840792
species	CAMI_HIGH_S003	8.440854050276592	10157.475687536533	1.9679903248119035	0.037037037037037035	0.05232558139534884	0.04337349397590361	9.0	163.0	234.0	172.0	0.022167487684729065	4.584130299853624	0.8905556519783624	0.9839951624059512
strain	CAMI_HIGH_S003	8.440854050276592	10157.475687536533	na	0.0	0.0	na	0.0	0.0	1074.0	0.0	0.0	na	na	na
