rank	sample	Weighted UniFrac error	Unweighted UniFrac error	L1 norm error	Completeness (recall)	Purity (precision)	F1 score	True positives	False positives	False negatives	Taxon counts	Jaccard index	Shannon diversity	Shannon equitability	Bray-Curtis distance
superkingdom	CAMI_HIGH_S003	7.725656958090961	9605.006702549437	0.012534349002161325	1.0	0.6666666666666666	0.8	2.0	1.0	0.0	3.0	0.6666666666666666	0.054632598925725716	0.04972873459476676	0.006267174501080663
phylum	CAMI_HIGH_S003	7.725656958090961	9605.006702549437	0.045250216907659464	0.6666666666666666	1.0	0.8	8.0	0.0	4.0	8.0	0.6666666666666666	1.265879948910964	0.6087595748848741	0.02262510845382973
class	CAMI_HIGH_S003	7.725656958090961	9605.006702549437	0.1282658543298205	0.7619047619047619	0.8888888888888888	0.8205128205128205	16.0	2.0	5.0	18.0	0.6956521739130435	2.12211150500283	0.7342001938696864	0.06413292716491024
order	CAMI_HIGH_S003	7.725656958090961	9605.006702549437	0.6479180056814288	0.75	0.6976744186046512	0.7228915662650603	30.0	13.0	10.0	43.0	0.5660377358490566	2.9992319215416154	0.7974135460188242	0.32395900284071444
family	CAMI_HIGH_S003	7.725656958090961	9605.006702549437	0.26509930546770905	0.7159090909090909	0.875	0.7875000000000001	63.0	9.0	25.0	72.0	0.6494845360824743	3.6661495890132274	0.8572447525683181	0.13254965273385452
genus	CAMI_HIGH_S003	7.725656958090961	9605.006702549437	0.4402073040788028	0.654639175257732	0.900709219858156	0.7582089552238805	127.0	14.0	67.0	141.0	0.6105769230769231	4.328308102160003	0.8746247945016479	0.2201036520394015
species	CAMI_HIGH_S003	7.725656958090961	9605.006702549437	1.8170009900933428	0.3991769547325103	0.3702290076335878	0.3841584158415842	97.0	165.0	146.0	262.0	0.23774509803921567	5.200531067368991	0.9339456392930306	0.9085004950466717
strain	CAMI_HIGH_S003	7.725656958090961	9605.006702549437	na	0.0	0.0	na	0.0	0.0	1074.0	0.0	0.0	na	na	na
