rank	sample	Weighted UniFrac error	Unweighted UniFrac error	L1 norm error	Completeness (recall)	Purity (precision)	F1 score	True positives	False positives	False negatives	Taxon counts	Jaccard index	Shannon diversity	Shannon equitability	Bray-Curtis distance
superkingdom	CAMI_HIGH_S003	8.82564668683997	9796.674238493111	0.026350902916282486	1.0	0.5	0.6666666666666666	2.0	2.0	0.0	4.0	0.5	0.11136284186426985	0.08033130984844199	0.013175451458141247
phylum	CAMI_HIGH_S003	8.82564668683997	9796.674238493111	0.08753486026532956	0.6666666666666666	1.0	0.8	8.0	0.0	4.0	8.0	0.6666666666666666	1.2260585311332097	0.5896095209018295	0.04376743013266478
class	CAMI_HIGH_S003	8.82564668683997	9796.674238493111	0.1942344114919961	0.7619047619047619	0.8421052631578947	0.8	16.0	3.0	5.0	19.0	0.6666666666666666	2.1067643121747293	0.7155061888126296	0.09711720574599804
order	CAMI_HIGH_S003	8.82564668683997	9796.674238493111	0.7264861490975376	0.7	0.7	0.7	28.0	12.0	12.0	40.0	0.5384615384615384	2.92470887130921	0.7928447941142389	0.3632430745487688
family	CAMI_HIGH_S003	8.82564668683997	9796.674238493111	0.3426815476702623	0.6136363636363636	0.8571428571428571	0.7152317880794702	54.0	9.0	34.0	63.0	0.5567010309278351	3.56578082572849	0.8606480506208667	0.17134077383513122
genus	CAMI_HIGH_S003	8.82564668683997	9796.674238493111	0.5448734831034275	0.5309278350515464	0.8442622950819673	0.6518987341772152	103.0	19.0	91.0	122.0	0.4835680751173709	4.246441196461191	0.8839347615091422	0.2724367415517137
species	CAMI_HIGH_S003	8.82564668683997	9796.674238493111	1.8274421825549003	0.2757201646090535	0.23426573426573427	0.2533081285444234	67.0	219.0	176.0	286.0	0.14502164502164502	5.477920792711237	0.9685163939297141	0.9137210912774493
strain	CAMI_HIGH_S003	8.82564668683997	9796.674238493111	1.9521899521899564	0.021415270018621976	0.08041958041958042	0.03382352941176471	23.0	263.0	1051.0	286.0	0.01720269259536275	5.477920792711236	0.968516393929714	0.9760949760949762
