tool	sample	Weighted UniFrac error	Unweighted UniFrac error	L1 norm error	Completeness (recall)	Purity (precision)	F1 score	True positives	False positives	False negatives	Taxon counts	Jaccard index	Shannon diversity	Shannon equitability	Bray-Curtis distance
Metalign	CAMI_HIGH_S005	8.865158934354701	9917.591460681102	0.1907046166154965	0.7619047619047619	0.7619047619047619	0.7619047619047619	16.0	5.0	5.0	21.0	0.6153846153846154	2.0864615590720703	0.6853165321495368	0.0953523083077483
Bracken_custom	CAMI_HIGH_S005	7.70981257642427	9589.958465940657	0.13091452788680843	0.7619047619047619	0.8421052631578947	0.8	16.0	3.0	5.0	19.0	0.6666666666666666	2.0595275790669207	0.6994634949609196	0.06545726394340422
Bracken_original	CAMI_HIGH_S005	8.395382967301126	10208.386270009352	0.3097379531367608	0.6666666666666666	0.8235294117647058	0.7368421052631577	14.0	3.0	7.0	17.0	0.5833333333333334	1.8687345067740664	0.6595812880433007	0.1548689765683804
