tool	sample	Weighted UniFrac error	Unweighted UniFrac error	L1 norm error	Completeness (recall)	Purity (precision)	F1 score	True positives	False positives	False negatives	Taxon counts	Jaccard index	Shannon diversity	Shannon equitability	Bray-Curtis distance
Metalign	CAMI_HIGH_S005	8.865158934354701	9917.591460681102	0.3674056632958908	0.5909090909090909	0.8125	0.6842105263157896	52.0	12.0	36.0	64.0	0.52	3.528454665461242	0.8484140079770768	0.18370283164794532
Bracken_custom	CAMI_HIGH_S005	7.70981257642427	9589.958465940657	0.26558839923818567	0.7272727272727273	0.8648648648648649	0.7901234567901235	64.0	10.0	24.0	74.0	0.6530612244897959	3.6262245028816302	0.8425115383610706	0.1327941996190928
Bracken_original	CAMI_HIGH_S005	8.395382967301126	10208.386270009352	0.5771395437908554	0.5795454545454546	0.7183098591549296	0.6415094339622642	51.0	20.0	37.0	71.0	0.4722222222222222	3.508417661433058	0.8230544546235588	0.28856977189542776
