tool	sample	Weighted UniFrac error	Unweighted UniFrac error	L1 norm error	Completeness (recall)	Purity (precision)	F1 score	True positives	False positives	False negatives	Taxon counts	Jaccard index	Shannon diversity	Shannon equitability	Bray-Curtis distance
Metalign	CAMI_HIGH_S005	8.865158934354701	9917.591460681102	0.537631189463755	0.5412371134020618	0.84	0.658307210031348	105.0	20.0	89.0	125.0	0.49065420560747663	4.192924417669882	0.8684034728887715	0.26881559473187744
Bracken_custom	CAMI_HIGH_S005	7.70981257642427	9589.958465940657	0.41254972449104216	0.6855670103092784	0.8866666666666667	0.7732558139534884	133.0	17.0	61.0	150.0	0.6303317535545023	4.307843932272214	0.8597400687589256	0.206274862245521
Bracken_original	CAMI_HIGH_S005	8.395382967301126	10208.386270009352	0.9861456520777618	0.3865979381443299	0.6097560975609756	0.473186119873817	75.0	48.0	119.0	123.0	0.30991735537190085	4.0968921867648795	0.8513581118709695	0.4930728260388807
