tool	sample	Weighted UniFrac error	Unweighted UniFrac error	L1 norm error	Completeness (recall)	Purity (precision)	F1 score	True positives	False positives	False negatives	Taxon counts	Jaccard index	Shannon diversity	Shannon equitability	Bray-Curtis distance
Metalign	CAMI_HIGH_S005	8.865158934354701	9917.591460681102	0.7302878438051569	0.725	0.725	0.7250000000000001	29.0	11.0	11.0	40.0	0.5686274509803921	2.942637100296105	0.7977048686192221	0.36514392190257855
Bracken_custom	CAMI_HIGH_S005	7.70981257642427	9589.958465940657	0.6487222939161515	0.8	0.7441860465116279	0.7710843373493975	32.0	11.0	8.0	43.0	0.6274509803921569	2.992590557615642	0.7956477894194179	0.3243611469580757
Bracken_original	CAMI_HIGH_S005	8.395382967301126	10208.386270009352	0.878123022837193	0.7	0.6511627906976745	0.674698795180723	28.0	15.0	12.0	43.0	0.509090909090909	2.8887697396523864	0.7680446801006491	0.4390615114185965
