tool	sample	Weighted UniFrac error	Unweighted UniFrac error	L1 norm error	Completeness (recall)	Purity (precision)	F1 score	True positives	False positives	False negatives	Taxon counts	Jaccard index	Shannon diversity	Shannon equitability	Bray-Curtis distance
Metalign	CAMI_HIGH_S005	8.865158934354701	9917.591460681102	0.091558947038009	0.6666666666666666	0.8888888888888888	0.761904761904762	8.0	1.0	4.0	9.0	0.6153846153846154	1.206727346249057	0.5492052831995987	0.04577947351900451
Bracken_custom	CAMI_HIGH_S005	7.70981257642427	9589.958465940657	0.06001340046369565	0.6666666666666666	1.0	0.8	8.0	0.0	4.0	8.0	0.6666666666666666	1.2267073602896732	0.5899215417706342	0.030006700231847826
Bracken_original	CAMI_HIGH_S005	8.395382967301126	10208.386270009352	0.22167870827614855	0.4166666666666667	0.7142857142857143	0.5263157894736842	5.0	2.0	7.0	7.0	0.35714285714285715	1.1201054203853344	0.5756203188153961	0.11083935413807428
