tool	sample	Weighted UniFrac error	Unweighted UniFrac error	L1 norm error	Completeness (recall)	Purity (precision)	F1 score	True positives	False positives	False negatives	Taxon counts	Jaccard index	Shannon diversity	Shannon equitability	Bray-Curtis distance
Metalign	CAMI_HIGH_S005	8.865158934354701	9917.591460681102	1.8383946565325024	0.29218106995884774	0.24232081911262798	0.2649253731343284	71.0	222.0	172.0	293.0	0.15268817204301074	5.479411725500692	0.9646558480991098	0.9191973282662521
Bracken_custom	CAMI_HIGH_S005	7.70981257642427	9589.958465940657	1.8207658202337753	0.411522633744856	0.3508771929824561	0.3787878787878788	100.0	185.0	143.0	285.0	0.2336448598130841	5.325016641718061	0.9420657823293656	0.9103829101168884
Bracken_original	CAMI_HIGH_S005	8.395382967301126	10208.386270009352	1.9696789045641074	0.0411522633744856	0.05747126436781609	0.04796163069544365	10.0	164.0	233.0	174.0	0.02457002457002457	4.607625796284278	0.8931142484527727	0.9848394522820537
