tool	sample	Weighted UniFrac error	Unweighted UniFrac error	L1 norm error	Completeness (recall)	Purity (precision)	F1 score	True positives	False positives	False negatives	Taxon counts	Jaccard index	Shannon diversity	Shannon equitability	Bray-Curtis distance
Metalign	CAMI_HIGH_S005	8.865158934354701	9917.591460681102	0.05667181150745793	1.0	0.5	0.6666666666666666	2.0	2.0	0.0	4.0	0.5	0.17206211596246507	0.12411658071195505	0.028335905753728966
Bracken_custom	CAMI_HIGH_S005	7.70981257642427	9589.958465940657	0.013359761566243746	1.0	0.6666666666666666	0.8	2.0	1.0	0.0	3.0	0.6666666666666666	0.056122680676094557	0.05108506545483325	0.006679880783121873
Bracken_original	CAMI_HIGH_S005	8.395382967301126	10208.386270009352	0.00927516995126215	1.0	0.6666666666666666	0.8	2.0	1.0	0.0	3.0	0.6666666666666666	0.10343488299817721	0.09415048790649823	0.004637584975631075
