tool	sample	Weighted UniFrac error	Unweighted UniFrac error	L1 norm error	Completeness (recall)	Purity (precision)	F1 score	True positives	False positives	False negatives	Taxon counts	Jaccard index	Shannon diversity	Shannon equitability	Bray-Curtis distance
Metalign	CAMI_HIGH_S003	8.64620068894815	14616.978974490072	0.1920992245027607	0.9523809523809523	0.8	0.8695652173913043	20.0	5.0	1.0	25.0	0.7692307692307693	2.1198876066854786	0.658580113686827	0.09604961225138037
Bracken+Kraken2	CAMI_HIGH_S003	8.421195349026302	32533.960041502687	0.3397188297407538	1.0	0.25925925925925924	0.4117647058823529	21.0	60.0	0.0	81.0	0.25925925925925924	1.9782540928475356	0.4441176139344633	0.16985941487037692
CLARK	CAMI_HIGH_S003	8.516783865958416	47565.03019601786	0.3297799766615834	1.0	0.17355371900826447	0.29577464788732394	21.0	100.0	0.0	121.0	0.17355371900826447	1.9601203242599043	0.40020098743930943	0.1648899883307916
GOTTCHA	CAMI_HIGH_S003	11.57683314618844	10785.637972622613	1.4897954472051995	0.5714285714285714	0.8	0.6666666666666666	12.0	3.0	9.0	15.0	0.5	1.327967910327833	0.49037787770231644	0.7448977236025999
MEGAN+DIAMOND	CAMI_HIGH_S003	10.139122899687923	9971.41732833797	0.32747453858303005	0.9047619047619048	0.9047619047619048	0.9047619047619048	19.0	2.0	2.0	21.0	0.8260869565217391	2.2512235586699174	0.7394340507318763	0.16373726929151503
MetaPhlAn2	CAMI_HIGH_S003	9.667442280875287	10819.383812601804	0.9815192610640194	0.6190476190476191	1.0	0.7647058823529412	13.0	0.0	8.0	13.0	0.6190476190476191	1.8261686311318253	0.7119706382581903	0.4907596305320099
mOTUs2	CAMI_HIGH_S003	7.708553549233659	9611.554456416314	0.11323561009260741	0.9523809523809523	0.8695652173913043	0.909090909090909	20.0	3.0	1.0	23.0	0.8333333333333334	2.1395897082823288	0.6823771823314616	0.05661780504630372
