tool	sample	Weighted UniFrac error	Unweighted UniFrac error	L1 norm error	Completeness (recall)	Purity (precision)	F1 score	True positives	False positives	False negatives	Taxon counts	Jaccard index	Shannon diversity	Shannon equitability	Bray-Curtis distance
Metalign	CAMI_HIGH_S003	8.64620068894815	14616.978974490072	0.33132997236148853	0.8977272727272727	0.7821782178217822	0.835978835978836	79.0	22.0	9.0	101.0	0.7181818181818181	3.6568131535946513	0.7923548562275671	0.16566498618074432
Bracken+Kraken2	CAMI_HIGH_S003	8.421195349026302	32533.960041502687	0.6123182584710591	0.9545454545454546	0.2198952879581152	0.3574468085106383	84.0	298.0	4.0	382.0	0.21761658031088082	3.8025436277151914	0.6132631242017756	0.30615912923552996
CLARK	CAMI_HIGH_S003	8.516783865958416	47565.03019601786	0.6414660589297072	0.9659090909090909	0.1693227091633466	0.288135593220339	85.0	417.0	3.0	502.0	0.16831683168316833	3.631210877980033	0.5619792249799748	0.3207330294648529
GOTTCHA	CAMI_HIGH_S003	11.57683314618844	10785.637972622613	1.6324491354809805	0.4659090909090909	0.8367346938775511	0.5985401459854014	41.0	8.0	47.0	49.0	0.4270833333333333	1.6709249712036929	0.4293427864629006	0.8162245677404901
MEGAN+DIAMOND	CAMI_HIGH_S003	10.139122899687923	9971.41732833797	0.3380844027808682	0.8522727272727273	0.8823529411764706	0.8670520231213872	75.0	10.0	13.0	85.0	0.7653061224489796	3.758900680051739	0.8460940242744287	0.1690422013904341
MetaPhlAn2	CAMI_HIGH_S003	9.667442280875287	10819.383812601804	1.2194790354470437	0.6363636363636364	0.9824561403508771	0.7724137931034484	56.0	1.0	32.0	57.0	0.6292134831460674	2.879444550869216	0.7121959035685047	0.6097395177235219
mOTUs2	CAMI_HIGH_S003	7.708553549233659	9611.554456416314	0.2767865569941184	0.8863636363636364	0.8571428571428571	0.8715083798882681	78.0	13.0	10.0	91.0	0.7722772277227723	3.687738281602867	0.817524526373562	0.13839327849705918
