tool	sample	Weighted UniFrac error	Unweighted UniFrac error	L1 norm error	Completeness (recall)	Purity (precision)	F1 score	True positives	False positives	False negatives	Taxon counts	Jaccard index	Shannon diversity	Shannon equitability	Bray-Curtis distance
Metalign	CAMI_HIGH_S003	8.646200688948175	14616.978974490074	0.3313299723614886	0.8977272727272727	0.7821782178217822	0.835978835978836	79.0	22.0	9.0	101.0	0.7181818181818181	3.6568131535946526	0.7923548562275674	0.16566498618074438
Bracken+Kraken2	CAMI_HIGH_S003	8.421195349026503	32533.960041502694	0.6123182584710594	0.9545454545454546	0.2198952879581152	0.3574468085106383	84.0	298.0	4.0	382.0	0.21761658031088082	3.8025436277151945	0.6132631242017761	0.30615912923552996
CLARK	CAMI_HIGH_S003	8.516783865958319	47565.03019601786	0.6414660589297074	0.9659090909090909	0.1693227091633466	0.288135593220339	85.0	417.0	3.0	502.0	0.16831683168316833	3.631210877980031	0.5619792249799744	0.3207330294648529
GOTTCHA	CAMI_HIGH_S003	11.576833146188434	10785.637972622613	1.63244913548098	0.4659090909090909	0.8367346938775511	0.5985401459854014	41.0	8.0	47.0	49.0	0.4270833333333333	1.6709249712036924	0.42934278646290047	0.8162245677404902
MEGAN+DIAMOND	CAMI_HIGH_S003	10.139122899687933	9971.417328337971	0.33808440278086827	0.8522727272727273	0.8823529411764706	0.8670520231213872	75.0	10.0	13.0	85.0	0.7653061224489796	3.7589006800517377	0.8460940242744284	0.16904220139043405
MetaBinG2	CAMI_HIGH_S003	11.515951307759858	11448.318871738767	1.5740865420714303	0.06818181818181818	1.0	0.1276595744680851	6.0	0.0	82.0	6.0	0.06818181818181818	1.522556609265877	0.8497550231571213	0.7870432710357156
MetaPhlAn2	CAMI_HIGH_S003	9.667442280875296	10819.383812601802	1.2194790354470435	0.6363636363636364	0.9824561403508771	0.7724137931034484	56.0	1.0	32.0	57.0	0.6292134831460674	2.8794445508692164	0.7121959035685048	0.6097395177235219
mOTUs2	CAMI_HIGH_S003	7.708553549233659	9611.554456416314	0.27678655699411847	0.8863636363636364	0.8571428571428571	0.8715083798882681	78.0	13.0	10.0	91.0	0.7722772277227723	3.6877382816028685	0.8175245263735623	0.13839327849705918
