tool	sample	Weighted UniFrac error	Unweighted UniFrac error	L1 norm error	Completeness (recall)	Purity (precision)	F1 score	True positives	False positives	False negatives	Taxon counts	Jaccard index	Shannon diversity	Shannon equitability	Bray-Curtis distance
Metalign	CAMI_HIGH_S003	8.646200688948175	14616.978974490074	0.4981603609467304	0.8608247422680413	0.7522522522522522	0.8028846153846154	167.0	55.0	27.0	222.0	0.6706827309236948	4.441542913579406	0.822100340190997	0.2490801804733651
Bracken+Kraken2	CAMI_HIGH_S003	8.421195349026503	32533.960041502694	1.039604625313804	0.6443298969072165	0.09928514694201747	0.17205781142463863	125.0	1134.0	69.0	1259.0	0.09412650602409639	4.872208268764357	0.644243504362459	0.5198023126569014
CLARK	CAMI_HIGH_S003	8.516783865958319	47565.03019601786	1.0477334176847166	0.634020618556701	0.08216432865731463	0.14547604967474867	123.0	1374.0	71.0	1497.0	0.0784438775510204	4.599216695744911	0.6132308108741151	0.5238667088423575
GOTTCHA	CAMI_HIGH_S003	11.576833146188434	10785.637972622613	1.8212399091255684	0.2268041237113402	0.6285714285714286	0.3333333333333333	44.0	26.0	150.0	70.0	0.2	1.9479085036117327	0.45696804822316545	0.9106199545627846
MEGAN+DIAMOND	CAMI_HIGH_S003	10.139122899687933	9971.417328337971	0.534315705593712	0.7319587628865979	0.9342105263157895	0.8208092485549132	142.0	10.0	52.0	152.0	0.696078431372549	4.412895574670653	0.8783838621081095	0.26715785279685617
MetaBinG2	CAMI_HIGH_S003	11.515951307759858	11448.318871738767	1.7580279794171079	0.030927835051546393	0.75	0.05940594059405941	6.0	2.0	188.0	8.0	0.030612244897959183	1.9059417891629837	0.9165642558161584	0.8790139897085538
MetaPhlAn2	CAMI_HIGH_S003	9.667442280875296	10819.383812601802	1.4792337518760175	0.31958762886597936	0.7848101265822784	0.45421245421245415	62.0	17.0	132.0	79.0	0.2938388625592417	3.0052696238498413	0.6877916215782378	0.7396168759380086
mOTUs2	CAMI_HIGH_S003	7.708553549233659	9611.554456416314	0.40705104167589895	0.8195876288659794	0.8641304347826086	0.8412698412698412	159.0	25.0	35.0	184.0	0.726027397260274	4.498951358563612	0.8627050394627204	0.2035255208379496
