tool	sample	Weighted UniFrac error	Unweighted UniFrac error	L1 norm error	Completeness (recall)	Purity (precision)	F1 score	True positives	False positives	False negatives	Taxon counts	Jaccard index	Shannon diversity	Shannon equitability	Bray-Curtis distance
Metalign	CAMI_HIGH_S003	8.64620068894815	14616.978974490072	0.49816036094673033	0.8608247422680413	0.7522522522522522	0.8028846153846154	167.0	55.0	27.0	222.0	0.6706827309236948	4.4415429135794104	0.8221003401909979	0.24908018047336508
Bracken+Kraken2	CAMI_HIGH_S003	8.421195349026302	32533.960041502687	1.0396046253138014	0.6443298969072165	0.09928514694201747	0.17205781142463863	125.0	1134.0	69.0	1259.0	0.09412650602409639	4.872208268764351	0.6442435043624581	0.5198023126569014
CLARK	CAMI_HIGH_S003	8.516783865958416	47565.03019601786	1.0477334176847166	0.634020618556701	0.08216432865731463	0.14547604967474867	123.0	1374.0	71.0	1497.0	0.0784438775510204	4.599216695744916	0.6132308108741159	0.5238667088423575
GOTTCHA	CAMI_HIGH_S003	11.57683314618844	10785.637972622613	1.8212399091255695	0.2268041237113402	0.6285714285714286	0.3333333333333333	44.0	26.0	150.0	70.0	0.2	1.9479085036117323	0.45696804822316534	0.9106199545627846
MEGAN+DIAMOND	CAMI_HIGH_S003	10.139122899687923	9971.41732833797	0.5343157055937126	0.7319587628865979	0.9342105263157895	0.8208092485549132	142.0	10.0	52.0	152.0	0.696078431372549	4.412895574670651	0.8783838621081091	0.2671578527968561
MetaPhlAn2	CAMI_HIGH_S003	9.667442280875287	10819.383812601804	1.4792337518760177	0.31958762886597936	0.7848101265822784	0.45421245421245415	62.0	17.0	132.0	79.0	0.2938388625592417	3.0052696238498378	0.6877916215782369	0.7396168759380085
mOTUs2	CAMI_HIGH_S003	7.708553549233659	9611.554456416314	0.40705104167589945	0.8195876288659794	0.8641304347826086	0.8412698412698412	159.0	25.0	35.0	184.0	0.726027397260274	4.4989513585636125	0.8627050394627205	0.20352552083794956
