tool	sample	Weighted UniFrac error	Unweighted UniFrac error	L1 norm error	Completeness (recall)	Purity (precision)	F1 score	True positives	False positives	False negatives	Taxon counts	Jaccard index	Shannon diversity	Shannon equitability	Bray-Curtis distance
Metalign	CAMI_HIGH_S003	8.646200688948175	14616.978974490074	0.7209054534552408	0.925	0.6981132075471698	0.7956989247311829	37.0	16.0	3.0	53.0	0.6607142857142857	2.9602496383605796	0.7455999968808635	0.3604527267276204
Bracken+Kraken2	CAMI_HIGH_S003	8.421195349026503	32533.960041502694	0.8797696146026042	1.0	0.22099447513812154	0.3619909502262444	40.0	141.0	0.0	181.0	0.22099447513812154	3.0265198293444144	0.5756581062242772	0.43988480730130214
CLARK	CAMI_HIGH_S003	8.516783865958319	47565.03019601786	0.9093124056614164	1.0	0.1532567049808429	0.26578073089700993	40.0	221.0	0.0	261.0	0.1532567049808429	2.915956068408594	0.5041570200491503	0.4546562028307085
GOTTCHA	CAMI_HIGH_S003	11.576833146188434	10785.637972622613	1.2626390021978466	0.575	0.7666666666666667	0.6571428571428571	23.0	7.0	17.0	30.0	0.48936170212765956	2.190890312460602	0.6441526517317028	0.6313195010989233
MEGAN+DIAMOND	CAMI_HIGH_S003	10.139122899687933	9971.417328337971	0.6585435636423764	0.875	0.7142857142857143	0.7865168539325842	35.0	14.0	5.0	49.0	0.6481481481481481	3.072985523733422	0.7896010833864229	0.3292717818211882
MetaBinG2	CAMI_HIGH_S003	11.515951307759858	11448.318871738767	1.5392367300503684	0.1	0.6666666666666666	0.1739130434782609	4.0	2.0	36.0	6.0	0.09523809523809523	1.581598676228238	0.8827070281423651	0.7696183650251841
MetaPhlAn2	CAMI_HIGH_S003	9.667442280875296	10819.383812601802	1.0355956525822907	0.75	1.0	0.8571428571428571	30.0	0.0	10.0	30.0	0.75	2.4628405340837496	0.7241098524191403	0.5177978262911452
mOTUs2	CAMI_HIGH_S003	7.708553549233659	9611.554456416314	0.6283162040244887	0.9	0.72	0.7999999999999999	36.0	14.0	4.0	50.0	0.6666666666666666	2.967556803862304	0.7585734541296553	0.3141581020122445
