tool	sample	Weighted UniFrac error	Unweighted UniFrac error	L1 norm error	Completeness (recall)	Purity (precision)	F1 score	True positives	False positives	False negatives	Taxon counts	Jaccard index	Shannon diversity	Shannon equitability	Bray-Curtis distance
Metalign	CAMI_HIGH_S003	8.646200688948175	14616.978974490074	0.08565921868758472	0.9166666666666666	0.9166666666666666	0.9166666666666666	11.0	1.0	1.0	12.0	0.8461538461538461	1.235412569995163	0.4971665917915114	0.04282960934379236
Bracken+Kraken2	CAMI_HIGH_S003	8.421195349026503	32533.960041502694	0.2423384193844557	1.0	0.2857142857142857	0.4444444444444445	12.0	30.0	0.0	42.0	0.2857142857142857	1.1827667217791962	0.3107096373680768	0.12116920969222784
CLARK	CAMI_HIGH_S003	8.516783865958319	47565.03019601786	0.24834093196065932	1.0	0.22641509433962265	0.36923076923076925	12.0	41.0	0.0	53.0	0.22641509433962265	1.1419976836560253	0.2849769736802597	0.12417046598032963
GOTTCHA	CAMI_HIGH_S003	11.576833146188434	10785.637972622613	0.7357182623426936	0.4166666666666667	1.0	0.5882352941176471	5.0	0.0	7.0	5.0	0.4166666666666667	0.6785168046918867	0.42158619444083034	0.3678591311713467
MEGAN+DIAMOND	CAMI_HIGH_S003	10.139122899687933	9971.417328337971	0.19674782507596913	0.9166666666666666	1.0	0.9565217391304348	11.0	0.0	1.0	11.0	0.9166666666666666	1.3274404539877258	0.5535856669997885	0.09837391253798455
MetaBinG2	CAMI_HIGH_S003	11.515951307759858	11448.318871738767	0.22390548000766092	0.3333333333333333	1.0	0.5	4.0	0.0	8.0	4.0	0.3333333333333333	1.2868811972117593	0.9282885607153287	0.11195274000383046
MetaPhlAn2	CAMI_HIGH_S003	9.667442280875296	10819.383812601802	0.5572151417617991	0.5	1.0	0.6666666666666666	6.0	0.0	6.0	6.0	0.5	1.0133921949749825	0.5655849528796312	0.27860757088089955
mOTUs2	CAMI_HIGH_S003	7.708553549233659	9611.554456416314	0.0659965775846641	0.9166666666666666	1.0	0.9565217391304348	11.0	0.0	1.0	11.0	0.9166666666666666	1.3238508939671305	0.5520887042002388	0.03299828879233204
