tool	sample	Weighted UniFrac error	Unweighted UniFrac error	L1 norm error	Completeness (recall)	Purity (precision)	F1 score	True positives	False positives	False negatives	Taxon counts	Jaccard index	Shannon diversity	Shannon equitability	Bray-Curtis distance
Metalign	CAMI_HIGH_S003	8.64620068894815	14616.978974490072	0.08565921868758472	0.9166666666666666	0.9166666666666666	0.9166666666666666	11.0	1.0	1.0	12.0	0.8461538461538461	1.2354125699951635	0.4971665917915116	0.04282960934379236
Bracken+Kraken2	CAMI_HIGH_S003	8.421195349026302	32533.960041502687	0.24233841938445572	1.0	0.2857142857142857	0.4444444444444445	12.0	30.0	0.0	42.0	0.2857142857142857	1.1827667217791964	0.31070963736807683	0.12116920969222787
CLARK	CAMI_HIGH_S003	8.516783865958416	47565.03019601786	0.2483409319606593	1.0	0.22641509433962265	0.36923076923076925	12.0	41.0	0.0	53.0	0.22641509433962265	1.1419976836560253	0.2849769736802597	0.12417046598032958
GOTTCHA	CAMI_HIGH_S003	11.57683314618844	10785.637972622613	0.7357182623426936	0.4166666666666667	1.0	0.5882352941176471	5.0	0.0	7.0	5.0	0.4166666666666667	0.6785168046918867	0.42158619444083034	0.36785913117134683
MEGAN+DIAMOND	CAMI_HIGH_S003	10.139122899687923	9971.41732833797	0.19674782507596908	0.9166666666666666	1.0	0.9565217391304348	11.0	0.0	1.0	11.0	0.9166666666666666	1.3274404539877258	0.5535856669997885	0.09837391253798454
MetaPhlAn2	CAMI_HIGH_S003	9.667442280875287	10819.383812601804	0.5572151417617991	0.5	1.0	0.6666666666666666	6.0	0.0	6.0	6.0	0.5	1.0133921949749825	0.5655849528796312	0.27860757088089955
mOTUs2	CAMI_HIGH_S003	7.708553549233659	9611.554456416314	0.0659965775846641	0.9166666666666666	1.0	0.9565217391304348	11.0	0.0	1.0	11.0	0.9166666666666666	1.3238508939671303	0.5520887042002387	0.03299828879233205
