tool	sample	Weighted UniFrac error	Unweighted UniFrac error	L1 norm error	Completeness (recall)	Purity (precision)	F1 score	True positives	False positives	False negatives	Taxon counts	Jaccard index	Shannon diversity	Shannon equitability	Bray-Curtis distance
Metalign	CAMI_HIGH_S003	8.646200688948175	14616.978974490074	1.7621406854010502	0.6584362139917695	0.09956440572495333	0.17297297297297298	160.0	1447.0	83.0	1607.0	0.09467455621301775	6.320362827850293	0.8561712746516233	0.8810703427005244
Bracken+Kraken2	CAMI_HIGH_S003	8.421195349026503	32533.960041502694	1.966604533612973	0.06584362139917696	0.0037426900584795323	0.007082779991146525	16.0	4259.0	227.0	4275.0	0.003553976010661928	6.616297076648481	0.7449943836947214	0.9833022668064654
CLARK	CAMI_HIGH_S003	8.516783865958319	47565.03019601786	1.9646749192232655	0.07407407407407407	0.0034883720930232558	0.006662965019433647	18.0	5142.0	225.0	5160.0	0.003342618384401114	6.161415150554948	0.7112172926981326	0.9823374596116319
GOTTCHA	CAMI_HIGH_S003	11.576833146188434	10785.637972622613	1.990325686189128	0.00823045267489712	0.021052631578947368	0.01183431952662722	2.0	93.0	241.0	95.0	0.005952380952380952	1.9073868193713868	0.41788810567451373	0.9951628430945644
MEGAN+DIAMOND	CAMI_HIGH_S003	10.139122899687933	9971.417328337971	1.8260331426138388	0.35390946502057613	0.6231884057971014	0.45144356955380577	86.0	52.0	157.0	138.0	0.29152542372881357	4.59634541796037	0.9328412360431818	0.9130165713069193
MetaBinG2	CAMI_HIGH_S003	11.515951307759858	11448.318871738767	1.9952956258477303	0.00411522633744856	0.125	0.00796812749003984	1.0	7.0	242.0	8.0	0.004	1.9059417891629842	0.9165642558161586	0.9976478129238657
MetaPhlAn2	CAMI_HIGH_S003	9.667442280875296	10819.383812601802	1.9637162604737946	0.0205761316872428	0.10869565217391304	0.03460207612456747	5.0	41.0	238.0	46.0	0.017605633802816902	2.2645760173152683	0.5914829263957467	0.9818581302368972
mOTUs2	CAMI_HIGH_S003	7.708553549233659	9611.554456416314	1.822892161854798	0.5020576131687243	0.4178082191780822	0.4560747663551402	122.0	170.0	121.0	292.0	0.29539951573849876	5.244961535234171	0.9239367634964937	0.911446080927399
