tool	sample	Weighted UniFrac error	Unweighted UniFrac error	L1 norm error	Completeness (recall)	Purity (precision)	F1 score	True positives	False positives	False negatives	Taxon counts	Jaccard index	Shannon diversity	Shannon equitability	Bray-Curtis distance
Metalign	CAMI_HIGH_S003	8.64620068894815	14616.978974490072	1.762140685401055	0.6584362139917695	0.09956440572495333	0.17297297297297298	160.0	1447.0	83.0	1607.0	0.09467455621301775	6.3203628278502935	0.8561712746516235	0.8810703427005244
Bracken+Kraken2	CAMI_HIGH_S003	8.421195349026302	32533.960041502687	1.9666045336129343	0.06584362139917696	0.0037426900584795323	0.007082779991146525	16.0	4259.0	227.0	4275.0	0.003553976010661928	6.6162970766484825	0.7449943836947216	0.9833022668064653
CLARK	CAMI_HIGH_S003	8.516783865958416	47565.03019601786	1.9646749192232738	0.07407407407407407	0.0034883720930232558	0.006662965019433647	18.0	5142.0	225.0	5160.0	0.003342618384401114	6.161415150554919	0.7112172926981293	0.9823374596116318
GOTTCHA	CAMI_HIGH_S003	11.57683314618844	10785.637972622613	1.9903256861891294	0.00823045267489712	0.021052631578947368	0.01183431952662722	2.0	93.0	241.0	95.0	0.005952380952380952	1.9073868193713854	0.41788810567451345	0.9951628430945644
MEGAN+DIAMOND	CAMI_HIGH_S003	10.139122899687923	9971.41732833797	1.8260331426138396	0.35390946502057613	0.6231884057971014	0.45144356955380577	86.0	52.0	157.0	138.0	0.29152542372881357	4.596345417960371	0.932841236043182	0.9130165713069194
MetaPhlAn2	CAMI_HIGH_S003	9.667442280875287	10819.383812601804	1.963716260473795	0.0205761316872428	0.10869565217391304	0.03460207612456747	5.0	41.0	238.0	46.0	0.017605633802816902	2.2645760173152674	0.5914829263957465	0.9818581302368972
mOTUs2	CAMI_HIGH_S003	7.708553549233659	9611.554456416314	1.8228921618547986	0.5020576131687243	0.4178082191780822	0.4560747663551402	122.0	170.0	121.0	292.0	0.29539951573849876	5.244961535234174	0.9239367634964943	0.9114460809273992
