tool	sample	Weighted UniFrac error	Unweighted UniFrac error	L1 norm error	Completeness (recall)	Purity (precision)	F1 score	True positives	False positives	False negatives	Taxon counts	Jaccard index	Shannon diversity	Shannon equitability	Bray-Curtis distance
Metalign	CAMI_HIGH_S003	8.64620068894815	14616.978974490072	1.928497928497936	0.056797020484171325	0.037958929682638455	0.04550540842969041	61.0	1546.0	1013.0	1607.0	0.023282442748091603	6.3203628278502935	0.8561712746516235	0.9642489642489643
Bracken+Kraken2	CAMI_HIGH_S003	8.421195349026302	32533.960041502687	na	0.0	0.0	na	0.0	0.0	1074.0	0.0	0.0	na	na	na
CLARK	CAMI_HIGH_S003	8.516783865958416	47565.03019601786	na	0.0	0.0	na	0.0	0.0	1074.0	0.0	0.0	na	na	na
GOTTCHA	CAMI_HIGH_S003	11.57683314618844	10785.637972622613	na	0.0	0.0	na	0.0	0.0	1074.0	0.0	0.0	na	na	na
MEGAN+DIAMOND	CAMI_HIGH_S003	10.139122899687923	9971.41732833797	2.0000000000000018	0.0	0.0	na	0.0	60.0	1074.0	60.0	0.0	3.402385004843573	0.830996256699269	1.0
MetaPhlAn2	CAMI_HIGH_S003	9.667442280875287	10819.383812601804	na	0.0	0.0	na	0.0	0.0	1074.0	0.0	0.0	na	na	na
mOTUs2	CAMI_HIGH_S003	7.708553549233659	9611.554456416314	na	0.0	0.0	na	0.0	0.0	1074.0	0.0	0.0	na	na	na
