tool	sample	Weighted UniFrac error	Unweighted UniFrac error	L1 norm error	Completeness (recall)	Purity (precision)	F1 score	True positives	False positives	False negatives	Taxon counts	Jaccard index	Shannon diversity	Shannon equitability	Bray-Curtis distance
Metalign	CAMI_HIGH_S003	8.646200688948175	14616.978974490074	1.9284979284979367	0.056797020484171325	0.037958929682638455	0.04550540842969041	61.0	1546.0	1013.0	1607.0	0.023282442748091603	6.320362827850294	0.8561712746516236	0.9642489642489643
Bracken+Kraken2	CAMI_HIGH_S003	8.421195349026503	32533.960041502694	na	0.0	0.0	na	0.0	0.0	1074.0	0.0	0.0	na	na	na
CLARK	CAMI_HIGH_S003	8.516783865958319	47565.03019601786	na	0.0	0.0	na	0.0	0.0	1074.0	0.0	0.0	na	na	na
GOTTCHA	CAMI_HIGH_S003	11.576833146188434	10785.637972622613	na	0.0	0.0	na	0.0	0.0	1074.0	0.0	0.0	na	na	na
MEGAN+DIAMOND	CAMI_HIGH_S003	10.139122899687933	9971.417328337971	2.000000000000002	0.0	0.0	na	0.0	60.0	1074.0	60.0	0.0	3.4023850048435733	0.8309962566992691	1.0
MetaBinG2	CAMI_HIGH_S003	11.515951307759858	11448.318871738767	2.000000000000002	0.0	0.0	na	0.0	8.0	1074.0	8.0	0.0	1.905941789162984	0.9165642558161585	1.0
MetaPhlAn2	CAMI_HIGH_S003	9.667442280875296	10819.383812601802	na	0.0	0.0	na	0.0	0.0	1074.0	0.0	0.0	na	na	na
mOTUs2	CAMI_HIGH_S003	7.708553549233659	9611.554456416314	na	0.0	0.0	na	0.0	0.0	1074.0	0.0	0.0	na	na	na
