tool	sample	Weighted UniFrac error	Unweighted UniFrac error	L1 norm error	Completeness (recall)	Purity (precision)	F1 score	True positives	False positives	False negatives	Taxon counts	Jaccard index	Shannon diversity	Shannon equitability	Bray-Curtis distance
Metalign	CAMI_HIGH_S003	8.646200688948175	14616.978974490074	0.026350902916282486	1.0	0.5	0.6666666666666666	2.0	2.0	0.0	4.0	0.5	0.11136284186426985	0.08033130984844199	0.013175451458141247
Bracken+Kraken2	CAMI_HIGH_S003	8.421195349026503	32533.960041502694	0.012684070839822863	1.0	0.5	0.6666666666666666	2.0	2.0	0.0	4.0	0.5	0.10985987187321612	0.07924714617209291	0.006342035419911432
CLARK	CAMI_HIGH_S003	8.516783865958319	47565.03019601786	0.029666297657064772	1.0	0.5	0.6666666666666666	2.0	2.0	0.0	4.0	0.5	0.1347274289263151	0.09718529679185753	0.014833148828532382
GOTTCHA	CAMI_HIGH_S003	11.576833146188434	10785.637972622613	0.16907507407606887	1.0	1.0	1.0	2.0	0.0	0.0	2.0	1.0	0.3222293241986792	0.4648786480504366	0.08453753703803443
MEGAN+DIAMOND	CAMI_HIGH_S003	10.139122899687933	9971.417328337971	0.015387129160177126	1.0	1.0	1.0	2.0	0.0	0.0	2.0	1.0	0.03908371997865235	0.05638588899269465	0.007693564580088563
MetaBinG2	CAMI_HIGH_S003	11.515951307759858	11448.318871738767	0.02833592916017716	0.5	1.0	0.6666666666666666	1.0	0.0	1.0	1.0	0.5	0.0	0.0	0.01416796458008858
MetaPhlAn2	CAMI_HIGH_S003	9.667442280875296	10819.383812601802	0.1623262708398228	1.0	1.0	1.0	2.0	0.0	0.0	2.0	1.0	0.3147015319616293	0.45401833952120224	0.0811631354199114
mOTUs2	CAMI_HIGH_S003	7.708553549233659	9611.554456416314	0.006892513437793468	1.0	1.0	1.0	2.0	0.0	0.0	2.0	1.0	0.05929216707963075	0.08554051540934314	0.003446256718896734
