tool	sample	Weighted UniFrac error	Unweighted UniFrac error	L1 norm error	Completeness (recall)	Purity (precision)	F1 score	True positives	False positives	False negatives	Taxon counts	Jaccard index	Shannon diversity	Shannon equitability	Bray-Curtis distance
Metalign	CAMI_HIGH_S003	8.64620068894815	14616.978974490072	0.026350902916282486	1.0	0.5	0.6666666666666666	2.0	2.0	0.0	4.0	0.5	0.11136284186426985	0.08033130984844199	0.013175451458141245
Bracken+Kraken2	CAMI_HIGH_S003	8.421195349026302	32533.960041502687	0.012684070839822863	1.0	0.5	0.6666666666666666	2.0	2.0	0.0	4.0	0.5	0.10985987187321612	0.07924714617209291	0.006342035419911432
CLARK	CAMI_HIGH_S003	8.516783865958416	47565.03019601786	0.029666297657064772	1.0	0.5	0.6666666666666666	2.0	2.0	0.0	4.0	0.5	0.1347274289263151	0.09718529679185753	0.014833148828532382
GOTTCHA	CAMI_HIGH_S003	11.57683314618844	10785.637972622613	0.16907507407606887	1.0	1.0	1.0	2.0	0.0	0.0	2.0	1.0	0.3222293241986792	0.4648786480504366	0.08453753703803443
MEGAN+DIAMOND	CAMI_HIGH_S003	10.139122899687923	9971.41732833797	0.015387129160177126	1.0	1.0	1.0	2.0	0.0	0.0	2.0	1.0	0.03908371997865235	0.05638588899269465	0.007693564580088563
MetaPhlAn2	CAMI_HIGH_S003	9.667442280875287	10819.383812601804	0.1623262708398228	1.0	1.0	1.0	2.0	0.0	0.0	2.0	1.0	0.3147015319616293	0.45401833952120224	0.0811631354199114
mOTUs2	CAMI_HIGH_S003	7.708553549233659	9611.554456416314	0.006892513437793468	1.0	1.0	1.0	2.0	0.0	0.0	2.0	1.0	0.05929216707963075	0.08554051540934314	0.003446256718896734
