tool	sample	Weighted UniFrac error	Unweighted UniFrac error	L1 norm error	Completeness (recall)	Purity (precision)	F1 score	True positives	False positives	False negatives	Taxon counts	Jaccard index	Shannon diversity	Shannon equitability	Bray-Curtis distance
Metalign	CAMI_low_S001	8.566899747708419	827.0853864788289	0.6265662352386586	0.9166666666666666	0.9166666666666666	0.9166666666666666	11.0	1.0	1.0	12.0	0.8461538461538461	2.234802469660449	0.8993506737370238	0.3132831176193293
Bracken_custom	CAMI_low_S001	7.649815012056451	957.0804483763742	0.6227303422667063	1.0	0.8571428571428571	0.923076923076923	12.0	2.0	0.0	14.0	0.8571428571428571	2.25302315700565	0.8537227030737193	0.31136517113335316
Bracken_original	CAMI_low_S001	11.54244550400534	9939.464139429376	1.1065762265762262	1.0	0.21428571428571427	0.35294117647058826	12.0	44.0	0.0	56.0	0.21428571428571427	2.095464072767305	0.5205667066533037	0.5532881132881132
