tool	sample	Weighted UniFrac error	Unweighted UniFrac error	L1 norm error	Completeness (recall)	Purity (precision)	F1 score	True positives	False positives	False negatives	Taxon counts	Jaccard index	Shannon diversity	Shannon equitability	Bray-Curtis distance
Metalign	CAMI_low_S001	8.566899747708419	827.0853864788289	0.7206540250037989	0.9375	0.6818181818181818	0.7894736842105263	15.0	7.0	1.0	22.0	0.6521739130434783	2.2505209423190413	0.7280783024749221	0.3603270125018995
Bracken_custom	CAMI_low_S001	7.649815012056451	957.0804483763742	0.7277488687551339	0.9375	0.3333333333333333	0.49180327868852464	15.0	30.0	1.0	45.0	0.32608695652173914	2.390834962665047	0.6280659157700376	0.363874434377567
Bracken_original	CAMI_low_S001	11.54244550400534	9939.464139429376	1.4697977690819792	0.8125	0.05752212389380531	0.10743801652892561	13.0	213.0	3.0	226.0	0.056768558951965066	3.124181359153539	0.5763603333569407	0.7348988845409903
