tool	sample	Weighted UniFrac error	Unweighted UniFrac error	L1 norm error	Completeness (recall)	Purity (precision)	F1 score	True positives	False positives	False negatives	Taxon counts	Jaccard index	Shannon diversity	Shannon equitability	Bray-Curtis distance
Metalign	CAMI_low_S001	8.566899747708419	827.0853864788289	0.5790050896237107	0.8636363636363636	0.6785714285714286	0.76	19.0	9.0	3.0	28.0	0.6129032258064516	2.4387366007145874	0.7318688253580093	0.28950254481185533
Bracken_custom	CAMI_low_S001	7.649815012056451	957.0804483763742	0.5856458654547513	0.9545454545454546	0.3684210526315789	0.5316455696202531	21.0	36.0	1.0	57.0	0.3620689655172414	2.5524647483586462	0.6313213905214071	0.29282293272737553
Bracken_original	CAMI_low_S001	11.54244550400534	9939.464139429376	1.7251760281736872	0.5	0.02131782945736434	0.040892193308550186	11.0	505.0	11.0	516.0	0.020872865275142316	3.614826453971618	0.5787327353974427	0.8625880140868477
