tool	sample	Weighted UniFrac error	Unweighted UniFrac error	L1 norm error	Completeness (recall)	Purity (precision)	F1 score	True positives	False positives	False negatives	Taxon counts	Jaccard index	Shannon diversity	Shannon equitability	Bray-Curtis distance
Metalign	CAMI_low_S001	8.566899747708419	827.0853864788289	0.890381548194328	0.8571428571428571	0.75	0.7999999999999999	12.0	4.0	2.0	16.0	0.6666666666666666	2.3176130951993263	0.8359022297858473	0.44519077409716395
Bracken_custom	CAMI_low_S001	7.649815012056451	957.0804483763742	0.8853707807404798	0.9285714285714286	0.3939393939393939	0.5531914893617021	13.0	20.0	1.0	33.0	0.38235294117647056	2.414049101081075	0.6904172402443173	0.44268539037023996
Bracken_original	CAMI_low_S001	11.54244550400534	9939.464139429376	1.3861932941349873	0.9285714285714286	0.11016949152542373	0.196969696969697	13.0	105.0	1.0	118.0	0.1092436974789916	2.7111868556969974	0.5683014219370371	0.6930966470674937
