tool	sample	Weighted UniFrac error	Unweighted UniFrac error	L1 norm error	Completeness (recall)	Purity (precision)	F1 score	True positives	False positives	False negatives	Taxon counts	Jaccard index	Shannon diversity	Shannon equitability	Bray-Curtis distance
Metalign	CAMI_low_S001	8.566899747708419	827.0853864788289	0.3136659137962038	1.0	1.0	1.0	6.0	0.0	0.0	6.0	1.0	1.6510339508687808	0.9214595927767565	0.1568329568981019
Bracken_custom	CAMI_low_S001	7.649815012056451	957.0804483763742	0.3061528697335614	1.0	0.6666666666666666	0.8	6.0	3.0	0.0	9.0	0.6666666666666666	1.6538818134447368	0.7527140514010643	0.1530764348667807
Bracken_original	CAMI_low_S001	11.54244550400534	9939.464139429376	0.891555911306379	1.0	0.21428571428571427	0.35294117647058826	6.0	22.0	0.0	28.0	0.21428571428571427	1.1460478596826387	0.3439308290301728	0.4457779556531895
