tool	sample	Weighted UniFrac error	Unweighted UniFrac error	L1 norm error	Completeness (recall)	Purity (precision)	F1 score	True positives	False positives	False negatives	Taxon counts	Jaccard index	Shannon diversity	Shannon equitability	Bray-Curtis distance
Metalign	CAMI_low_S001	8.566899747708419	827.0853864788289	1.5465343961573437	0.782608695652174	0.24324324324324326	0.3711340206185567	18.0	56.0	5.0	74.0	0.22784810126582278	2.54445798571528	0.5911755353637212	0.7732671980786722
Bracken_custom	CAMI_low_S001	7.649815012056451	957.0804483763742	1.546146367851701	0.8260869565217391	0.2676056338028169	0.40425531914893614	19.0	52.0	4.0	71.0	0.25333333333333335	2.5543068167957514	0.5992255788554948	0.7730731839258502
Bracken_original	CAMI_low_S001	11.54244550400534	9939.464139429376	1.944412332701539	0.17391304347826086	0.003745318352059925	0.007332722273143904	4.0	1064.0	19.0	1068.0	0.0036798528058877645	4.284535465437073	0.614398656958726	0.9722061663507765
