tool	sample	Weighted UniFrac error	Unweighted UniFrac error	L1 norm error	Completeness (recall)	Purity (precision)	F1 score	True positives	False positives	False negatives	Taxon counts	Jaccard index	Shannon diversity	Shannon equitability	Bray-Curtis distance
Metalign	CAMI_HIGH_S002	8.646580254726667	8563.013329028005	0.2049291806312765	0.9047619047619048	0.7916666666666666	0.8444444444444444	19.0	5.0	2.0	24.0	0.7307692307692307	2.104937249963524	0.6623353040351325	0.10246459031563825
Bracken_custom	CAMI_HIGH_S002	7.62869671030576	7933.448376922168	0.13931803550553487	0.9523809523809523	0.7692307692307693	0.8510638297872339	20.0	6.0	1.0	26.0	0.7407407407407407	2.1331294458782706	0.6547164643481187	0.06965901775276742
Bracken_original	CAMI_HIGH_S002	8.398653674821642	13340.723756132227	0.33783428191624393	1.0	0.5384615384615384	0.7000000000000001	21.0	18.0	0.0	39.0	0.5384615384615384	1.9748206584102335	0.5390439275115035	0.168917140958122
