tool	sample	Weighted UniFrac error	Unweighted UniFrac error	L1 norm error	Completeness (recall)	Purity (precision)	F1 score	True positives	False positives	False negatives	Taxon counts	Jaccard index	Shannon diversity	Shannon equitability	Bray-Curtis distance
Metalign	CAMI_HIGH_S002	8.646580254726667	8563.013329028005	0.35482377452385555	0.8977272727272727	0.8229166666666666	0.8586956521739129	79.0	17.0	9.0	96.0	0.7523809523809524	3.6560081541971066	0.8009923872660076	0.17741188726192775
Bracken_custom	CAMI_HIGH_S002	7.62869671030576	7933.448376922168	0.2688588503957736	0.9204545454545454	0.7363636363636363	0.8181818181818181	81.0	29.0	7.0	110.0	0.6923076923076923	3.7479321875104117	0.797350886685084	0.1344294251978868
Bracken_original	CAMI_HIGH_S002	8.398653674821642	13340.723756132227	0.6471657411767506	0.8977272727272727	0.42245989304812837	0.5745454545454545	79.0	108.0	9.0	187.0	0.4030612244897959	3.7465689157454	0.7162093525785312	0.32358287058837526
