tool	sample	Weighted UniFrac error	Unweighted UniFrac error	L1 norm error	Completeness (recall)	Purity (precision)	F1 score	True positives	False positives	False negatives	Taxon counts	Jaccard index	Shannon diversity	Shannon equitability	Bray-Curtis distance
Metalign	CAMI_HIGH_S002	8.646580254726667	8563.013329028005	0.49778619745214525	0.8556701030927835	0.8383838383838383	0.8469387755102041	166.0	32.0	28.0	198.0	0.7345132743362832	4.398312453988543	0.8317114904484864	0.2488930987260725
Bracken_custom	CAMI_HIGH_S002	7.62869671030576	7933.448376922168	0.4125679185544194	0.8969072164948454	0.7372881355932204	0.8093023255813954	174.0	62.0	20.0	236.0	0.6796875	4.482031986333315	0.8203092895741703	0.2062839592772098
Bracken_original	CAMI_HIGH_S002	8.398653674821642	13340.723756132227	1.0296977497559385	0.5824742268041238	0.23940677966101695	0.3393393393393393	113.0	359.0	81.0	472.0	0.20433996383363473	4.653762942770415	0.7558516853258063	0.5148488748779689
