tool	sample	Weighted UniFrac error	Unweighted UniFrac error	L1 norm error	Completeness (recall)	Purity (precision)	F1 score	True positives	False positives	False negatives	Taxon counts	Jaccard index	Shannon diversity	Shannon equitability	Bray-Curtis distance
Metalign	CAMI_HIGH_S002	8.646580254726667	8563.013329028005	0.7323991424393291	0.9	0.6792452830188679	0.7741935483870968	36.0	17.0	4.0	53.0	0.631578947368421	2.9333058178141305	0.73881363931998	0.3661995712196647
Bracken_custom	CAMI_HIGH_S002	7.62869671030576	7933.448376922168	0.6425388693441043	0.925	0.6607142857142857	0.7708333333333333	37.0	19.0	3.0	56.0	0.6271186440677966	3.0047871910747106	0.7464657555240711	0.32126943467205216
Bracken_original	CAMI_HIGH_S002	8.398653674821642	13340.723756132227	0.8731265133569248	1.0	0.40816326530612246	0.5797101449275363	40.0	58.0	0.0	98.0	0.40816326530612246	2.976619557254121	0.6492127961869868	0.4365632566784625
