tool	sample	Weighted UniFrac error	Unweighted UniFrac error	L1 norm error	Completeness (recall)	Purity (precision)	F1 score	True positives	False positives	False negatives	Taxon counts	Jaccard index	Shannon diversity	Shannon equitability	Bray-Curtis distance
Metalign	CAMI_HIGH_S002	8.646580254726667	8563.013329028005	0.10770895361257202	0.8333333333333334	0.9090909090909091	0.8695652173913043	10.0	1.0	2.0	11.0	0.7692307692307693	1.1752617875768958	0.4901222338227274	0.05385447680628601
Bracken_custom	CAMI_HIGH_S002	7.62869671030576	7933.448376922168	0.05968386500241762	0.9166666666666666	0.7333333333333333	0.8148148148148148	11.0	4.0	1.0	15.0	0.6875	1.2270310690915092	0.4531049936194286	0.02984193250120881
Bracken_original	CAMI_HIGH_S002	8.398653674821642	13340.723756132227	0.2020764592053537	0.9166666666666666	0.55	0.6874999999999999	11.0	9.0	1.0	20.0	0.5238095238095238	1.1529146856294343	0.3848523767651882	0.10103822960267686
