tool	sample	Weighted UniFrac error	Unweighted UniFrac error	L1 norm error	Completeness (recall)	Purity (precision)	F1 score	True positives	False positives	False negatives	Taxon counts	Jaccard index	Shannon diversity	Shannon equitability	Bray-Curtis distance
Metalign	CAMI_HIGH_S002	8.646580254726667	8563.013329028005	1.7658272412259288	0.6378600823045267	0.1952141057934509	0.29893924783027964	155.0	639.0	88.0	794.0	0.17573696145124718	6.155116446616064	0.9218270944701386	0.8829136206129649
Bracken_custom	CAMI_HIGH_S002	7.62869671030576	7933.448376922168	1.787645432931462	0.6255144032921811	0.2363919129082426	0.3431151241534989	152.0	491.0	91.0	643.0	0.20708446866485014	5.706055698101409	0.8824509721709287	0.8938227164657321
Bracken_original	CAMI_HIGH_S002	8.398653674821642	13340.723756132227	1.9675576776164083	0.06584362139917696	0.010936431989063569	0.018757327080890975	16.0	1447.0	227.0	1463.0	0.009467455621301775	6.1147909419101945	0.8389936732986502	0.9837788388081881
