tool	sample	Weighted UniFrac error	Unweighted UniFrac error	L1 norm error	Completeness (recall)	Purity (precision)	F1 score	True positives	False positives	False negatives	Taxon counts	Jaccard index	Shannon diversity	Shannon equitability	Bray-Curtis distance
Metalign	CAMI_HIGH_S002	8.646580254726667	8563.013329028005	0.028469184475374703	1.0	0.5	0.6666666666666666	2.0	2.0	0.0	4.0	0.5	0.1015363008766814	0.07324295887249899	0.014234592237687351
Bracken_custom	CAMI_HIGH_S002	7.62869671030576	7933.448376922168	0.007019015939015951	1.0	0.5	0.6666666666666666	2.0	2.0	0.0	4.0	0.5	0.038197926099279814	0.027553979277837048	0.0035095079695079755
Bracken_original	CAMI_HIGH_S002	8.398653674821642	13340.723756132227	0.010360984060984046	1.0	0.5	0.6666666666666666	2.0	2.0	0.0	4.0	0.5	0.0779537690970584	0.05623175804746474	0.005180492030492023
