tool	sample	Weighted UniFrac error	Unweighted UniFrac error	L1 norm error	Completeness (recall)	Purity (precision)	F1 score	True positives	False positives	False negatives	Taxon counts	Jaccard index	Shannon diversity	Shannon equitability	Bray-Curtis distance
Metalign	CAMI_low_S001	8.566765487765016	1134.0653348522355	0.6265662352386586	0.9166666666666666	0.9166666666666666	0.9166666666666666	11.0	1.0	1.0	12.0	0.8461538461538461	2.234802469660449	0.8993506737370238	0.3132831176193293
Bracken+Kraken2	CAMI_low_S001	11.294856068618111	33496.67087654601	1.1066044132813464	1.0	0.14634146341463414	0.2553191489361702	12.0	70.0	0.0	82.0	0.14634146341463414	2.1044441156043243	0.47244724662002546	0.5533022066406733
CLARK	CAMI_low_S001	11.201971600142594	43659.88621511853	1.12164580528036	1.0	0.10526315789473684	0.1904761904761905	12.0	102.0	0.0	114.0	0.10526315789473684	1.9378964256216225	0.3993990804286804	0.5608229026401796
GOTTCHA	CAMI_low_S001	12.253646571771057	776.8225295298658	1.651629508643807	0.4166666666666667	1.0	0.5882352941176471	5.0	0.0	7.0	5.0	0.4166666666666667	0.7756299750865061	0.4819259998128476	0.8258147543219035
MEGAN+DIAMOND	CAMI_low_S001	9.936748457476764	631.0823393236878	0.9947626202662826	0.9166666666666666	0.9166666666666666	0.9166666666666666	11.0	1.0	1.0	12.0	0.8461538461538461	2.1538282822996093	0.8667642635522598	0.49738131013314146
MetaBinG2	CAMI_low_S001	12.61704692861789	801.5674952968127	1.292536512220336	0.5833333333333334	0.875	0.7000000000000001	7.0	1.0	5.0	8.0	0.5384615384615384	1.9268034786383879	0.9265966077997354	0.6462682561101681
MetaPhlAn2	CAMI_low_S001	11.823753531188272	774.7699022116466	1.437495559946872	0.5	1.0	0.6666666666666666	6.0	0.0	6.0	6.0	0.5	1.3911730545157546	0.7764284650970003	0.7187477799734362
mOTUs2	CAMI_low_S001	9.720071289843247	633.7600348140951	0.6744317837012936	0.75	0.9	0.8181818181818182	9.0	1.0	3.0	10.0	0.6923076923076923	1.7518820176821102	0.7608326932248755	0.3372158918506468
