tool	sample	Weighted UniFrac error	Unweighted UniFrac error	L1 norm error	Completeness (recall)	Purity (precision)	F1 score	True positives	False positives	False negatives	Taxon counts	Jaccard index	Shannon diversity	Shannon equitability	Bray-Curtis distance
Metalign	CAMI_low_S001	8.566765487765014	1134.0653348522355	0.6265662352386585	0.9166666666666666	0.9166666666666666	0.9166666666666666	11.0	1.0	1.0	12.0	0.8461538461538461	2.234802469660449	0.8993506737370238	0.31328311761932937
Bracken+Kraken2	CAMI_low_S001	11.294856068618065	33496.67087654601	1.1066044132813468	1.0	0.14634146341463414	0.2553191489361702	12.0	70.0	0.0	82.0	0.14634146341463414	2.1044441156043248	0.4724472466200255	0.5533022066406733
CLARK	CAMI_low_S001	11.201971600142562	43659.88621511851	1.12164580528036	1.0	0.10526315789473684	0.1904761904761905	12.0	102.0	0.0	114.0	0.10526315789473684	1.9378964256216227	0.39939908042868044	0.5608229026401795
GOTTCHA	CAMI_low_S001	12.253646571771055	776.8225295298658	1.651629508643807	0.4166666666666667	1.0	0.5882352941176471	5.0	0.0	7.0	5.0	0.4166666666666667	0.7756299750865061	0.4819259998128476	0.8258147543219035
MEGAN+DIAMOND	CAMI_low_S001	9.936748457476764	631.0823393236877	0.9947626202662825	0.9166666666666666	0.9166666666666666	0.9166666666666666	11.0	1.0	1.0	12.0	0.8461538461538461	2.1538282822996093	0.8667642635522598	0.4973813101331413
MetaPhlAn2	CAMI_low_S001	11.823753531188267	774.7699022116465	1.4374955599468722	0.5	1.0	0.6666666666666666	6.0	0.0	6.0	6.0	0.5	1.3911730545157543	0.7764284650970001	0.7187477799734361
mOTUs2	CAMI_low_S001	9.720071289843244	633.7600348140952	0.6744317837012934	0.75	0.9	0.8181818181818182	9.0	1.0	3.0	10.0	0.6923076923076923	1.7518820176821102	0.7608326932248755	0.3372158918506467
