tool	sample	Weighted UniFrac error	Unweighted UniFrac error	L1 norm error	Completeness (recall)	Purity (precision)	F1 score	True positives	False positives	False negatives	Taxon counts	Jaccard index	Shannon diversity	Shannon equitability	Bray-Curtis distance
Metalign	CAMI_low_S001	8.566765487765016	1134.0653348522355	0.7207297796252828	0.9375	0.6	0.7317073170731707	15.0	10.0	1.0	25.0	0.5769230769230769	2.2513509655879576	0.6994215024371563	0.3603648898126415
Bracken+Kraken2	CAMI_low_S001	11.294856068618111	33496.67087654601	1.4703207141228387	0.8125	0.03282828282828283	0.06310679611650485	13.0	383.0	3.0	396.0	0.03258145363408521	3.176680872787477	0.5131694694883916	0.7351603570614208
CLARK	CAMI_low_S001	11.201971600142594	43659.88621511853	1.362283410420871	0.8125	0.028634361233480177	0.055319148936170216	13.0	441.0	3.0	454.0	0.028446389496717725	2.704805707640197	0.42405534371046405	0.6811417052104349
GOTTCHA	CAMI_low_S001	12.253646571771057	776.8225295298658	1.7046690600116516	0.3125	0.625	0.4166666666666667	5.0	3.0	11.0	8.0	0.2631578947368421	0.8777696106127456	0.4221179547580149	0.852334530005826
MEGAN+DIAMOND	CAMI_low_S001	9.936748457476764	631.0823393236878	0.8445802017624818	0.9375	0.8333333333333334	0.8823529411764706	15.0	3.0	1.0	18.0	0.7894736842105263	2.2354029427947726	0.7733963413833905	0.42229010088124097
MetaBinG2	CAMI_low_S001	12.61704692861789	801.5674952968127	1.7347065412904945	0.4375	0.7777777777777778	0.56	7.0	2.0	9.0	9.0	0.3888888888888889	1.8696302152457243	0.8509053806017177	0.8673532706452474
MetaPhlAn2	CAMI_low_S001	11.823753531188272	774.7699022116466	1.559748717122673	0.375	1.0	0.5454545454545454	6.0	0.0	10.0	6.0	0.375	1.2999544793970828	0.7255184089844063	0.7798743585613365
mOTUs2	CAMI_low_S001	9.720071289843247	633.7600348140951	1.2438080680854997	0.8125	0.7647058823529411	0.787878787878788	13.0	4.0	3.0	17.0	0.65	1.746900006795944	0.6165790551780213	0.6219040340427499
