tool	sample	Weighted UniFrac error	Unweighted UniFrac error	L1 norm error	Completeness (recall)	Purity (precision)	F1 score	True positives	False positives	False negatives	Taxon counts	Jaccard index	Shannon diversity	Shannon equitability	Bray-Curtis distance
Metalign	CAMI_low_S001	8.566765487765014	1134.0653348522355	0.57911261730455	0.8636363636363636	0.5757575757575758	0.6909090909090909	19.0	14.0	3.0	33.0	0.5277777777777778	2.4395389853836695	0.697707338679541	0.28955630865227505
Bracken+Kraken2	CAMI_low_S001	11.294856068618065	33496.67087654601	1.7264976590701595	0.5	0.008314436885865457	0.016356877323420074	11.0	1312.0	11.0	1323.0	0.008245877061469266	3.8301671190039164	0.5084771671652685	0.8632488295350779
CLARK	CAMI_low_S001	11.201971600142562	43659.88621511851	1.7188908606250135	0.5454545454545454	0.008403361344537815	0.016551724137931035	12.0	1416.0	10.0	1428.0	0.008344923504867872	3.387471005820685	0.45631302940842444	0.8594454303125059
GOTTCHA	CAMI_low_S001	12.253646571771055	776.8225295298658	1.8454543596256874	0.22727272727272727	0.45454545454545453	0.30303030303030304	5.0	6.0	17.0	11.0	0.17857142857142858	0.9987470668578962	0.41650987771970005	0.9227271798128437
MEGAN+DIAMOND	CAMI_low_S001	9.936748457476764	631.0823393236877	0.6002229489956092	0.8181818181818182	0.782608695652174	0.8	18.0	5.0	4.0	23.0	0.6666666666666666	2.442902299713757	0.7791123604384788	0.3001114744978047
MetaPhlAn2	CAMI_low_S001	11.823753531188267	774.7699022116465	1.7238093770061462	0.2727272727272727	0.6666666666666666	0.3870967741935484	6.0	3.0	16.0	9.0	0.24	1.535159920139544	0.6986813892281679	0.8619046885030731
mOTUs2	CAMI_low_S001	9.720071289843244	633.7600348140952	0.9104869879591306	0.6818181818181818	0.6818181818181818	0.6818181818181818	15.0	7.0	7.0	22.0	0.5172413793103449	1.915598833423175	0.6197258246459669	0.4552434939795653
