tool	sample	Weighted UniFrac error	Unweighted UniFrac error	L1 norm error	Completeness (recall)	Purity (precision)	F1 score	True positives	False positives	False negatives	Taxon counts	Jaccard index	Shannon diversity	Shannon equitability	Bray-Curtis distance
Metalign	CAMI_low_S001	8.566765487765016	1134.0653348522355	0.8903823418443265	0.8571428571428571	0.7058823529411765	0.7741935483870968	12.0	5.0	2.0	17.0	0.631578947368421	2.3176290249892584	0.8180213572166743	0.4451911709221633
Bracken+Kraken2	CAMI_low_S001	11.294856068618111	33496.67087654601	1.3862727583378136	0.9285714285714286	0.07103825136612021	0.1319796954314721	13.0	170.0	1.0	183.0	0.07065217391304347	2.732334194794242	0.5202193359172511	0.6931363791689072
CLARK	CAMI_low_S001	11.201971600142594	43659.88621511853	1.3971969015851444	0.9285714285714286	0.05485232067510549	0.10358565737051793	13.0	224.0	1.0	237.0	0.0546218487394958	2.4296663791268207	0.42377843246782776	0.6985984507925724
GOTTCHA	CAMI_low_S001	12.253646571771057	776.8225295298658	1.6606276617055895	0.42857142857142855	0.75	0.5454545454545454	6.0	2.0	8.0	8.0	0.375	0.9952557509785369	0.4786168454509855	0.8303138308527949
MEGAN+DIAMOND	CAMI_low_S001	9.936748457476764	631.0823393236878	1.0402533672923842	0.8571428571428571	0.8	0.8275862068965518	12.0	3.0	2.0	15.0	0.7058823529411765	2.2919173992931614	0.8463349011625865	0.5201266836461921
MetaBinG2	CAMI_low_S001	12.61704692861789	801.5674952968127	1.4910187066461298	0.5714285714285714	0.8	0.6666666666666666	8.0	2.0	6.0	10.0	0.5	2.000154395639775	0.8686560169808878	0.745509353323065
MetaPhlAn2	CAMI_low_S001	11.823753531188272	774.7699022116466	1.4374940673741627	0.5	1.0	0.6666666666666666	7.0	0.0	7.0	7.0	0.5	1.5042603689907061	0.7730369101168334	0.7187470336870815
mOTUs2	CAMI_low_S001	9.720071289843247	633.7600348140951	0.9472463900711761	0.7142857142857143	0.7692307692307693	0.7407407407407408	10.0	3.0	4.0	13.0	0.5882352941176471	1.8575975303855388	0.7242238623471126	0.47362319503558803
