tool	sample	Weighted UniFrac error	Unweighted UniFrac error	L1 norm error	Completeness (recall)	Purity (precision)	F1 score	True positives	False positives	False negatives	Taxon counts	Jaccard index	Shannon diversity	Shannon equitability	Bray-Curtis distance
Metalign	CAMI_low_S001	8.566765487765014	1134.0653348522355	0.3136659137962038	1.0	1.0	1.0	6.0	0.0	0.0	6.0	1.0	1.6510339508687806	0.9214595927767564	0.1568329568981019
Bracken+Kraken2	CAMI_low_S001	11.294856068618065	33496.67087654601	0.8917699230105476	1.0	0.13953488372093023	0.24489795918367346	6.0	37.0	0.0	43.0	0.13953488372093023	1.1511699144367429	0.3024092410425912	0.4458849615052738
CLARK	CAMI_low_S001	11.201971600142562	43659.88621511851	1.0268023868955547	1.0	0.11764705882352941	0.21052631578947367	6.0	45.0	0.0	51.0	0.11764705882352941	0.9316952278840535	0.23356704790196534	0.5134011934477773
GOTTCHA	CAMI_low_S001	12.253646571771055	776.8225295298658	1.4899965825965824	0.5	1.0	0.6666666666666666	3.0	0.0	3.0	3.0	0.5	0.2078166599963056	0.1891628758752096	0.7449982912982912
MEGAN+DIAMOND	CAMI_low_S001	9.936748457476764	631.0823393236877	0.7047801667284205	1.0	1.0	1.0	6.0	0.0	0.0	6.0	1.0	1.3679527235139226	0.7634689516128405	0.35239008336421024
MetaPhlAn2	CAMI_low_S001	11.823753531188267	774.7699022116465	1.3455019825965826	0.5	1.0	0.6666666666666666	3.0	0.0	3.0	3.0	0.5	0.39210906836807224	0.35691305514472377	0.6727509912982913
mOTUs2	CAMI_low_S001	9.720071289843244	633.7600348140952	0.6380554133348809	0.6666666666666666	1.0	0.8	4.0	0.0	2.0	4.0	0.6666666666666666	1.0818336998136366	0.7803780568938465	0.31902770666744046
