tool	sample	Weighted UniFrac error	Unweighted UniFrac error	L1 norm error	Completeness (recall)	Purity (precision)	F1 score	True positives	False positives	False negatives	Taxon counts	Jaccard index	Shannon diversity	Shannon equitability	Bray-Curtis distance
Metalign	CAMI_low_S001	8.566765487765014	1134.0653348522355	1.5463719488150187	0.8260869565217391	0.16521739130434782	0.27536231884057966	19.0	96.0	4.0	115.0	0.15966386554621848	2.5531041950093005	0.5380696975090318	0.7731859744075105
Bracken+Kraken2	CAMI_low_S001	11.294856068618065	33496.67087654601	1.9444123327015215	0.17391304347826086	0.0008970621215519175	0.0017849174475680501	4.0	4455.0	19.0	4459.0	0.0008932559178204555	5.026319541514446	0.5703113907497722	0.9722061663507763
CLARK	CAMI_low_S001	11.201971600142562	43659.88621511851	1.9444123327016047	0.17391304347826086	0.0008490766291657822	0.0016899028305872412	4.0	4707.0	19.0	4711.0	0.0008456659619450317	4.311547005762098	0.5021835859364794	0.9722061663507768
GOTTCHA	CAMI_low_S001	12.253646571771055	776.8225295298658	1.9340932614627724	0.21739130434782608	0.45454545454545453	0.29411764705882354	5.0	6.0	18.0	11.0	0.1724137931034483	0.9987470668578962	0.41650987771970005	0.9670466307313862
MEGAN+DIAMOND	CAMI_low_S001	9.936748457476764	631.0823393236877	1.5241945131539871	0.7391304347826086	0.6538461538461539	0.693877551020408	17.0	9.0	6.0	26.0	0.53125	2.275070724509063	0.6982821711877901	0.7620972565769938
MetaPhlAn2	CAMI_low_S001	11.823753531188267	774.7699022116465	1.9340932614627722	0.21739130434782608	1.0	0.3571428571428571	5.0	0.0	18.0	5.0	0.21739130434782608	1.112005249527211	0.6909277089449345	0.9670466307313861
mOTUs2	CAMI_low_S001	9.720071289843244	633.7600348140952	1.7962733948982652	0.5652173913043478	0.5909090909090909	0.5777777777777778	13.0	9.0	10.0	22.0	0.40625	1.4091478962755313	0.45588112021707705	0.8981366974491328
