tool	sample	Weighted UniFrac error	Unweighted UniFrac error	L1 norm error	Completeness (recall)	Purity (precision)	F1 score	True positives	False positives	False negatives	Taxon counts	Jaccard index	Shannon diversity	Shannon equitability	Bray-Curtis distance
Metalign	CAMI_low_S001	8.566765487765016	1134.0653348522355	1.54637194881502	0.8260869565217391	0.16521739130434782	0.27536231884057966	19.0	96.0	4.0	115.0	0.15966386554621848	2.553104195009299	0.5380696975090316	0.7731859744075106
Bracken+Kraken2	CAMI_low_S001	11.294856068618111	33496.67087654601	1.944412332701485	0.17391304347826086	0.0008970621215519175	0.0017849174475680501	4.0	4455.0	19.0	4459.0	0.0008932559178204555	5.026319541514442	0.5703113907497718	0.9722061663507765
CLARK	CAMI_low_S001	11.201971600142594	43659.88621511853	1.9444123327015732	0.17391304347826086	0.0008490766291657822	0.0016899028305872412	4.0	4707.0	19.0	4711.0	0.0008456659619450317	4.311547005762093	0.5021835859364787	0.9722061663507768
GOTTCHA	CAMI_low_S001	12.253646571771057	776.8225295298658	1.9340932614627722	0.21739130434782608	0.45454545454545453	0.29411764705882354	5.0	6.0	18.0	11.0	0.1724137931034483	0.998747066857896	0.4165098777197	0.9670466307313859
MEGAN+DIAMOND	CAMI_low_S001	9.936748457476764	631.0823393236878	1.5241945131539874	0.7391304347826086	0.6538461538461539	0.693877551020408	17.0	9.0	6.0	26.0	0.53125	2.275070724509063	0.6982821711877901	0.7620972565769938
MetaBinG2	CAMI_low_S001	12.61704692861789	801.5674952968127	1.989680928761219	0.043478260869565216	0.1	0.06060606060606061	1.0	9.0	22.0	10.0	0.03125	2.000154395639775	0.8686560169808878	0.9948404643806091
MetaPhlAn2	CAMI_low_S001	11.823753531188272	774.7699022116466	1.9340932614627722	0.21739130434782608	1.0	0.3571428571428571	5.0	0.0	18.0	5.0	0.21739130434782608	1.112005249527211	0.6909277089449345	0.9670466307313859
mOTUs2	CAMI_low_S001	9.720071289843247	633.7600348140951	1.7962733948982654	0.5652173913043478	0.5909090909090909	0.5777777777777778	13.0	9.0	10.0	22.0	0.40625	1.409147896275531	0.455881120217077	0.8981366974491326
