tool	sample	Weighted UniFrac error	Unweighted UniFrac error	L1 norm error	Completeness (recall)	Purity (precision)	F1 score	True positives	False positives	False negatives	Taxon counts	Jaccard index	Shannon diversity	Shannon equitability	Bray-Curtis distance
Metalign	CAMI_low_S001	8.566765487765016	1134.0653348522355	1.8407009557942644	0.15	0.0782608695652174	0.10285714285714286	9.0	106.0	51.0	115.0	0.05421686746987952	2.553104195009299	0.5380696975090316	0.9203504778971324
Bracken+Kraken2	CAMI_low_S001	11.294856068618111	33496.67087654601	na	0.0	0.0	na	0.0	0.0	60.0	0.0	0.0	na	na	na
CLARK	CAMI_low_S001	11.201971600142594	43659.88621511853	na	0.0	0.0	na	0.0	0.0	60.0	0.0	0.0	na	na	na
GOTTCHA	CAMI_low_S001	12.253646571771057	776.8225295298658	na	0.0	0.0	na	0.0	0.0	60.0	0.0	0.0	na	na	na
MEGAN+DIAMOND	CAMI_low_S001	9.936748457476764	631.0823393236878	2.0000000000000004	0.0	0.0	na	0.0	17.0	60.0	17.0	0.0	1.4953645795959447	0.5277980857788428	1.0
MetaBinG2	CAMI_low_S001	12.61704692861789	801.5674952968127	2.0000000000000004	0.0	0.0	na	0.0	9.0	60.0	9.0	0.0	1.869630215245724	0.8509053806017176	1.0
MetaPhlAn2	CAMI_low_S001	11.823753531188272	774.7699022116466	na	0.0	0.0	na	0.0	0.0	60.0	0.0	0.0	na	na	na
mOTUs2	CAMI_low_S001	9.720071289843247	633.7600348140951	na	0.0	0.0	na	0.0	0.0	60.0	0.0	0.0	na	na	na
