tool	sample	Weighted UniFrac error	Unweighted UniFrac error	L1 norm error	Completeness (recall)	Purity (precision)	F1 score	True positives	False positives	False negatives	Taxon counts	Jaccard index	Shannon diversity	Shannon equitability	Bray-Curtis distance
Metalign	CAMI_low_S001	8.566765487765014	1134.0653348522355	1.8407009557942644	0.15	0.0782608695652174	0.10285714285714286	9.0	106.0	51.0	115.0	0.05421686746987952	2.553104195009301	0.5380696975090319	0.9203504778971324
Bracken+Kraken2	CAMI_low_S001	11.294856068618065	33496.67087654601	na	0.0	0.0	na	0.0	0.0	60.0	0.0	0.0	na	na	na
CLARK	CAMI_low_S001	11.201971600142562	43659.88621511851	na	0.0	0.0	na	0.0	0.0	60.0	0.0	0.0	na	na	na
GOTTCHA	CAMI_low_S001	12.253646571771055	776.8225295298658	na	0.0	0.0	na	0.0	0.0	60.0	0.0	0.0	na	na	na
MEGAN+DIAMOND	CAMI_low_S001	9.936748457476764	631.0823393236877	2.0000000000000004	0.0	0.0	na	0.0	17.0	60.0	17.0	0.0	1.495364579595945	0.5277980857788428	1.0
MetaPhlAn2	CAMI_low_S001	11.823753531188267	774.7699022116465	na	0.0	0.0	na	0.0	0.0	60.0	0.0	0.0	na	na	na
mOTUs2	CAMI_low_S001	9.720071289843244	633.7600348140952	na	0.0	0.0	na	0.0	0.0	60.0	0.0	0.0	na	na	na
