tool	sample	Weighted UniFrac error	Unweighted UniFrac error	L1 norm error	Completeness (recall)	Purity (precision)	F1 score	True positives	False positives	False negatives	Taxon counts	Jaccard index	Shannon diversity	Shannon equitability	Bray-Curtis distance
Metalign	CAMI_low_S001	8.566765487765014	1134.0653348522355	0.36331926390534053	1.0	1.0	1.0	2.0	0.0	0.0	2.0	1.0	0.0009557608670783588	0.001378871463209684	0.1816596319526703
Bracken+Kraken2	CAMI_low_S001	11.294856068618065	33496.67087654601	0.36232515817221933	1.0	0.5	0.6666666666666666	2.0	2.0	0.0	4.0	0.5	0.05821770911893599	0.04199520011890257	0.18116257908610967
CLARK	CAMI_low_S001	11.201971600142562	43659.88621511851	0.3634176542358473	1.0	0.5	0.6666666666666666	2.0	2.0	0.0	4.0	0.5	0.008461043220216322	0.0061033525472766375	0.18170882711792366
GOTTCHA	CAMI_low_S001	12.253646571771055	776.8225295298658	0.3635051463723374	0.5	1.0	0.6666666666666666	1.0	0.0	1.0	1.0	0.5	0.0	0.0	0.1817525731861687
MEGAN+DIAMOND	CAMI_low_S001	9.936748457476764	631.0823393236877	0.3635051463723374	0.5	1.0	0.6666666666666666	1.0	0.0	1.0	1.0	0.5	0.0	0.0	0.1817525731861687
MetaPhlAn2	CAMI_low_S001	11.823753531188267	774.7699022116465	0.3635051463723374	0.5	1.0	0.6666666666666666	1.0	0.0	1.0	1.0	0.5	0.0	0.0	0.1817525731861687
mOTUs2	CAMI_low_S001	9.720071289843244	633.7600348140952	0.3635051463723374	0.5	1.0	0.6666666666666666	1.0	0.0	1.0	1.0	0.5	0.0	0.0	0.1817525731861687
