tool	sample	Weighted UniFrac error	Unweighted UniFrac error	L1 norm error	Completeness (recall)	Purity (precision)	F1 score	True positives	False positives	False negatives	Taxon counts	Jaccard index	Shannon diversity	Shannon equitability	Bray-Curtis distance
Metalign	CAMI_HIGH_S004	8.618877108910992	14155.971250108318	0.17608121961347298	0.9523809523809523	0.7407407407407407	0.8333333333333334	20.0	7.0	1.0	27.0	0.7142857142857143	2.103986862760424	0.6383771249306913	0.0880406098067365
Bracken_custom	CAMI_HIGH_S004	7.580067019530648	21713.61195504922	0.12838400086145024	1.0	0.2692307692307692	0.42424242424242425	21.0	57.0	0.0	78.0	0.2692307692307692	2.106509194554983	0.3994897346679755	0.06419200043072514
Bracken_original	CAMI_HIGH_S004	8.37290213833136	32137.955494482227	0.31946336092418975	1.0	0.2625	0.4158415841584159	21.0	59.0	0.0	80.0	0.2625	1.9508424190051543	0.4357149126455673	0.15973168046209488
