tool	sample	Weighted UniFrac error	Unweighted UniFrac error	L1 norm error	Completeness (recall)	Purity (precision)	F1 score	True positives	False positives	False negatives	Taxon counts	Jaccard index	Shannon diversity	Shannon equitability	Bray-Curtis distance
Metalign	CAMI_HIGH_S004	8.618877108910992	14155.971250108318	0.3122218422904798	0.9090909090909091	0.7766990291262136	0.837696335078534	80.0	23.0	8.0	103.0	0.7207207207207207	3.6154530635410795	0.7800786351743304	0.15611092114523983
Bracken_custom	CAMI_HIGH_S004	7.580067019530648	21713.61195504922	0.26675447888886406	0.9545454545454546	0.3230769230769231	0.4827586206896552	84.0	176.0	4.0	260.0	0.3181818181818182	3.734654093261697	0.550655903345294	0.133377239444432
Bracken_original	CAMI_HIGH_S004	8.37290213833136	32137.955494482227	0.5732375290963985	0.9545454545454546	0.2222222222222222	0.3605150214592274	84.0	294.0	4.0	378.0	0.2198952879581152	3.7797788382427697	0.6086012287646075	0.2866187645481996
