tool	sample	Weighted UniFrac error	Unweighted UniFrac error	L1 norm error	Completeness (recall)	Purity (precision)	F1 score	True positives	False positives	False negatives	Taxon counts	Jaccard index	Shannon diversity	Shannon equitability	Bray-Curtis distance
Metalign	CAMI_HIGH_S004	8.618877108910992	14155.971250108318	0.47029229724518684	0.8608247422680413	0.7389380530973452	0.7952380952380953	167.0	59.0	27.0	226.0	0.6600790513833992	4.408551422533868	0.8133055912609588	0.23514614862259353
Bracken_custom	CAMI_HIGH_S004	7.580067019530648	21713.61195504922	0.4157289337659927	0.9587628865979382	0.28012048192771083	0.43356643356643354	186.0	478.0	8.0	664.0	0.2767857142857143	4.54282522231659	0.5565082878339659	0.20786446688299764
Bracken_original	CAMI_HIGH_S004	8.37290213833136	32137.955494482227	1.0359857537820591	0.6494845360824743	0.1005586592178771	0.1741534208707671	126.0	1127.0	68.0	1253.0	0.09538228614685844	4.8794560345959175	0.6448923425258715	0.5179928768910311
