tool	sample	Weighted UniFrac error	Unweighted UniFrac error	L1 norm error	Completeness (recall)	Purity (precision)	F1 score	True positives	False positives	False negatives	Taxon counts	Jaccard index	Shannon diversity	Shannon equitability	Bray-Curtis distance
Metalign	CAMI_HIGH_S004	8.618877108910992	14155.971250108318	0.7015980419359239	0.925	0.6491228070175439	0.7628865979381444	37.0	20.0	3.0	57.0	0.6166666666666667	2.9708630837845083	0.7348071758129587	0.35079902096796206
Bracken_custom	CAMI_HIGH_S004	7.580067019530648	21713.61195504922	0.6443466556888103	1.0	0.26666666666666666	0.4210526315789474	40.0	110.0	0.0	150.0	0.26666666666666666	3.0322455523538547	0.5038130081711559	0.3221733278444053
Bracken_original	CAMI_HIGH_S004	8.37290213833136	32137.955494482227	0.8787559448039626	1.0	0.2222222222222222	0.3636363636363636	40.0	140.0	0.0	180.0	0.2222222222222222	3.015981289822798	0.5725251513527968	0.4393779724019816
