tool	sample	Weighted UniFrac error	Unweighted UniFrac error	L1 norm error	Completeness (recall)	Purity (precision)	F1 score	True positives	False positives	False negatives	Taxon counts	Jaccard index	Shannon diversity	Shannon equitability	Bray-Curtis distance
Metalign	CAMI_HIGH_S004	8.618877108910992	14155.971250108318	0.0775614170438685	0.9166666666666666	0.8461538461538461	0.8799999999999999	11.0	2.0	1.0	13.0	0.7857142857142857	1.2310668159147655	0.479957552508218	0.03878070852193426
Bracken_custom	CAMI_HIGH_S004	7.580067019530648	21713.61195504922	0.050270992133078465	1.0	0.27906976744186046	0.43636363636363634	12.0	31.0	0.0	43.0	0.27906976744186046	1.2584298896963715	0.2384241288687417	0.02513549606653925
Bracken_original	CAMI_HIGH_S004	8.37290213833136	32137.955494482227	0.22841986497287523	1.0	0.2926829268292683	0.45283018867924524	12.0	29.0	0.0	41.0	0.2926829268292683	1.1690382314017256	0.30710319986163553	0.11420993248643772
