tool	sample	Weighted UniFrac error	Unweighted UniFrac error	L1 norm error	Completeness (recall)	Purity (precision)	F1 score	True positives	False positives	False negatives	Taxon counts	Jaccard index	Shannon diversity	Shannon equitability	Bray-Curtis distance
Metalign	CAMI_HIGH_S004	8.618877108910992	14155.971250108318	1.7689717068425048	0.6584362139917695	0.10276172125883108	0.17777777777777776	160.0	1397.0	83.0	1557.0	0.0975609756097561	6.290356967454895	0.8557707813171728	0.8844858534212559
Bracken_custom	CAMI_HIGH_S004	7.580067019530648	21713.61195504922	1.7848043367970792	0.6460905349794238	0.05653583003240908	0.10397350993377484	157.0	2620.0	86.0	2777.0	0.05483758295494237	6.021650165934454	0.5875866912717489	0.8924021683985641
Bracken_original	CAMI_HIGH_S004	8.37290213833136	32137.955494482227	1.9727520693851774	0.06584362139917696	0.003795066413662239	0.007176496972415339	16.0	4200.0	227.0	4216.0	0.0036011703803736214	6.658630253214229	0.750232108648814	0.9863760346925793
