tool	sample	Weighted UniFrac error	Unweighted UniFrac error	L1 norm error	Completeness (recall)	Purity (precision)	F1 score	True positives	False positives	False negatives	Taxon counts	Jaccard index	Shannon diversity	Shannon equitability	Bray-Curtis distance
Metalign	CAMI_HIGH_S004	8.618877108910992	14155.971250108318	0.031249414954229518	1.0	0.5	0.6666666666666666	2.0	2.0	0.0	4.0	0.5	0.12020909536508137	0.08671253287647569	0.015624707477114759
Bracken_custom	CAMI_HIGH_S004	7.580067019530648	21713.61195504922	0.011484025704025784	1.0	0.5	0.6666666666666666	2.0	2.0	0.0	4.0	0.5	0.05139886812310907	0.03707644607425764	0.005742012852012891
Bracken_original	CAMI_HIGH_S004	8.37290213833136	32137.955494482227	0.011395974295974366	1.0	0.5	0.6666666666666666	2.0	2.0	0.0	4.0	0.5	0.10139439372516573	0.07314059450061981	0.005697987147987183
