rank	sample	Weighted UniFrac error	Unweighted UniFrac error	L1 norm error	Completeness (recall)	Purity (precision)	F1 score	True positives	False positives	False negatives	Taxon counts	Jaccard index	Shannon diversity	Shannon equitability	Bray-Curtis distance
superkingdom	CAMI_MED_S002	9.15814524401383	2531.242099202409	0.6457158702283021	0.6666666666666666	1.0	0.8	2.0	0.0	1.0	2.0	0.6666666666666666	0.21863902036517735	0.31542943042566246	0.32285793511415106
phylum	CAMI_MED_S002	9.15814524401383	2531.242099202409	0.18204433643325932	1.0	0.8571428571428571	0.923076923076923	6.0	1.0	0.0	7.0	0.8571428571428571	1.3535257212880225	0.695574624524736	0.09102216821662963
class	CAMI_MED_S002	9.15814524401383	2531.242099202409	0.35321700986440857	0.8666666666666667	1.0	0.9285714285714286	13.0	0.0	2.0	13.0	0.8666666666666667	1.786502473289866	0.6965059439060117	0.17660850493220434
order	CAMI_MED_S002	9.15814524401383	2531.242099202409	1.0030247116432216	0.8620689655172413	0.5952380952380952	0.7042253521126761	25.0	17.0	4.0	42.0	0.5434782608695652	2.590925629077572	0.6931927895402186	0.5015123558216108
family	CAMI_MED_S002	9.15814524401383	2531.242099202409	0.7097058125471503	0.8113207547169812	0.5657894736842105	0.6666666666666666	43.0	33.0	10.0	76.0	0.5	2.8760922708869554	0.6641120671486089	0.35485290627357524
genus	CAMI_MED_S002	9.15814524401383	2531.242099202409	0.8316964010398109	0.676056338028169	0.32653061224489793	0.4403669724770642	48.0	99.0	23.0	147.0	0.2823529411764706	3.100660221207163	0.6213209310595259	0.41584820051990534
species	CAMI_MED_S002	9.15814524401383	2531.242099202409	1.7611884420848765	0.2916666666666667	0.1337579617834395	0.18340611353711792	21.0	136.0	51.0	157.0	0.10096153846153846	3.089962813324827	0.6111179978743082	0.8805942210424377
strain	CAMI_MED_S002	9.15814524401383	2531.242099202409	na	0.0	0.0	na	0.0	0.0	232.0	0.0	0.0	na	na	na
