rank	sample	Weighted UniFrac error	Unweighted UniFrac error	L1 norm error	Completeness (recall)	Purity (precision)	F1 score	True positives	False positives	False negatives	Taxon counts	Jaccard index	Shannon diversity	Shannon equitability	Bray-Curtis distance
superkingdom	CAMI_MED_S002	11.230652174851754	2540.784714112344	0.6457158702283021	0.6666666666666666	1.0	0.8	2.0	0.0	1.0	2.0	0.6666666666666666	0.4247689543733195	0.6128120639979785	0.322857935114151
phylum	CAMI_MED_S002	11.230652174851754	2540.784714112344	0.8962175600158389	0.6666666666666666	1.0	0.8	4.0	0.0	2.0	4.0	0.6666666666666666	0.9286443940586415	0.6698753310288693	0.4481087800079194
class	CAMI_MED_S002	11.230652174851754	2540.784714112344	0.9524659862659861	0.5333333333333333	0.8888888888888888	0.6666666666666667	8.0	1.0	7.0	9.0	0.5	1.4980011891693272	0.6817697219577855	0.4762329931329931
order	CAMI_MED_S002	11.230652174851754	2540.784714112344	1.3463398832091076	0.5517241379310345	0.8421052631578947	0.6666666666666666	16.0	3.0	13.0	19.0	0.5	1.68659745183969	0.5728077449637484	0.6731699416045538
family	CAMI_MED_S002	11.230652174851754	2540.784714112344	1.392680250745474	0.41509433962264153	0.8461538461538461	0.5569620253164558	22.0	4.0	31.0	26.0	0.38596491228070173	1.6963699931500051	0.5206629003633348	0.6963401253727372
genus	CAMI_MED_S002	11.230652174851754	2540.784714112344	1.410804984332014	0.2535211267605634	0.5454545454545454	0.3461538461538461	18.0	15.0	53.0	33.0	0.20930232558139536	1.767473384769229	0.5054968003638258	0.705402492166007
species	CAMI_MED_S002	11.230652174851754	2540.784714112344	1.7994379520496948	0.16666666666666666	0.3333333333333333	0.2222222222222222	12.0	24.0	60.0	36.0	0.125	1.7520056620687248	0.48890648888925436	0.8997189760248473
strain	CAMI_MED_S002	11.230652174851754	2540.784714112344	na	0.0	0.0	na	0.0	0.0	232.0	0.0	0.0	na	na	na
