rank	sample	Weighted UniFrac error	Unweighted UniFrac error	L1 norm error	Completeness (recall)	Purity (precision)	F1 score	True positives	False positives	False negatives	Taxon counts	Jaccard index	Shannon diversity	Shannon equitability	Bray-Curtis distance
superkingdom	CAMI_MED_S002	10.089609292543015	2135.2382730228273	0.6587927789487157	1.0	1.0	1.0	3.0	0.0	0.0	3.0	1.0	0.12571370226054665	0.11442954312203647	0.32939638947435784
phylum	CAMI_MED_S002	10.089609292543015	2135.2382730228273	0.20762394493514505	1.0	1.0	1.0	6.0	0.0	0.0	6.0	1.0	1.4088818066943678	0.7863119078708468	0.10381197246757251
class	CAMI_MED_S002	10.089609292543015	2135.2382730228273	0.3004050292803565	1.0	0.9375	0.967741935483871	15.0	1.0	0.0	16.0	0.9375	2.1074409293005907	0.7600986444170977	0.15020251464017825
order	CAMI_MED_S002	10.089609292543015	2135.2382730228273	0.7459282071737567	0.896551724137931	0.8387096774193549	0.8666666666666666	26.0	5.0	3.0	31.0	0.7647058823529411	2.661821860515249	0.7751402966902822	0.3729641035868784
family	CAMI_MED_S002	10.089609292543015	2135.2382730228273	0.37815328366912654	0.8113207547169812	0.9148936170212766	0.8600000000000001	43.0	4.0	10.0	47.0	0.7543859649122807	2.9309872237316434	0.7612661972828869	0.18907664183456313
genus	CAMI_MED_S002	10.089609292543015	2135.2382730228273	0.3744970813062685	0.7605633802816901	0.84375	0.8	54.0	10.0	17.0	64.0	0.6666666666666666	3.128820708651365	0.7523223533670028	0.18724854065313423
species	CAMI_MED_S002	10.089609292543015	2135.2382730228273	1.5804587549167837	0.4583333333333333	0.6	0.5196850393700787	33.0	22.0	39.0	55.0	0.35106382978723405	3.0064651623018297	0.7502408767459201	0.7902293774583916
strain	CAMI_MED_S002	10.089609292543015	2135.2382730228273	1.9999999999999998	0.0	0.0	na	0.0	27.0	232.0	27.0	0.0	2.3519778757972603	0.7136208409030433	1.0
