rank	sample	Weighted UniFrac error	Unweighted UniFrac error	L1 norm error	Completeness (recall)	Purity (precision)	F1 score	True positives	False positives	False negatives	Taxon counts	Jaccard index	Shannon diversity	Shannon equitability	Bray-Curtis distance
superkingdom	CAMI_MED_S002	8.95151237007095	2023.7177739430037	0.6635099310557799	0.6666666666666666	1.0	0.8	2.0	0.0	1.0	2.0	0.6666666666666666	0.11425179001965118	0.16483049087403792	0.33175496552788997
phylum	CAMI_MED_S002	8.95151237007095	2023.7177739430037	0.23150069194557163	1.0	1.0	1.0	6.0	0.0	0.0	6.0	1.0	1.3151535759589528	0.7340011862895645	0.11575034597278581
class	CAMI_MED_S002	8.95151237007095	2023.7177739430037	0.27125201955277684	1.0	0.9375	0.967741935483871	15.0	1.0	0.0	16.0	0.9375	1.9675862469082948	0.7096567302339811	0.13562600977638836
order	CAMI_MED_S002	8.95151237007095	2023.7177739430037	0.7857454244031389	0.8620689655172413	0.8333333333333334	0.847457627118644	25.0	5.0	4.0	30.0	0.7352941176470589	2.7428144602255364	0.806426135399743	0.39287271220156933
family	CAMI_MED_S002	8.95151237007095	2023.7177739430037	0.34461642580230206	0.8113207547169812	0.9347826086956522	0.8686868686868686	43.0	3.0	10.0	46.0	0.7678571428571429	3.033835764239495	0.7924053077996688	0.17230821290115098
genus	CAMI_MED_S002	8.95151237007095	2023.7177739430037	0.4248171303321261	0.8450704225352113	0.8108108108108109	0.8275862068965518	60.0	14.0	11.0	74.0	0.7058823529411765	3.353644288305758	0.7791806619284029	0.212408565166063
species	CAMI_MED_S002	8.95151237007095	2023.7177739430037	1.5423448011988654	0.6111111111111112	0.3697478991596639	0.46073298429319376	44.0	75.0	28.0	119.0	0.29931972789115646	3.558395551944698	0.7445707475593907	0.7711724005994325
strain	CAMI_MED_S002	8.95151237007095	2023.7177739430037	1.9011732093856757	0.05603448275862069	0.1092436974789916	0.07407407407407408	13.0	106.0	219.0	119.0	0.038461538461538464	3.558395551944698	0.7445707475593907	0.9505866046928376
