rank	sample	Weighted UniFrac error	Unweighted UniFrac error	L1 norm error	Completeness (recall)	Purity (precision)	F1 score	True positives	False positives	False negatives	Taxon counts	Jaccard index	Shannon diversity	Shannon equitability	Bray-Curtis distance
superkingdom	CAMI_MED_S002	10.483128515433389	2509.3823577646854	0.5585466702283021	1.0	1.0	1.0	3.0	0.0	0.0	3.0	1.0	0.5356487124525033	0.4875684697664278	0.27927333511415103
phylum	CAMI_MED_S002	10.483128515433389	2509.3823577646854	0.8048223426970504	0.8333333333333334	1.0	0.9090909090909091	5.0	0.0	1.0	5.0	0.8333333333333334	1.034506037560119	0.6427747411489398	0.4024111713485252
class	CAMI_MED_S002	10.483128515433389	2509.3823577646854	0.8634971038391446	0.6666666666666666	1.0	0.8	10.0	0.0	5.0	10.0	0.6666666666666666	1.5141429516492995	0.657583928713993	0.43174855191957234
order	CAMI_MED_S002	10.483128515433389	2509.3823577646854	1.0443049324477809	0.6551724137931034	0.95	0.7755102040816326	19.0	1.0	10.0	20.0	0.6333333333333333	2.0253124569880327	0.6760659071130214	0.5221524662238903
family	CAMI_MED_S002	10.483128515433389	2509.3823577646854	1.1236932643345774	0.5471698113207547	0.9666666666666667	0.6987951807228916	29.0	1.0	24.0	30.0	0.5370370370370371	2.081238625611619	0.6119135092931665	0.5618466321672886
genus	CAMI_MED_S002	10.483128515433389	2509.3823577646854	1.2025155779881687	0.36619718309859156	0.7222222222222222	0.4859813084112149	26.0	10.0	45.0	36.0	0.32098765432098764	2.1110937518028314	0.5891119282635507	0.6012577889940841
species	CAMI_MED_S002	10.483128515433389	2509.3823577646854	1.7769692995472157	0.2638888888888889	0.59375	0.3653846153846154	19.0	13.0	53.0	32.0	0.2235294117647059	1.9494372671540445	0.5624886955694547	0.8884846497736079
strain	CAMI_MED_S002	10.483128515433389	2509.3823577646854	na	0.0	0.0	na	0.0	0.0	232.0	0.0	0.0	na	na	na
