rank	sample	Weighted UniFrac error	Unweighted UniFrac error	L1 norm error	Completeness (recall)	Purity (precision)	F1 score	True positives	False positives	False negatives	Taxon counts	Jaccard index	Shannon diversity	Shannon equitability	Bray-Curtis distance
superkingdom	CAMI_MED_S002	8.348169379217346	2095.492636409022	0.645715870228302	0.6666666666666666	1.0	0.8	2.0	0.0	1.0	2.0	0.6666666666666666	0.2087156410677028	0.3011130203243357	0.322857935114151
phylum	CAMI_MED_S002	8.348169379217346	2095.492636409022	0.105935700390107	1.0	1.0	1.0	6.0	0.0	0.0	6.0	1.0	1.3289497109964894	0.7417009558593497	0.05296785019505349
class	CAMI_MED_S002	8.348169379217346	2095.492636409022	0.13592789153841053	1.0	0.9375	0.967741935483871	15.0	1.0	0.0	16.0	0.9375	1.943400140989802	0.700933436467225	0.06796394576920525
order	CAMI_MED_S002	8.348169379217346	2095.492636409022	0.6610496634365985	0.8620689655172413	0.8333333333333334	0.847457627118644	25.0	5.0	4.0	30.0	0.7352941176470589	2.6299706203953552	0.7732484549632624	0.3305248317182992
family	CAMI_MED_S002	8.348169379217346	2095.492636409022	0.267530995440244	0.7924528301886793	0.9545454545454546	0.865979381443299	42.0	2.0	11.0	44.0	0.7636363636363637	2.8784852713526057	0.7606609472084351	0.133765497720122
genus	CAMI_MED_S002	8.348169379217346	2095.492636409022	0.25062497754435786	0.7887323943661971	0.7777777777777778	0.7832167832167832	56.0	16.0	15.0	72.0	0.6436781609195402	3.1616666898567716	0.7392830307230496	0.12531248877217888
species	CAMI_MED_S002	8.348169379217346	2095.492636409022	1.6175043171240855	0.5833333333333334	0.5316455696202531	0.5562913907284769	42.0	37.0	30.0	79.0	0.3853211009174312	2.9896693706740862	0.6842213184867506	0.8087521585620427
strain	CAMI_MED_S002	8.348169379217346	2095.492636409022	na	0.0	0.0	na	0.0	0.0	232.0	0.0	0.0	na	na	na
