tool	sample	Weighted UniFrac error	Unweighted UniFrac error	L1 norm error	Completeness (recall)	Purity (precision)	F1 score	True positives	False positives	False negatives	Taxon counts	Jaccard index	Shannon diversity	Shannon equitability	Bray-Curtis distance
Metalign	CAMI_MED_S002	8.95151237007095	2023.7177739430037	0.27125201955277684	1.0	0.9375	0.967741935483871	15.0	1.0	0.0	16.0	0.9375	1.9675862469082948	0.7096567302339811	0.13562600977638836
Bracken+Kraken2	CAMI_MED_S002	8.916882657178117	7277.024206380857	0.3201136998011998	1.0	0.45454545454545453	0.625	15.0	18.0	0.0	33.0	0.45454545454545453	1.9196772403613784	0.5490270524558056	0.1600568499005999
CLARK	CAMI_MED_S002	9.15814524401383	2531.242099202409	0.35321700986440857	0.8666666666666667	1.0	0.9285714285714286	13.0	0.0	2.0	13.0	0.8666666666666667	1.786502473289866	0.6965059439060117	0.17660850493220434
GOTTCHA	CAMI_MED_S002	11.230652174851754	2540.784714112344	0.9524659862659861	0.5333333333333333	0.8888888888888888	0.6666666666666667	8.0	1.0	7.0	9.0	0.5	1.4980011891693272	0.6817697219577855	0.4762329931329931
MEGAN+DIAMOND	CAMI_MED_S002	10.089609292543017	2135.238273022828	0.3004050292803565	1.0	0.9375	0.967741935483871	15.0	1.0	0.0	16.0	0.9375	2.1074409293005907	0.7600986444170977	0.15020251464017825
MetaPhlAn2	CAMI_MED_S002	10.483128515433389	2509.3823577646854	0.8634971038391446	0.6666666666666666	1.0	0.8	10.0	0.0	5.0	10.0	0.6666666666666666	1.5141429516492995	0.657583928713993	0.43174855191957234
mOTUs2	CAMI_MED_S002	8.34816937921734	2095.4926364090225	0.13592789153841056	1.0	0.9375	0.967741935483871	15.0	1.0	0.0	16.0	0.9375	1.943400140989802	0.700933436467225	0.06796394576920527
