tool	sample	Weighted UniFrac error	Unweighted UniFrac error	L1 norm error	Completeness (recall)	Purity (precision)	F1 score	True positives	False positives	False negatives	Taxon counts	Jaccard index	Shannon diversity	Shannon equitability	Bray-Curtis distance
Metalign	CAMI_MED_S002	8.951512370070944	2023.7177739430037	0.27125201955277684	1.0	0.9375	0.967741935483871	15.0	1.0	0.0	16.0	0.9375	1.9675862469082945	0.709656730233981	0.13562600977638836
Bracken+Kraken2	CAMI_MED_S002	8.91688265717809	7277.024206380856	0.3201136998011998	1.0	0.45454545454545453	0.625	15.0	18.0	0.0	33.0	0.45454545454545453	1.9196772403613787	0.5490270524558057	0.16005684990059987
CLARK	CAMI_MED_S002	9.158145244013827	2531.242099202409	0.35321700986440846	0.8666666666666667	1.0	0.9285714285714286	13.0	0.0	2.0	13.0	0.8666666666666667	1.786502473289866	0.6965059439060117	0.17660850493220423
GOTTCHA	CAMI_MED_S002	11.230652174851755	2540.784714112345	0.9524659862659866	0.5333333333333333	0.8888888888888888	0.6666666666666667	8.0	1.0	7.0	9.0	0.5	1.4980011891693272	0.6817697219577855	0.4762329931329931
MEGAN+DIAMOND	CAMI_MED_S002	10.089609292543015	2135.2382730228273	0.3004050292803565	1.0	0.9375	0.967741935483871	15.0	1.0	0.0	16.0	0.9375	2.1074409293005907	0.7600986444170977	0.15020251464017825
MetaBinG2	CAMI_MED_S002	11.462961807763666	2783.0062047434935	0.643988461724493	0.3333333333333333	1.0	0.5	5.0	0.0	10.0	5.0	0.3333333333333333	1.204166059755884	0.7481904399373279	0.32199423086224643
MetaPhlAn2	CAMI_MED_S002	10.483128515433389	2509.3823577646854	0.8634971038391447	0.6666666666666666	1.0	0.8	10.0	0.0	5.0	10.0	0.6666666666666666	1.5141429516492992	0.6575839287139928	0.4317485519195724
mOTUs2	CAMI_MED_S002	8.348169379217346	2095.492636409022	0.13592789153841053	1.0	0.9375	0.967741935483871	15.0	1.0	0.0	16.0	0.9375	1.943400140989802	0.700933436467225	0.06796394576920525
