tool	sample	Weighted UniFrac error	Unweighted UniFrac error	L1 norm error	Completeness (recall)	Purity (precision)	F1 score	True positives	False positives	False negatives	Taxon counts	Jaccard index	Shannon diversity	Shannon equitability	Bray-Curtis distance
Metalign	CAMI_MED_S002	8.95151237007095	2023.7177739430037	0.34461642580230206	0.8113207547169812	0.9347826086956522	0.8686868686868686	43.0	3.0	10.0	46.0	0.7678571428571429	3.033835764239495	0.7924053077996688	0.17230821290115098
Bracken+Kraken2	CAMI_MED_S002	8.916882657178117	7277.024206380857	0.6042411038923848	0.9245283018867925	0.30246913580246915	0.45581395348837206	49.0	113.0	4.0	162.0	0.29518072289156627	3.3504427573463524	0.6585512168377085	0.3021205519461924
CLARK	CAMI_MED_S002	9.15814524401383	2531.242099202409	0.7097058125471503	0.8113207547169812	0.5657894736842105	0.6666666666666666	43.0	33.0	10.0	76.0	0.5	2.8760922708869554	0.6641120671486089	0.35485290627357524
GOTTCHA	CAMI_MED_S002	11.230652174851754	2540.784714112344	1.392680250745474	0.41509433962264153	0.8461538461538461	0.5569620253164558	22.0	4.0	31.0	26.0	0.38596491228070173	1.6963699931500051	0.5206629003633348	0.6963401253727372
MEGAN+DIAMOND	CAMI_MED_S002	10.089609292543017	2135.238273022828	0.37815328366912654	0.8113207547169812	0.9148936170212766	0.8600000000000001	43.0	4.0	10.0	47.0	0.7543859649122807	2.930987223731643	0.7612661972828868	0.1890766418345631
MetaPhlAn2	CAMI_MED_S002	10.483128515433389	2509.3823577646854	1.1236932643345774	0.5471698113207547	0.9666666666666667	0.6987951807228916	29.0	1.0	24.0	30.0	0.5370370370370371	2.081238625611619	0.6119135092931665	0.5618466321672886
mOTUs2	CAMI_MED_S002	8.34816937921734	2095.4926364090225	0.267530995440244	0.7924528301886793	0.9545454545454546	0.865979381443299	42.0	2.0	11.0	44.0	0.7636363636363637	2.878485271352606	0.7606609472084352	0.13376549772012197
