tool	sample	Weighted UniFrac error	Unweighted UniFrac error	L1 norm error	Completeness (recall)	Purity (precision)	F1 score	True positives	False positives	False negatives	Taxon counts	Jaccard index	Shannon diversity	Shannon equitability	Bray-Curtis distance
Metalign	CAMI_MED_S002	8.951512370070944	2023.7177739430037	0.34461642580230206	0.8113207547169812	0.9347826086956522	0.8686868686868686	43.0	3.0	10.0	46.0	0.7678571428571429	3.0338357642394946	0.7924053077996687	0.172308212901151
Bracken+Kraken2	CAMI_MED_S002	8.91688265717809	7277.024206380856	0.6042411038923844	0.9245283018867925	0.30246913580246915	0.45581395348837206	49.0	113.0	4.0	162.0	0.29518072289156627	3.350442757346352	0.6585512168377083	0.3021205519461923
CLARK	CAMI_MED_S002	9.158145244013827	2531.242099202409	0.7097058125471503	0.8113207547169812	0.5657894736842105	0.6666666666666666	43.0	33.0	10.0	76.0	0.5	2.8760922708869545	0.6641120671486087	0.35485290627357524
GOTTCHA	CAMI_MED_S002	11.230652174851755	2540.784714112345	1.3926802507454732	0.41509433962264153	0.8461538461538461	0.5569620253164558	22.0	4.0	31.0	26.0	0.38596491228070173	1.6963699931500051	0.5206629003633348	0.696340125372737
MEGAN+DIAMOND	CAMI_MED_S002	10.089609292543015	2135.2382730228273	0.37815328366912654	0.8113207547169812	0.9148936170212766	0.8600000000000001	43.0	4.0	10.0	47.0	0.7543859649122807	2.9309872237316434	0.7612661972828869	0.18907664183456313
MetaBinG2	CAMI_MED_S002	11.462961807763666	2783.0062047434935	1.1062458514075069	0.1320754716981132	0.875	0.22950819672131148	7.0	1.0	46.0	8.0	0.12962962962962962	1.6698471859950696	0.8030267514258259	0.5531229257037533
MetaPhlAn2	CAMI_MED_S002	10.483128515433389	2509.3823577646854	1.1236932643345774	0.5471698113207547	0.9666666666666667	0.6987951807228916	29.0	1.0	24.0	30.0	0.5370370370370371	2.081238625611619	0.6119135092931665	0.5618466321672887
mOTUs2	CAMI_MED_S002	8.348169379217346	2095.492636409022	0.267530995440244	0.7924528301886793	0.9545454545454546	0.865979381443299	42.0	2.0	11.0	44.0	0.7636363636363637	2.8784852713526057	0.7606609472084351	0.133765497720122
