tool	sample	Weighted UniFrac error	Unweighted UniFrac error	L1 norm error	Completeness (recall)	Purity (precision)	F1 score	True positives	False positives	False negatives	Taxon counts	Jaccard index	Shannon diversity	Shannon equitability	Bray-Curtis distance
Metalign	CAMI_MED_S002	8.95151237007095	2023.7177739430037	0.4248171303321261	0.8450704225352113	0.8108108108108109	0.8275862068965518	60.0	14.0	11.0	74.0	0.7058823529411765	3.353644288305758	0.7791806619284029	0.212408565166063
Bracken+Kraken2	CAMI_MED_S002	8.916882657178117	7277.024206380857	0.7529974803881747	0.704225352112676	0.13850415512465375	0.23148148148148148	50.0	311.0	21.0	361.0	0.13089005235602094	3.8613526248829024	0.6557026062017487	0.3764987401940875
CLARK	CAMI_MED_S002	9.15814524401383	2531.242099202409	0.8316964010398109	0.676056338028169	0.32653061224489793	0.4403669724770642	48.0	99.0	23.0	147.0	0.2823529411764706	3.100660221207163	0.6213209310595259	0.41584820051990534
GOTTCHA	CAMI_MED_S002	11.230652174851754	2540.784714112344	1.410804984332014	0.2535211267605634	0.5454545454545454	0.3461538461538461	18.0	15.0	53.0	33.0	0.20930232558139536	1.767473384769229	0.5054968003638258	0.705402492166007
MEGAN+DIAMOND	CAMI_MED_S002	10.089609292543017	2135.238273022828	0.3744970813062686	0.7605633802816901	0.84375	0.8	54.0	10.0	17.0	64.0	0.6666666666666666	3.1288207086513635	0.7523223533670025	0.1872485406531343
MetaPhlAn2	CAMI_MED_S002	10.483128515433389	2509.3823577646854	1.2025155779881687	0.36619718309859156	0.7222222222222222	0.4859813084112149	26.0	10.0	45.0	36.0	0.32098765432098764	2.1110937518028314	0.5891119282635507	0.6012577889940841
mOTUs2	CAMI_MED_S002	8.34816937921734	2095.4926364090225	0.2506249775443577	0.7887323943661971	0.7777777777777778	0.7832167832167832	56.0	16.0	15.0	72.0	0.6436781609195402	3.161666689856772	0.7392830307230497	0.12531248877217885
