tool	sample	Weighted UniFrac error	Unweighted UniFrac error	L1 norm error	Completeness (recall)	Purity (precision)	F1 score	True positives	False positives	False negatives	Taxon counts	Jaccard index	Shannon diversity	Shannon equitability	Bray-Curtis distance
Metalign	CAMI_MED_S002	8.951512370070944	2023.7177739430037	0.4248171303321259	0.8450704225352113	0.8108108108108109	0.8275862068965518	60.0	14.0	11.0	74.0	0.7058823529411765	3.3536442883057562	0.7791806619284024	0.21240856516606296
Bracken+Kraken2	CAMI_MED_S002	8.91688265717809	7277.024206380856	0.7529974803881742	0.704225352112676	0.13850415512465375	0.23148148148148148	50.0	311.0	21.0	361.0	0.13089005235602094	3.8613526248829038	0.6557026062017489	0.3764987401940875
CLARK	CAMI_MED_S002	9.158145244013827	2531.242099202409	0.8316964010398111	0.676056338028169	0.32653061224489793	0.4403669724770642	48.0	99.0	23.0	147.0	0.2823529411764706	3.100660221207161	0.6213209310595256	0.41584820051990534
GOTTCHA	CAMI_MED_S002	11.230652174851755	2540.784714112345	1.410804984332014	0.2535211267605634	0.5454545454545454	0.3461538461538461	18.0	15.0	53.0	33.0	0.20930232558139536	1.7674733847692288	0.5054968003638258	0.7054024921660069
MEGAN+DIAMOND	CAMI_MED_S002	10.089609292543015	2135.2382730228273	0.3744970813062685	0.7605633802816901	0.84375	0.8	54.0	10.0	17.0	64.0	0.6666666666666666	3.128820708651365	0.7523223533670028	0.18724854065313423
MetaBinG2	CAMI_MED_S002	11.462961807763666	2783.0062047434935	1.241344353091864	0.08450704225352113	0.75	0.1518987341772152	6.0	2.0	65.0	8.0	0.0821917808219178	1.6698471859950699	0.803026751425826	0.6206721765459319
MetaPhlAn2	CAMI_MED_S002	10.483128515433389	2509.3823577646854	1.2025155779881684	0.36619718309859156	0.7222222222222222	0.4859813084112149	26.0	10.0	45.0	36.0	0.32098765432098764	2.111093751802832	0.5891119282635509	0.6012577889940841
mOTUs2	CAMI_MED_S002	8.348169379217346	2095.492636409022	0.25062497754435786	0.7887323943661971	0.7777777777777778	0.7832167832167832	56.0	16.0	15.0	72.0	0.6436781609195402	3.1616666898567716	0.7392830307230496	0.12531248877217888
