tool	sample	Weighted UniFrac error	Unweighted UniFrac error	L1 norm error	Completeness (recall)	Purity (precision)	F1 score	True positives	False positives	False negatives	Taxon counts	Jaccard index	Shannon diversity	Shannon equitability	Bray-Curtis distance
Metalign	CAMI_MED_S002	8.951512370070944	2023.7177739430037	0.7857454244031389	0.8620689655172413	0.8333333333333334	0.847457627118644	25.0	5.0	4.0	30.0	0.7352941176470589	2.7428144602255364	0.806426135399743	0.3928727122015694
Bracken+Kraken2	CAMI_MED_S002	8.91688265717809	7277.024206380856	0.9575250832357756	0.9310344827586207	0.3333333333333333	0.49090909090909085	27.0	54.0	2.0	81.0	0.3253012048192771	2.878445736689671	0.6550185553129309	0.47876254161788756
CLARK	CAMI_MED_S002	9.158145244013827	2531.242099202409	1.0030247116432218	0.8620689655172413	0.5952380952380952	0.7042253521126761	25.0	17.0	4.0	42.0	0.5434782608695652	2.590925629077572	0.6931927895402186	0.5015123558216108
GOTTCHA	CAMI_MED_S002	11.230652174851755	2540.784714112345	1.3463398832091074	0.5517241379310345	0.8421052631578947	0.6666666666666666	16.0	3.0	13.0	19.0	0.5	1.68659745183969	0.5728077449637484	0.6731699416045538
MEGAN+DIAMOND	CAMI_MED_S002	10.089609292543015	2135.2382730228273	0.7459282071737567	0.896551724137931	0.8387096774193549	0.8666666666666666	26.0	5.0	3.0	31.0	0.7647058823529411	2.661821860515249	0.7751402966902822	0.3729641035868784
MetaBinG2	CAMI_MED_S002	11.462961807763666	2783.0062047434935	1.4235495881214941	0.1724137931034483	0.7142857142857143	0.2777777777777778	5.0	2.0	24.0	7.0	0.16129032258064516	1.5587438044416222	0.8010358572816685	0.711774794060747
MetaPhlAn2	CAMI_MED_S002	10.483128515433389	2509.3823577646854	1.0443049324477809	0.6551724137931034	0.95	0.7755102040816326	19.0	1.0	10.0	20.0	0.6333333333333333	2.0253124569880327	0.6760659071130214	0.5221524662238903
mOTUs2	CAMI_MED_S002	8.348169379217346	2095.492636409022	0.6610496634365985	0.8620689655172413	0.8333333333333334	0.847457627118644	25.0	5.0	4.0	30.0	0.7352941176470589	2.6299706203953552	0.7732484549632624	0.3305248317182992
