tool	sample	Weighted UniFrac error	Unweighted UniFrac error	L1 norm error	Completeness (recall)	Purity (precision)	F1 score	True positives	False positives	False negatives	Taxon counts	Jaccard index	Shannon diversity	Shannon equitability	Bray-Curtis distance
Metalign	CAMI_MED_S002	8.951512370070944	2023.7177739430037	0.23150069194557157	1.0	1.0	1.0	6.0	0.0	0.0	6.0	1.0	1.315153575958953	0.7340011862895646	0.11575034597278577
Bracken+Kraken2	CAMI_MED_S002	8.91688265717809	7277.024206380856	0.11086117980875367	1.0	0.35294117647058826	0.5217391304347826	6.0	11.0	0.0	17.0	0.35294117647058826	1.396778128384583	0.49300139409369814	0.05543058990437684
CLARK	CAMI_MED_S002	9.158145244013827	2531.242099202409	0.18204433643325932	1.0	0.8571428571428571	0.923076923076923	6.0	1.0	0.0	7.0	0.8571428571428571	1.3535257212880225	0.695574624524736	0.09102216821662965
GOTTCHA	CAMI_MED_S002	11.230652174851755	2540.784714112345	0.8962175600158389	0.6666666666666666	1.0	0.8	4.0	0.0	2.0	4.0	0.6666666666666666	0.9286443940586415	0.6698753310288693	0.44810878000791937
MEGAN+DIAMOND	CAMI_MED_S002	10.089609292543015	2135.2382730228273	0.20762394493514505	1.0	1.0	1.0	6.0	0.0	0.0	6.0	1.0	1.4088818066943678	0.7863119078708468	0.10381197246757251
MetaBinG2	CAMI_MED_S002	11.462961807763666	2783.0062047434935	0.5886083906379596	0.8333333333333334	1.0	0.9090909090909091	5.0	0.0	1.0	5.0	0.8333333333333334	1.2041660597558843	0.748190439937328	0.2943041953189798
MetaPhlAn2	CAMI_MED_S002	10.483128515433389	2509.3823577646854	0.8048223426970504	0.8333333333333334	1.0	0.9090909090909091	5.0	0.0	1.0	5.0	0.8333333333333334	1.034506037560119	0.6427747411489398	0.40241117134852517
mOTUs2	CAMI_MED_S002	8.348169379217346	2095.492636409022	0.105935700390107	1.0	1.0	1.0	6.0	0.0	0.0	6.0	1.0	1.3289497109964894	0.7417009558593497	0.05296785019505349
