tool	sample	Weighted UniFrac error	Unweighted UniFrac error	L1 norm error	Completeness (recall)	Purity (precision)	F1 score	True positives	False positives	False negatives	Taxon counts	Jaccard index	Shannon diversity	Shannon equitability	Bray-Curtis distance
Metalign	CAMI_MED_S002	8.951512370070944	2023.7177739430037	1.5423448011988656	0.6111111111111112	0.3697478991596639	0.46073298429319376	44.0	75.0	28.0	119.0	0.29931972789115646	3.558395551944698	0.7445707475593907	0.7711724005994326
Bracken+Kraken2	CAMI_MED_S002	8.91688265717809	7277.024206380856	1.7474708462083808	0.2916666666666667	0.02681992337164751	0.04912280701754387	21.0	762.0	51.0	783.0	0.025179856115107913	4.277176825577009	0.6419168011092711	0.8737354231041907
CLARK	CAMI_MED_S002	9.158145244013827	2531.242099202409	1.7611884420848765	0.2916666666666667	0.1337579617834395	0.18340611353711792	21.0	136.0	51.0	157.0	0.10096153846153846	3.0899628133248265	0.6111179978743081	0.8805942210424376
GOTTCHA	CAMI_MED_S002	11.230652174851755	2540.784714112345	1.7994379520496941	0.16666666666666666	0.3333333333333333	0.2222222222222222	12.0	24.0	60.0	36.0	0.125	1.752005662068725	0.4889064888892544	0.8997189760248474
MEGAN+DIAMOND	CAMI_MED_S002	10.089609292543015	2135.2382730228273	1.5804587549167837	0.4583333333333333	0.6	0.5196850393700787	33.0	22.0	39.0	55.0	0.35106382978723405	3.0064651623018297	0.7502408767459201	0.7902293774583916
MetaBinG2	CAMI_MED_S002	11.462961807763666	2783.0062047434935	1.862097375888786	0.027777777777777776	0.25	0.049999999999999996	2.0	6.0	70.0	8.0	0.02564102564102564	1.6698471859950699	0.803026751425826	0.9310486879443931
MetaPhlAn2	CAMI_MED_S002	10.483128515433389	2509.3823577646854	1.776969299547215	0.2638888888888889	0.59375	0.3653846153846154	19.0	13.0	53.0	32.0	0.2235294117647059	1.949437267154044	0.5624886955694546	0.8884846497736079
mOTUs2	CAMI_MED_S002	8.348169379217346	2095.492636409022	1.6175043171240855	0.5833333333333334	0.5316455696202531	0.5562913907284769	42.0	37.0	30.0	79.0	0.3853211009174312	2.9896693706740862	0.6842213184867506	0.8087521585620427
