tool	sample	Weighted UniFrac error	Unweighted UniFrac error	L1 norm error	Completeness (recall)	Purity (precision)	F1 score	True positives	False positives	False negatives	Taxon counts	Jaccard index	Shannon diversity	Shannon equitability	Bray-Curtis distance
Metalign	CAMI_MED_S002	8.95151237007095	2023.7177739430037	1.5423448011988654	0.6111111111111112	0.3697478991596639	0.46073298429319376	44.0	75.0	28.0	119.0	0.29931972789115646	3.558395551944698	0.7445707475593907	0.7711724005994325
Bracken+Kraken2	CAMI_MED_S002	8.916882657178117	7277.024206380857	1.7474708462083763	0.2916666666666667	0.02681992337164751	0.04912280701754387	21.0	762.0	51.0	783.0	0.025179856115107913	4.277176825577011	0.6419168011092713	0.8737354231041908
CLARK	CAMI_MED_S002	9.15814524401383	2531.242099202409	1.7611884420848765	0.2916666666666667	0.1337579617834395	0.18340611353711792	21.0	136.0	51.0	157.0	0.10096153846153846	3.089962813324827	0.6111179978743082	0.8805942210424377
GOTTCHA	CAMI_MED_S002	11.230652174851754	2540.784714112344	1.7994379520496948	0.16666666666666666	0.3333333333333333	0.2222222222222222	12.0	24.0	60.0	36.0	0.125	1.7520056620687248	0.48890648888925436	0.8997189760248473
MEGAN+DIAMOND	CAMI_MED_S002	10.089609292543017	2135.238273022828	1.5804587549167828	0.4583333333333333	0.6	0.5196850393700787	33.0	22.0	39.0	55.0	0.35106382978723405	3.0064651623018297	0.7502408767459201	0.7902293774583914
MetaPhlAn2	CAMI_MED_S002	10.483128515433389	2509.3823577646854	1.7769692995472157	0.2638888888888889	0.59375	0.3653846153846154	19.0	13.0	53.0	32.0	0.2235294117647059	1.9494372671540445	0.5624886955694547	0.8884846497736079
mOTUs2	CAMI_MED_S002	8.34816937921734	2095.4926364090225	1.6175043171240853	0.5833333333333334	0.5316455696202531	0.5562913907284769	42.0	37.0	30.0	79.0	0.3853211009174312	2.9896693706740862	0.6842213184867506	0.8087521585620429
