tool	sample	Weighted UniFrac error	Unweighted UniFrac error	L1 norm error	Completeness (recall)	Purity (precision)	F1 score	True positives	False positives	False negatives	Taxon counts	Jaccard index	Shannon diversity	Shannon equitability	Bray-Curtis distance
Metalign	CAMI_MED_S002	8.951512370070944	2023.7177739430037	1.9011732093856744	0.05603448275862069	0.1092436974789916	0.07407407407407408	13.0	106.0	219.0	119.0	0.038461538461538464	3.558395551944699	0.7445707475593908	0.9505866046928375
Bracken+Kraken2	CAMI_MED_S002	8.91688265717809	7277.024206380856	na	0.0	0.0	na	0.0	0.0	232.0	0.0	0.0	na	na	na
CLARK	CAMI_MED_S002	9.158145244013827	2531.242099202409	na	0.0	0.0	na	0.0	0.0	232.0	0.0	0.0	na	na	na
GOTTCHA	CAMI_MED_S002	11.230652174851755	2540.784714112345	na	0.0	0.0	na	0.0	0.0	232.0	0.0	0.0	na	na	na
MEGAN+DIAMOND	CAMI_MED_S002	10.089609292543015	2135.2382730228273	1.9999999999999998	0.0	0.0	na	0.0	27.0	232.0	27.0	0.0	2.3519778757972603	0.7136208409030433	1.0
MetaBinG2	CAMI_MED_S002	11.462961807763666	2783.0062047434935	1.9999999999999991	0.0	0.0	na	0.0	7.0	232.0	7.0	0.0	1.5297481512660758	0.786135039178827	1.0
MetaPhlAn2	CAMI_MED_S002	10.483128515433389	2509.3823577646854	na	0.0	0.0	na	0.0	0.0	232.0	0.0	0.0	na	na	na
mOTUs2	CAMI_MED_S002	8.348169379217346	2095.492636409022	na	0.0	0.0	na	0.0	0.0	232.0	0.0	0.0	na	na	na
