tool	sample	Weighted UniFrac error	Unweighted UniFrac error	L1 norm error	Completeness (recall)	Purity (precision)	F1 score	True positives	False positives	False negatives	Taxon counts	Jaccard index	Shannon diversity	Shannon equitability	Bray-Curtis distance
Metalign	CAMI_MED_S002	8.95151237007095	2023.7177739430037	1.9011732093856757	0.05603448275862069	0.1092436974789916	0.07407407407407408	13.0	106.0	219.0	119.0	0.038461538461538464	3.558395551944698	0.7445707475593907	0.9505866046928376
Bracken+Kraken2	CAMI_MED_S002	8.916882657178117	7277.024206380857	na	0.0	0.0	na	0.0	0.0	232.0	0.0	0.0	na	na	na
CLARK	CAMI_MED_S002	9.15814524401383	2531.242099202409	na	0.0	0.0	na	0.0	0.0	232.0	0.0	0.0	na	na	na
GOTTCHA	CAMI_MED_S002	11.230652174851754	2540.784714112344	na	0.0	0.0	na	0.0	0.0	232.0	0.0	0.0	na	na	na
MEGAN+DIAMOND	CAMI_MED_S002	10.089609292543017	2135.238273022828	2.0000000000000004	0.0	0.0	na	0.0	27.0	232.0	27.0	0.0	2.3519778757972603	0.7136208409030433	1.0
MetaPhlAn2	CAMI_MED_S002	10.483128515433389	2509.3823577646854	na	0.0	0.0	na	0.0	0.0	232.0	0.0	0.0	na	na	na
mOTUs2	CAMI_MED_S002	8.34816937921734	2095.4926364090225	na	0.0	0.0	na	0.0	0.0	232.0	0.0	0.0	na	na	na
