tool	sample	Weighted UniFrac error	Unweighted UniFrac error	L1 norm error	Completeness (recall)	Purity (precision)	F1 score	True positives	False positives	False negatives	Taxon counts	Jaccard index	Shannon diversity	Shannon equitability	Bray-Curtis distance
Metalign	CAMI_MED_S002	8.951512370070944	2023.7177739430037	0.6635099310557799	0.6666666666666666	1.0	0.8	2.0	0.0	1.0	2.0	0.6666666666666666	0.11425179001965118	0.16483049087403792	0.33175496552788997
Bracken+Kraken2	CAMI_MED_S002	8.91688265717809	7277.024206380856	0.6444758702283022	1.0	0.75	0.8571428571428571	3.0	1.0	0.0	4.0	0.75	0.1960021281694215	0.1413856491568537	0.3222379351141511
CLARK	CAMI_MED_S002	9.158145244013827	2531.242099202409	0.6457158702283021	0.6666666666666666	1.0	0.8	2.0	0.0	1.0	2.0	0.6666666666666666	0.21863902036517735	0.31542943042566246	0.32285793511415106
GOTTCHA	CAMI_MED_S002	11.230652174851755	2540.784714112345	0.6457158702283021	0.6666666666666666	1.0	0.8	2.0	0.0	1.0	2.0	0.6666666666666666	0.4247689543733195	0.6128120639979785	0.32285793511415106
MEGAN+DIAMOND	CAMI_MED_S002	10.089609292543015	2135.2382730228273	0.6587927789487157	1.0	1.0	1.0	3.0	0.0	0.0	3.0	1.0	0.12571370226054665	0.11442954312203647	0.32939638947435784
MetaBinG2	CAMI_MED_S002	11.462961807763666	2783.0062047434935	0.6701220739339186	0.6666666666666666	1.0	0.8	2.0	0.0	1.0	2.0	0.6666666666666666	0.10179882056157052	0.14686465359252324	0.3350610369669593
MetaPhlAn2	CAMI_MED_S002	10.483128515433389	2509.3823577646854	0.5585466702283021	1.0	1.0	1.0	3.0	0.0	0.0	3.0	1.0	0.5356487124525035	0.4875684697664279	0.27927333511415103
mOTUs2	CAMI_MED_S002	8.348169379217346	2095.492636409022	0.645715870228302	0.6666666666666666	1.0	0.8	2.0	0.0	1.0	2.0	0.6666666666666666	0.2087156410677028	0.3011130203243357	0.322857935114151
