rank	sample	Weighted UniFrac error	Unweighted UniFrac error	L1 norm error	Completeness (recall)	Purity (precision)	F1 score	True positives	False positives	False negatives	Taxon counts	Jaccard index	Shannon diversity	Shannon equitability	Bray-Curtis distance
superkingdom	CAMI_MED_S001	9.436806292670777	43405.88641183883	0.7107243430966719	1.0	0.75	0.8571428571428571	3.0	1.0	0.0	4.0	0.75	0.025933066777330913	0.018706753417348822	0.355362171548336
phylum	CAMI_MED_S001	9.436806292670777	43405.88641183883	0.10602908643419763	1.0	0.12	0.21428571428571425	6.0	44.0	0.0	50.0	0.12	0.8748496069940789	0.2214111984234085	0.05301454321709884
class	CAMI_MED_S001	9.436806292670777	43405.88641183883	0.12052246595124151	1.0	0.13513513513513514	0.2380952380952381	15.0	96.0	0.0	111.0	0.13513513513513514	1.4028775764624086	0.288669080148717	0.0602612329756208
order	CAMI_MED_S001	9.436806292670777	43405.88641183883	0.5697198147476084	0.9655172413793104	0.11382113821138211	0.20363636363636362	28.0	218.0	1.0	246.0	0.11336032388663968	2.1929067385363075	0.3805774355101698	0.2848599073738049
family	CAMI_MED_S001	9.436806292670777	43405.88641183883	0.9080522792592503	0.9811320754716981	0.10993657505285412	0.19771863117870725	52.0	421.0	1.0	473.0	0.10970464135021098	2.706446207367541	0.4227555783994116	0.4540261396296256
genus	CAMI_MED_S001	9.436806292670777	43405.88641183883	1.1286635209966274	0.7746478873239436	0.038924274593064405	0.07412398921832886	55.0	1358.0	16.0	1413.0	0.03848845346396081	3.265992850560084	0.43931662339392424	0.5643317604983128
species	CAMI_MED_S001	9.436806292670777	43405.88641183883	1.818923821179388	0.3333333333333333	0.005095541401273885	0.010037641154328732	24.0	4686.0	48.0	4710.0	0.005044136191677175	3.976475089960727	0.4622193782889036	0.9094619105897143
strain	CAMI_MED_S001	9.436806292670777	43405.88641183883	na	0.0	0.0	na	0.0	0.0	232.0	0.0	0.0	na	na	na
