rank	sample	Weighted UniFrac error	Unweighted UniFrac error	L1 norm error	Completeness (recall)	Purity (precision)	F1 score	True positives	False positives	False negatives	Taxon counts	Jaccard index	Shannon diversity	Shannon equitability	Bray-Curtis distance
superkingdom	CAMI_MED_S001	11.211194622321083	2572.337940993208	0.7134586056538526	0.6666666666666666	1.0	0.8	2.0	0.0	1.0	2.0	0.6666666666666666	0.03730344426065859	0.053817494042930014	0.3567293028269263
phylum	CAMI_MED_S001	11.211194622321083	2572.337940993208	0.2981671149211052	0.5	1.0	0.6666666666666666	3.0	0.0	3.0	3.0	0.5	0.59100939290826	0.5379599327300113	0.14908355746055263
class	CAMI_MED_S001	11.211194622321083	2572.337940993208	0.6079199102000638	0.4666666666666667	0.875	0.608695652173913	7.0	1.0	8.0	8.0	0.4375	0.8332697252962336	0.4007180334692617	0.303959955100032
order	CAMI_MED_S001	11.211194622321083	2572.337940993208	1.0953484383490124	0.5172413793103449	0.8333333333333334	0.6382978723404256	15.0	3.0	14.0	18.0	0.46875	1.0699248209838461	0.3701685840449188	0.5476742191745061
family	CAMI_MED_S001	11.211194622321083	2572.337940993208	1.6197498833092359	0.41509433962264153	0.8461538461538461	0.5569620253164558	22.0	4.0	31.0	26.0	0.38596491228070173	0.9918385832016051	0.3009367949706957	0.8098749416546182
genus	CAMI_MED_S001	11.211194622321083	2572.337940993208	1.5678384390426903	0.23943661971830985	0.5151515151515151	0.32692307692307687	17.0	16.0	54.0	33.0	0.19540229885057472	1.1910261541677836	0.33774940079259896	0.7839192195213451
species	CAMI_MED_S001	11.211194622321083	2572.337940993208	1.8413980000077637	0.1527777777777778	0.3142857142857143	0.20560747663551404	11.0	24.0	61.0	35.0	0.11458333333333333	1.093733921956551	0.3076306181674831	0.9206990000038816
strain	CAMI_MED_S001	11.211194622321083	2572.337940993208	na	0.0	0.0	na	0.0	0.0	232.0	0.0	0.0	na	na	na
