rank	sample	Weighted UniFrac error	Unweighted UniFrac error	L1 norm error	Completeness (recall)	Purity (precision)	F1 score	True positives	False positives	False negatives	Taxon counts	Jaccard index	Shannon diversity	Shannon equitability	Bray-Curtis distance
superkingdom	CAMI_MED_S001	9.332982859523746	24397.794079675303	0.7101186056538524	1.0	0.75	0.8571428571428571	3.0	1.0	0.0	4.0	0.75	0.03806194630170741	0.02745589058802765	0.35505930282692627
phylum	CAMI_MED_S001	9.332982859523746	24397.794079675303	0.14133597486976895	1.0	0.16216216216216217	0.27906976744186046	6.0	31.0	0.0	37.0	0.16216216216216217	0.9616720029477697	0.25262864925169487	0.0706679874348845
class	CAMI_MED_S001	9.332982859523746	24397.794079675303	0.21359946086975498	1.0	0.19736842105263158	0.32967032967032966	15.0	61.0	0.0	76.0	0.19736842105263158	1.560053275552812	0.35023162133427543	0.1067997304348775
order	CAMI_MED_S001	9.332982859523746	24397.794079675303	0.6032859332515197	0.9655172413793104	0.16666666666666666	0.28426395939086296	28.0	140.0	1.0	168.0	0.16568047337278108	2.4531917638461933	0.467072363511463	0.30164296662575996
family	CAMI_MED_S001	9.332982859523746	24397.794079675303	0.8752350467165759	0.9811320754716981	0.15339233038348082	0.2653061224489796	52.0	287.0	1.0	339.0	0.15294117647058825	3.1459130397052384	0.5093880587319302	0.4376175233582885
genus	CAMI_MED_S001	9.332982859523746	24397.794079675303	1.170910098149554	0.7464788732394366	0.05028462998102467	0.09422222222222222	53.0	1001.0	18.0	1054.0	0.049440298507462684	3.799366200112906	0.5063600616695202	0.5854550490747811
species	CAMI_MED_S001	9.332982859523746	24397.794079675303	1.8315909756351354	0.2916666666666667	0.0065298507462686565	0.012773722627737225	21.0	3195.0	51.0	3216.0	0.006427915518824609	4.730275230567503	0.539190506766754	0.9157954878175617
strain	CAMI_MED_S001	9.332982859523746	24397.794079675303	na	0.0	0.0	na	0.0	0.0	232.0	0.0	0.0	na	na	na
