rank	sample	Weighted UniFrac error	Unweighted UniFrac error	L1 norm error	Completeness (recall)	Purity (precision)	F1 score	True positives	False positives	False negatives	Taxon counts	Jaccard index	Shannon diversity	Shannon equitability	Bray-Curtis distance
superkingdom	CAMI_MED_S001	11.237958817378786	2272.4528951710304	0.7130262582986893	1.0	0.5	0.6666666666666666	3.0	3.0	0.0	6.0	0.5	0.01532133038369871	0.008550997300044749	0.35651312914934463
phylum	CAMI_MED_S001	11.237958817378786	2272.4528951710304	0.07761733948479158	0.8333333333333334	1.0	0.9090909090909091	5.0	0.0	1.0	5.0	0.8333333333333334	0.926848229318437	0.5758831839102632	0.03880866974239578
class	CAMI_MED_S001	11.237958817378786	2272.4528951710304	0.22312159318270414	0.8666666666666667	0.9285714285714286	0.896551724137931	13.0	1.0	2.0	14.0	0.8125	1.4400105452926086	0.5456533774893568	0.11156079659135205
order	CAMI_MED_S001	11.237958817378786	2272.4528951710304	0.640929168014158	0.7241379310344828	0.8076923076923077	0.7636363636363636	21.0	5.0	8.0	26.0	0.6176470588235294	2.05342117846564	0.6302517910388882	0.3204645840070789
family	CAMI_MED_S001	11.237958817378786	2272.4528951710304	0.5157541321106307	0.6792452830188679	0.9230769230769231	0.7826086956521738	36.0	3.0	17.0	39.0	0.6428571428571429	2.7834202428216717	0.7597579928161449	0.25787706605531535
genus	CAMI_MED_S001	11.237958817378786	2272.4528951710304	0.8348189574498737	0.6197183098591549	0.8148148148148148	0.704	44.0	10.0	27.0	54.0	0.5432098765432098	3.2164579000654223	0.8063351125296598	0.4174094787249369
species	CAMI_MED_S001	11.237958817378786	2272.4528951710304	1.6872637146001184	0.3611111111111111	0.48148148148148145	0.4126984126984127	26.0	28.0	46.0	54.0	0.26	2.742782142869524	0.6875891482273265	0.843631857300059
strain	CAMI_MED_S001	11.237958817378786	2272.4528951710304	2.0000000000000004	0.0	0.0	na	0.0	40.0	232.0	40.0	0.0	2.220472977338528	0.60193698518996	1.0
