rank	sample	Weighted UniFrac error	Unweighted UniFrac error	L1 norm error	Completeness (recall)	Purity (precision)	F1 score	True positives	False positives	False negatives	Taxon counts	Jaccard index	Shannon diversity	Shannon equitability	Bray-Curtis distance
superkingdom	CAMI_MED_S001	9.758390039937616	2978.6309670545875	0.7128787244111311	1.0	1.0	1.0	3.0	0.0	0.0	3.0	1.0	0.013076607728895687	0.011902841306052535	0.35643936220556555
phylum	CAMI_MED_S001	9.758390039937616	2978.6309670545875	0.12003121230431807	1.0	1.0	1.0	6.0	0.0	0.0	6.0	1.0	0.9239797145648578	0.5156828974164355	0.060015606152159034
class	CAMI_MED_S001	9.758390039937616	2978.6309670545875	0.20886358990482495	0.9333333333333333	0.9333333333333333	0.9333333333333333	14.0	1.0	1.0	15.0	0.875	1.5310901260452325	0.5653846909566373	0.10443179495241248
order	CAMI_MED_S001	9.758390039937616	2978.6309670545875	0.6366508564456208	0.7586206896551724	0.7586206896551724	0.7586206896551724	22.0	7.0	7.0	29.0	0.6111111111111112	2.1713774446789986	0.644843089027827	0.31832542822281046
family	CAMI_MED_S001	9.758390039937616	2978.6309670545875	0.48429552520507557	0.7547169811320755	0.8888888888888888	0.8163265306122449	40.0	5.0	13.0	45.0	0.6896551724137931	2.8471032603103645	0.7479263706623354	0.2421477626025379
genus	CAMI_MED_S001	9.758390039937616	2978.6309670545875	0.9018403065066584	0.7464788732394366	0.7571428571428571	0.75177304964539	53.0	17.0	18.0	70.0	0.6022727272727273	3.125668567365866	0.7357119142866517	0.45092015325332935
species	CAMI_MED_S001	9.758390039937616	2978.6309670545875	1.6678347303964447	0.5833333333333334	0.13680781758957655	0.2216358839050132	42.0	265.0	30.0	307.0	0.12462908011869436	3.5071819605457963	0.6124105468009731	0.8339173651982228
strain	CAMI_MED_S001	9.758390039937616	2978.6309670545875	1.9633480733038544	0.0603448275862069	0.04560260586319218	0.05194805194805195	14.0	293.0	218.0	307.0	0.02666666666666667	3.507181960545798	0.6124105468009734	0.9816740366519267
