rank	sample	Weighted UniFrac error	Unweighted UniFrac error	L1 norm error	Completeness (recall)	Purity (precision)	F1 score	True positives	False positives	False negatives	Taxon counts	Jaccard index	Shannon diversity	Shannon equitability	Bray-Curtis distance
superkingdom	CAMI_MED_S001	10.422788586448878	2526.0751357745853	0.5588160056538525	1.0	1.0	1.0	3.0	0.0	0.0	3.0	1.0	0.3069296735139903	0.2793794286482022	0.27940800282692624
phylum	CAMI_MED_S001	10.422788586448878	2526.0751357745853	0.3181979395168724	0.8333333333333334	1.0	0.9090909090909091	5.0	0.0	1.0	5.0	0.8333333333333334	0.80237296380016	0.4985423529551742	0.1590989697584362
class	CAMI_MED_S001	10.422788586448878	2526.0751357745853	0.4912029537015961	0.6666666666666666	1.0	0.8	10.0	0.0	5.0	10.0	0.6666666666666666	1.411396175098819	0.6129615706247729	0.24560147685079808
order	CAMI_MED_S001	10.422788586448878	2526.0751357745853	0.6371671807451207	0.6551724137931034	0.95	0.7755102040816326	19.0	1.0	10.0	20.0	0.6333333333333333	2.1174922761749366	0.706836286696223	0.31858359037256045
family	CAMI_MED_S001	10.422788586448878	2526.0751357745853	1.2343204633490863	0.6037735849056604	0.9411764705882353	0.735632183908046	32.0	2.0	21.0	34.0	0.5818181818181818	2.2395885668747697	0.635099148609754	0.6171602316745433
genus	CAMI_MED_S001	10.422788586448878	2526.0751357745853	1.2794479038157862	0.39436619718309857	0.6829268292682927	0.5	28.0	13.0	43.0	41.0	0.3333333333333333	2.4139191116174503	0.6500261926409137	0.639723951907893
species	CAMI_MED_S001	10.422788586448878	2526.0751357745853	1.7879922319336432	0.3055555555555556	0.5789473684210527	0.4000000000000001	22.0	16.0	50.0	38.0	0.25	2.2613716225462417	0.6216681951297998	0.8939961159668214
strain	CAMI_MED_S001	10.422788586448878	2526.0751357745853	na	0.0	0.0	na	0.0	0.0	232.0	0.0	0.0	na	na	na
