rank	sample	Weighted UniFrac error	Unweighted UniFrac error	L1 norm error	Completeness (recall)	Purity (precision)	F1 score	True positives	False positives	False negatives	Taxon counts	Jaccard index	Shannon diversity	Shannon equitability	Bray-Curtis distance
superkingdom	CAMI_MED_S001	10.422788586448881	2526.075135774586	0.5588160056538525	1.0	1.0	1.0	3.0	0.0	0.0	3.0	1.0	0.3069296735139903	0.2793794286482022	0.27940800282692624
phylum	CAMI_MED_S001	10.422788586448881	2526.075135774586	0.3181979395168724	0.8333333333333334	1.0	0.9090909090909091	5.0	0.0	1.0	5.0	0.8333333333333334	0.80237296380016	0.4985423529551742	0.1590989697584362
class	CAMI_MED_S001	10.422788586448881	2526.075135774586	0.49120295370159617	0.6666666666666666	1.0	0.8	10.0	0.0	5.0	10.0	0.6666666666666666	1.4113961750988193	0.612961570624773	0.2456014768507981
order	CAMI_MED_S001	10.422788586448881	2526.075135774586	0.6371671807451207	0.6551724137931034	0.95	0.7755102040816326	19.0	1.0	10.0	20.0	0.6333333333333333	2.1174922761749366	0.706836286696223	0.31858359037256034
family	CAMI_MED_S001	10.422788586448881	2526.075135774586	1.2343204633490863	0.6037735849056604	0.9411764705882353	0.735632183908046	32.0	2.0	21.0	34.0	0.5818181818181818	2.23958856687477	0.6350991486097541	0.6171602316745433
genus	CAMI_MED_S001	10.422788586448881	2526.075135774586	1.2794479038157862	0.39436619718309857	0.6829268292682927	0.5	28.0	13.0	43.0	41.0	0.3333333333333333	2.4139191116174494	0.6500261926409134	0.639723951907893
species	CAMI_MED_S001	10.422788586448881	2526.075135774586	1.787992231933643	0.3055555555555556	0.5789473684210527	0.4000000000000001	22.0	16.0	50.0	38.0	0.25	2.2613716225462412	0.6216681951297997	0.8939961159668212
strain	CAMI_MED_S001	10.422788586448881	2526.075135774586	na	0.0	0.0	na	0.0	0.0	232.0	0.0	0.0	na	na	na
