rank	sample	Weighted UniFrac error	Unweighted UniFrac error	L1 norm error	Completeness (recall)	Purity (precision)	F1 score	True positives	False positives	False negatives	Taxon counts	Jaccard index	Shannon diversity	Shannon equitability	Bray-Curtis distance
superkingdom	CAMI_MED_S001	8.947762574342821	2050.5752966185273	0.7134586056538523	0.6666666666666666	1.0	0.8	2.0	0.0	1.0	2.0	0.6666666666666666	0.016683915788491814	0.02406980257066622	0.3567293028269262
phylum	CAMI_MED_S001	8.947762574342821	2050.5752966185273	0.04895416270451679	1.0	1.0	1.0	6.0	0.0	0.0	6.0	1.0	0.9736852169992027	0.5434240665231121	0.024477081352258394
class	CAMI_MED_S001	8.947762574342821	2050.5752966185273	0.1555425703530846	1.0	0.9375	0.967741935483871	15.0	1.0	0.0	16.0	0.9375	1.545407760567055	0.5573880280803523	0.0777712851765423
order	CAMI_MED_S001	8.947762574342821	2050.5752966185273	0.5656114542983324	0.8620689655172413	0.8333333333333334	0.847457627118644	25.0	5.0	4.0	30.0	0.7352941176470589	2.179862065231476	0.6409101915061994	0.28280572714916613
family	CAMI_MED_S001	8.947762574342821	2050.5752966185273	0.46613833930319304	0.8490566037735849	0.9574468085106383	0.9	45.0	2.0	8.0	47.0	0.8181818181818182	2.8176645042519843	0.7318328531094516	0.23306916965159655
genus	CAMI_MED_S001	8.947762574342821	2050.5752966185273	0.7388474422965626	0.8309859154929577	0.8082191780821918	0.8194444444444445	59.0	14.0	12.0	73.0	0.6941176470588235	3.1316082783724304	0.7299004503662712	0.36942372114828126
species	CAMI_MED_S001	8.947762574342821	2050.5752966185273	1.7097410786380154	0.5972222222222222	0.4942528735632184	0.5408805031446541	43.0	44.0	29.0	87.0	0.3706896551724138	2.775505714166149	0.6214874198984435	0.8548705393190079
strain	CAMI_MED_S001	8.947762574342821	2050.5752966185273	na	0.0	0.0	na	0.0	0.0	232.0	0.0	0.0	na	na	na
