rank	sample	Weighted UniFrac error	Unweighted UniFrac error	L1 norm error	Completeness (recall)	Purity (precision)	F1 score	True positives	False positives	False negatives	Taxon counts	Jaccard index	Shannon diversity	Shannon equitability	Bray-Curtis distance
superkingdom	CAMI_MED_S001	8.94776257434282	2050.5752966185273	0.7134586056538523	0.6666666666666666	1.0	0.8	2.0	0.0	1.0	2.0	0.6666666666666666	0.016683915788491814	0.02406980257066622	0.3567293028269262
phylum	CAMI_MED_S001	8.94776257434282	2050.5752966185273	0.04895416270451679	1.0	1.0	1.0	6.0	0.0	0.0	6.0	1.0	0.9736852169992027	0.5434240665231121	0.024477081352258394
class	CAMI_MED_S001	8.94776257434282	2050.5752966185273	0.15554257035308458	1.0	0.9375	0.967741935483871	15.0	1.0	0.0	16.0	0.9375	1.5454077605670549	0.5573880280803521	0.07777128517654229
order	CAMI_MED_S001	8.94776257434282	2050.5752966185273	0.5656114542983322	0.8620689655172413	0.8333333333333334	0.847457627118644	25.0	5.0	4.0	30.0	0.7352941176470589	2.1798620652314757	0.6409101915061993	0.2828057271491662
family	CAMI_MED_S001	8.94776257434282	2050.5752966185273	0.4661383393031929	0.8490566037735849	0.9574468085106383	0.9	45.0	2.0	8.0	47.0	0.8181818181818182	2.8176645042519843	0.7318328531094516	0.23306916965159652
genus	CAMI_MED_S001	8.94776257434282	2050.5752966185273	0.7388474422965623	0.8309859154929577	0.8082191780821918	0.8194444444444445	59.0	14.0	12.0	73.0	0.6941176470588235	3.131608278372431	0.7299004503662712	0.36942372114828137
species	CAMI_MED_S001	8.94776257434282	2050.5752966185273	1.7097410786380167	0.5972222222222222	0.4942528735632184	0.5408805031446541	43.0	44.0	29.0	87.0	0.3706896551724138	2.7755057141661506	0.6214874198984438	0.8548705393190079
strain	CAMI_MED_S001	8.94776257434282	2050.5752966185273	na	0.0	0.0	na	0.0	0.0	232.0	0.0	0.0	na	na	na
