tool	sample	Weighted UniFrac error	Unweighted UniFrac error	L1 norm error	Completeness (recall)	Purity (precision)	F1 score	True positives	False positives	False negatives	Taxon counts	Jaccard index	Shannon diversity	Shannon equitability	Bray-Curtis distance
Metalign	CAMI_HIGH_S001	8.616485069723534	13418.985579509641	0.177712185272529	0.9523809523809523	0.7407407407407407	0.8333333333333334	20.0	7.0	1.0	27.0	0.7142857142857143	2.0930726357008047	0.6350656057313655	0.08885609263626448
Bracken_custom	CAMI_HIGH_S001	7.603053594534336	20611.610405472293	0.10905953170602284	1.0	0.2876712328767123	0.44680851063829785	21.0	52.0	0.0	73.0	0.2876712328767123	2.1108218840500936	0.40069831425100794	0.05452976585301142
Bracken_original	CAMI_HIGH_S001	8.337279694959351	31551.959826566283	0.3107276309340346	1.0	0.2625	0.4158415841584159	21.0	59.0	0.0	80.0	0.2625	1.9366971717491375	0.43366256543867143	0.1553638154670173
