tool	sample	Weighted UniFrac error	Unweighted UniFrac error	L1 norm error	Completeness (recall)	Purity (precision)	F1 score	True positives	False positives	False negatives	Taxon counts	Jaccard index	Shannon diversity	Shannon equitability	Bray-Curtis distance
Metalign	CAMI_HIGH_S001	8.616485069723534	13418.985579509641	0.32689812234631915	0.8977272727272727	0.7821782178217822	0.835978835978836	79.0	22.0	9.0	101.0	0.7181818181818181	3.61440905276544	0.7831667752934999	0.16344906117315955
Bracken_custom	CAMI_HIGH_S001	7.603053594534336	20611.610405472293	0.25593946463455813	0.9545454545454546	0.3333333333333333	0.49411764705882355	84.0	168.0	4.0	252.0	0.328125	3.731858559786	0.5496942248490228	0.12796973231727884
Bracken_original	CAMI_HIGH_S001	8.337279694959351	31551.959826566283	0.6141441298911009	0.9545454545454546	0.22105263157894736	0.358974358974359	84.0	296.0	4.0	380.0	0.21875	3.810439305737753	0.6129452701004798	0.3070720649455505
