tool	sample	Weighted UniFrac error	Unweighted UniFrac error	L1 norm error	Completeness (recall)	Purity (precision)	F1 score	True positives	False positives	False negatives	Taxon counts	Jaccard index	Shannon diversity	Shannon equitability	Bray-Curtis distance
Metalign	CAMI_HIGH_S001	8.616485069723534	13418.985579509641	0.4328136118128544	0.8402061855670103	0.7511520737327189	0.7931873479318734	163.0	54.0	31.0	217.0	0.657258064516129	4.330498324121418	0.8049406967349587	0.21640680590642744
Bracken_custom	CAMI_HIGH_S001	7.603053594534336	20611.610405472293	0.37162412161588326	0.9639175257731959	0.29356357927786497	0.45006016847172076	187.0	450.0	7.0	637.0	0.29037267080745344	4.481540550763608	0.5489432831031658	0.18581206080794133
Bracken_original	CAMI_HIGH_S001	8.337279694959351	31551.959826566283	1.0114646698672733	0.6443298969072165	0.09976057462090981	0.17277125086385622	125.0	1128.0	69.0	1253.0	0.094553706505295	4.848291971100636	0.640861276086134	0.5057323349336416
