tool	sample	Weighted UniFrac error	Unweighted UniFrac error	L1 norm error	Completeness (recall)	Purity (precision)	F1 score	True positives	False positives	False negatives	Taxon counts	Jaccard index	Shannon diversity	Shannon equitability	Bray-Curtis distance
Metalign	CAMI_HIGH_S001	8.616485069723534	13418.985579509641	0.7057352035161408	0.9	0.631578947368421	0.7422680412371133	36.0	21.0	4.0	57.0	0.5901639344262295	2.900408077988299	0.7173809793269704	0.35286760175807036
Bracken_custom	CAMI_HIGH_S001	7.603053594534336	20611.610405472293	0.6354384342871507	1.0	0.2777777777777778	0.4347826086956522	40.0	104.0	0.0	144.0	0.2777777777777778	2.9891722507276888	0.49705916777984716	0.3177192171435754
Bracken_original	CAMI_HIGH_S001	8.337279694959351	31551.959826566283	0.8628758739627739	1.0	0.22099447513812154	0.3619909502262444	40.0	141.0	0.0	181.0	0.22099447513812154	2.981022921072065	0.5664446916059839	0.43143793698138666
