tool	sample	Weighted UniFrac error	Unweighted UniFrac error	L1 norm error	Completeness (recall)	Purity (precision)	F1 score	True positives	False positives	False negatives	Taxon counts	Jaccard index	Shannon diversity	Shannon equitability	Bray-Curtis distance
Metalign	CAMI_HIGH_S001	8.616485069723534	13418.985579509641	0.09532520205316189	0.9166666666666666	0.8461538461538461	0.8799999999999999	11.0	2.0	1.0	13.0	0.7857142857142857	1.2210295435719591	0.47604430864100183	0.047662601026580924
Bracken_custom	CAMI_HIGH_S001	7.603053594534336	20611.610405472293	0.05594824208685592	1.0	0.2926829268292683	0.45283018867924524	12.0	29.0	0.0	41.0	0.2926829268292683	1.2725681636688295	0.24110278874736574	0.02797412104342798
Bracken_original	CAMI_HIGH_S001	8.337279694959351	31551.959826566283	0.23347274544810429	1.0	0.2926829268292683	0.45283018867924524	12.0	29.0	0.0	41.0	0.2926829268292683	1.15012589035673	0.3021349787241381	0.1167363727240521
