tool	sample	Weighted UniFrac error	Unweighted UniFrac error	L1 norm error	Completeness (recall)	Purity (precision)	F1 score	True positives	False positives	False negatives	Taxon counts	Jaccard index	Shannon diversity	Shannon equitability	Bray-Curtis distance
Metalign	CAMI_HIGH_S001	8.616485069723534	13418.985579509641	1.7749932233132661	0.6255144032921811	0.10475534114403859	0.179456906729634	152.0	1299.0	91.0	1451.0	0.09857328145265888	6.108957446986041	0.8391415551714243	0.8874966116566333
Bracken_custom	CAMI_HIGH_S001	7.603053594534336	20611.610405472293	1.7853173570253447	0.6502057613168725	0.06081601231716705	0.11122844068989793	158.0	2440.0	85.0	2598.0	0.05888930301900857	5.868279902145633	0.5732426495350893	0.8926586785126924
Bracken_original	CAMI_HIGH_S001	8.337279694959351	31551.959826566283	1.9702427410238057	0.06584362139917696	0.0037905709547500594	0.007168458781362006	16.0	4205.0	227.0	4221.0	0.0035971223021582736	6.593035624114598	0.7434762177138464	0.9851213705119385
