tool	sample	Weighted UniFrac error	Unweighted UniFrac error	L1 norm error	Completeness (recall)	Purity (precision)	F1 score	True positives	False positives	False negatives	Taxon counts	Jaccard index	Shannon diversity	Shannon equitability	Bray-Curtis distance
Metalign	CAMI_HIGH_S001	8.616485069723534	13418.985579509641	0.032828454350891684	1.0	0.5	0.6666666666666666	2.0	2.0	0.0	4.0	0.5	0.11213491244131084	0.08088824104479864	0.016414227175445842
Bracken_custom	CAMI_HIGH_S001	7.603053594534336	20611.610405472293	0.007728113987051398	1.0	0.5	0.6666666666666666	2.0	2.0	0.0	4.0	0.5	0.040433052311882524	0.029166282029178477	0.0038640569935256995
Bracken_original	CAMI_HIGH_S001	8.337279694959351	31551.959826566283	0.010731701414794341	1.0	0.5	0.6666666666666666	2.0	2.0	0.0	4.0	0.5	0.08218564071071274	0.05928440814281369	0.00536585070739717
