tool	sample	Weighted UniFrac error	Unweighted UniFrac error	L1 norm error	Completeness (recall)	Purity (precision)	F1 score	True positives	False positives	False negatives	Taxon counts	Jaccard index	Shannon diversity	Shannon equitability	Bray-Curtis distance
Metalign	CAMI_HIGH_S002	8.646964767802693	14098.994479596391	0.2049291806312765	0.9047619047619048	0.7916666666666666	0.8444444444444444	19.0	5.0	2.0	24.0	0.7307692307692307	2.104937249963524	0.6623353040351325	0.10246459031563825
Bracken+Kraken2	CAMI_HIGH_S002	8.409729197065362	31645.960360698118	0.33824764548687186	1.0	0.2625	0.4158415841584159	21.0	59.0	0.0	80.0	0.2625	1.9895871715258249	0.4478378014972964	0.16912382274343596
CLARK	CAMI_HIGH_S002	8.495480038551905	47368.02685612395	0.3091727316376292	1.0	0.1794871794871795	0.30434782608695654	21.0	96.0	0.0	117.0	0.1794871794871795	1.9858978861679848	0.4036393465963938	0.15458636581881452
GOTTCHA	CAMI_HIGH_S002	11.64723845578022	10859.898860991367	1.5004358254391716	0.5714285714285714	0.8	0.6666666666666666	12.0	3.0	9.0	15.0	0.5	1.2227341231211124	0.4515182630748294	0.7502179127195858
MEGAN+DIAMOND	CAMI_HIGH_S002	10.155654571880406	10107.385280496734	0.3369443604171376	0.8571428571428571	0.9	0.8780487804878048	18.0	2.0	3.0	20.0	0.782608695652174	2.2244646917952657	0.7425445562784785	0.1684721802085688
MetaPhlAn2	CAMI_HIGH_S002	9.721338621880301	10884.215361891656	0.9906669143738892	0.6190476190476191	1.0	0.7647058823529412	13.0	0.0	8.0	13.0	0.6190476190476191	1.7579733977930265	0.6853832777161911	0.49533345718694455
mOTUs2	CAMI_HIGH_S002	7.705837248547361	9676.693762435307	0.10554482077352004	0.9523809523809523	0.8695652173913043	0.909090909090909	20.0	3.0	1.0	23.0	0.8333333333333334	2.1550586484841983	0.6873106757894573	0.05277241038676002
