tool	sample	Weighted UniFrac error	Unweighted UniFrac error	L1 norm error	Completeness (recall)	Purity (precision)	F1 score	True positives	False positives	False negatives	Taxon counts	Jaccard index	Shannon diversity	Shannon equitability	Bray-Curtis distance
Metalign	CAMI_HIGH_S002	8.64696476780267	14098.994479596391	0.2049291806312765	0.9047619047619048	0.7916666666666666	0.8444444444444444	19.0	5.0	2.0	24.0	0.7307692307692307	2.104937249963524	0.6623353040351325	0.10246459031563827
Bracken+Kraken2	CAMI_HIGH_S002	8.409729197065433	31645.96036069813	0.338247645486872	1.0	0.2625	0.4158415841584159	21.0	59.0	0.0	80.0	0.2625	1.9895871715258253	0.4478378014972965	0.16912382274343601
CLARK	CAMI_HIGH_S002	8.495480038551928	47368.02685612397	0.3091727316376291	1.0	0.1794871794871795	0.30434782608695654	21.0	96.0	0.0	117.0	0.1794871794871795	1.9858978861679855	0.4036393465963939	0.15458636581881452
GOTTCHA	CAMI_HIGH_S002	11.647238455780224	10859.898860991367	1.500435825439171	0.5714285714285714	0.8	0.6666666666666666	12.0	3.0	9.0	15.0	0.5	1.2227341231211126	0.4515182630748295	0.7502179127195856
MEGAN+DIAMOND	CAMI_HIGH_S002	10.155654571880417	10107.385280496732	0.3369443604171375	0.8571428571428571	0.9	0.8780487804878048	18.0	2.0	3.0	20.0	0.782608695652174	2.2244646917952657	0.7425445562784785	0.16847218020856872
MetaBinG2	CAMI_HIGH_S002	11.766516253016173	11489.401021897153	0.7662453198841603	0.23809523809523808	0.7142857142857143	0.35714285714285715	5.0	2.0	16.0	7.0	0.21739130434782608	1.7409215751997795	0.894656711690902	0.38312265994208017
MetaPhlAn2	CAMI_HIGH_S002	9.7213386218803	10884.215361891658	0.9906669143738897	0.6190476190476191	1.0	0.7647058823529412	13.0	0.0	8.0	13.0	0.6190476190476191	1.7579733977930267	0.6853832777161912	0.4953334571869448
mOTUs2	CAMI_HIGH_S002	7.705837248547364	9676.693762435305	0.10554482077352004	0.9523809523809523	0.8695652173913043	0.909090909090909	20.0	3.0	1.0	23.0	0.8333333333333334	2.155058648484198	0.6873106757894571	0.05277241038676003
