tool	sample	Weighted UniFrac error	Unweighted UniFrac error	L1 norm error	Completeness (recall)	Purity (precision)	F1 score	True positives	False positives	False negatives	Taxon counts	Jaccard index	Shannon diversity	Shannon equitability	Bray-Curtis distance
Metalign	CAMI_HIGH_S002	8.646964767802693	14098.994479596391	0.3548823714221212	0.8977272727272727	0.7821782178217822	0.835978835978836	79.0	22.0	9.0	101.0	0.7181818181818181	3.65660293002476	0.7923093051809315	0.17744118571106057
Bracken+Kraken2	CAMI_HIGH_S002	8.409729197065362	31645.960360698118	0.6518683060021846	0.9545454545454546	0.22163588390501318	0.35974304068522484	84.0	295.0	4.0	379.0	0.2193211488250653	3.7951192941095786	0.611865789981029	0.32593415300109263
CLARK	CAMI_HIGH_S002	8.495480038551905	47368.02685612395	0.6790630150854617	0.9659090909090909	0.17311608961303462	0.2936096718480138	85.0	406.0	3.0	491.0	0.1720647773279352	3.6384164237776084	0.5608189938676249	0.3395315075427313
GOTTCHA	CAMI_HIGH_S002	11.64723845578022	10859.898860991367	1.6533312868824428	0.45454545454545453	0.8333333333333334	0.5882352941176471	40.0	8.0	48.0	48.0	0.4166666666666667	1.5153060151073592	0.3893566246732922	0.8266656434412207
MEGAN+DIAMOND	CAMI_HIGH_S002	10.155654571880406	10107.385280496734	0.3412983753144613	0.7954545454545454	0.8860759493670886	0.8383233532934132	70.0	9.0	18.0	79.0	0.7216494845360825	3.7356698917682465	0.8549523916755433	0.1706491876572306
MetaPhlAn2	CAMI_HIGH_S002	9.721338621880301	10884.215361891656	1.2160860183040971	0.6363636363636364	0.9655172413793104	0.7671232876712328	56.0	2.0	32.0	58.0	0.6222222222222222	2.806220155996526	0.6911118192541482	0.6080430091520483
mOTUs2	CAMI_HIGH_S002	7.705837248547361	9676.693762435307	0.2558958596547989	0.875	0.8555555555555555	0.8651685393258427	77.0	13.0	11.0	90.0	0.7623762376237624	3.693156266739742	0.8207361060381653	0.12794792982739953
