tool	sample	Weighted UniFrac error	Unweighted UniFrac error	L1 norm error	Completeness (recall)	Purity (precision)	F1 score	True positives	False positives	False negatives	Taxon counts	Jaccard index	Shannon diversity	Shannon equitability	Bray-Curtis distance
Metalign	CAMI_HIGH_S002	8.64696476780267	14098.994479596391	0.35488237142212137	0.8977272727272727	0.7821782178217822	0.835978835978836	79.0	22.0	9.0	101.0	0.7181818181818181	3.65660293002476	0.7923093051809315	0.17744118571106057
Bracken+Kraken2	CAMI_HIGH_S002	8.409729197065433	31645.96036069813	0.6518683060021848	0.9545454545454546	0.22163588390501318	0.35974304068522484	84.0	295.0	4.0	379.0	0.2193211488250653	3.795119294109577	0.6118657899810287	0.32593415300109263
CLARK	CAMI_HIGH_S002	8.495480038551928	47368.02685612397	0.6790630150854627	0.9659090909090909	0.17311608961303462	0.2936096718480138	85.0	406.0	3.0	491.0	0.1720647773279352	3.6384164237776115	0.5608189938676253	0.3395315075427313
GOTTCHA	CAMI_HIGH_S002	11.647238455780224	10859.898860991367	1.653331286882442	0.45454545454545453	0.8333333333333334	0.5882352941176471	40.0	8.0	48.0	48.0	0.4166666666666667	1.5153060151073598	0.38935662467329235	0.826665643441221
MEGAN+DIAMOND	CAMI_HIGH_S002	10.155654571880417	10107.385280496732	0.3412983753144612	0.7954545454545454	0.8860759493670886	0.8383233532934132	70.0	9.0	18.0	79.0	0.7216494845360825	3.7356698917682465	0.8549523916755433	0.1706491876572306
MetaBinG2	CAMI_HIGH_S002	11.766516253016173	11489.401021897153	1.5174235568582362	0.07954545454545454	0.875	0.14583333333333331	7.0	1.0	81.0	8.0	0.07865168539325842	1.738947105478366	0.8362567884806187	0.758711778429118
MetaPhlAn2	CAMI_HIGH_S002	9.7213386218803	10884.215361891658	1.2160860183040971	0.6363636363636364	0.9655172413793104	0.7671232876712328	56.0	2.0	32.0	58.0	0.6222222222222222	2.8062201559965265	0.6911118192541483	0.6080430091520485
mOTUs2	CAMI_HIGH_S002	7.705837248547364	9676.693762435305	0.25589585965479905	0.875	0.8555555555555555	0.8651685393258427	77.0	13.0	11.0	90.0	0.7623762376237624	3.6931562667397406	0.8207361060381649	0.12794792982739953
