tool	sample	Weighted UniFrac error	Unweighted UniFrac error	L1 norm error	Completeness (recall)	Purity (precision)	F1 score	True positives	False positives	False negatives	Taxon counts	Jaccard index	Shannon diversity	Shannon equitability	Bray-Curtis distance
Metalign	CAMI_HIGH_S002	8.646964767802693	14098.994479596391	0.4982732950592033	0.8556701030927835	0.7443946188340808	0.7961630695443646	166.0	57.0	28.0	223.0	0.6613545816733067	4.402747313503683	0.8142421767960208	0.2491366475296016
Bracken+Kraken2	CAMI_HIGH_S002	8.409729197065362	31645.960360698118	1.0405349346587243	0.6494845360824743	0.1008	0.1745152354570637	126.0	1124.0	68.0	1250.0	0.09559939301972686	4.814668410054036	0.6373384980147694	0.5202674673293617
CLARK	CAMI_HIGH_S002	8.495480038551905	47368.02685612395	1.057862567620763	0.634020618556701	0.0823293172690763	0.1457345971563981	123.0	1371.0	71.0	1494.0	0.07859424920127796	4.555758772672475	0.6058000902046526	0.5289312838103788
GOTTCHA	CAMI_HIGH_S002	11.64723845578022	10859.898860991367	1.8304947866480248	0.2268041237113402	0.6470588235294118	0.33587786259541985	44.0	24.0	150.0	68.0	0.2018348623853211	1.675877892552492	0.3958043782632479	0.9152473933240128
MEGAN+DIAMOND	CAMI_HIGH_S002	10.155654571880406	10107.385280496734	0.5346352099454714	0.6855670103092784	0.910958904109589	0.7823529411764706	133.0	13.0	61.0	146.0	0.642512077294686	4.359347268135859	0.8747374339593267	0.2673176049727359
MetaPhlAn2	CAMI_HIGH_S002	9.721338621880301	10884.215361891656	1.4706860272859632	0.31958762886597936	0.7654320987654321	0.4509090909090908	62.0	19.0	132.0	81.0	0.29107981220657275	2.906991808013161	0.6615144937841128	0.7353430136429814
mOTUs2	CAMI_HIGH_S002	7.705837248547361	9676.693762435307	0.3899585306734037	0.8092783505154639	0.8486486486486486	0.8284960422163589	157.0	28.0	37.0	185.0	0.7072072072072072	4.484634495000524	0.859066823272193	0.19497926533670187
