tool	sample	Weighted UniFrac error	Unweighted UniFrac error	L1 norm error	Completeness (recall)	Purity (precision)	F1 score	True positives	False positives	False negatives	Taxon counts	Jaccard index	Shannon diversity	Shannon equitability	Bray-Curtis distance
Metalign	CAMI_HIGH_S002	8.64696476780267	14098.994479596391	0.4982732950592033	0.8556701030927835	0.7443946188340808	0.7961630695443646	166.0	57.0	28.0	223.0	0.6613545816733067	4.402747313503681	0.8142421767960205	0.24913664752960152
Bracken+Kraken2	CAMI_HIGH_S002	8.409729197065433	31645.96036069813	1.040534934658723	0.6494845360824743	0.1008	0.1745152354570637	126.0	1124.0	68.0	1250.0	0.09559939301972686	4.814668410054033	0.6373384980147689	0.5202674673293617
CLARK	CAMI_HIGH_S002	8.495480038551928	47368.02685612397	1.0578625676207618	0.634020618556701	0.0823293172690763	0.1457345971563981	123.0	1371.0	71.0	1494.0	0.07859424920127796	4.555758772672471	0.6058000902046521	0.5289312838103788
GOTTCHA	CAMI_HIGH_S002	11.647238455780224	10859.898860991367	1.830494786648024	0.2268041237113402	0.6470588235294118	0.33587786259541985	44.0	24.0	150.0	68.0	0.2018348623853211	1.6758778925524904	0.3958043782632475	0.915247393324013
MEGAN+DIAMOND	CAMI_HIGH_S002	10.155654571880417	10107.385280496732	0.5346352099454718	0.6855670103092784	0.910958904109589	0.7823529411764706	133.0	13.0	61.0	146.0	0.642512077294686	4.359347268135857	0.8747374339593263	0.2673176049727359
MetaBinG2	CAMI_HIGH_S002	11.766516253016173	11489.401021897153	1.770338709618946	0.041237113402061855	0.7272727272727273	0.07804878048780488	8.0	3.0	186.0	11.0	0.04060913705583756	2.127950133255368	0.8874241329030297	0.8851693548094736
MetaPhlAn2	CAMI_HIGH_S002	9.7213386218803	10884.215361891658	1.4706860272859625	0.31958762886597936	0.7654320987654321	0.4509090909090908	62.0	19.0	132.0	81.0	0.29107981220657275	2.9069918080131605	0.6615144937841126	0.7353430136429813
mOTUs2	CAMI_HIGH_S002	7.705837248547364	9676.693762435305	0.38995853067340397	0.8092783505154639	0.8486486486486486	0.8284960422163589	157.0	28.0	37.0	185.0	0.7072072072072072	4.484634495000522	0.8590668232721926	0.1949792653367019
