tool	sample	Weighted UniFrac error	Unweighted UniFrac error	L1 norm error	Completeness (recall)	Purity (precision)	F1 score	True positives	False positives	False negatives	Taxon counts	Jaccard index	Shannon diversity	Shannon equitability	Bray-Curtis distance
Metalign	CAMI_HIGH_S002	8.646964767802693	14098.994479596391	0.7324294160462508	0.9	0.6666666666666666	0.7659574468085106	36.0	18.0	4.0	54.0	0.6206896551724138	2.9336859137630023	0.7354468906161197	0.36621470802312545
Bracken+Kraken2	CAMI_HIGH_S002	8.409729197065362	31645.960360698118	0.8742525370297504	1.0	0.22099447513812154	0.3619909502262444	40.0	141.0	0.0	181.0	0.22099447513812154	2.999743552387464	0.5711324045639217	0.4371262685148754
CLARK	CAMI_HIGH_S002	8.495480038551905	47368.02685612395	0.898998526949035	1.0	0.15748031496062992	0.272108843537415	40.0	214.0	0.0	254.0	0.15748031496062992	2.897065895842348	0.49879387443404516	0.44949926347451724
GOTTCHA	CAMI_HIGH_S002	11.64723845578022	10859.898860991367	1.2774891327658744	0.525	0.75	0.6176470588235295	21.0	7.0	19.0	28.0	0.44680851063829785	2.178965983458805	0.6470966892943164	0.6387445663829373
MEGAN+DIAMOND	CAMI_HIGH_S002	10.155654571880406	10107.385280496734	0.6477906507385	0.85	0.7391304347826086	0.7906976744186046	34.0	12.0	6.0	46.0	0.6538461538461539	3.023684732217495	0.7897539672924829	0.32389532536925014
MetaPhlAn2	CAMI_HIGH_S002	9.721338621880301	10884.215361891656	1.026355309043903	0.75	1.0	0.8571428571428571	30.0	0.0	10.0	30.0	0.75	2.3639770967654057	0.6950426074978738	0.5131776545219515
mOTUs2	CAMI_HIGH_S002	7.705837248547361	9676.693762435307	0.5972528347161812	0.9	0.72	0.7999999999999999	36.0	14.0	4.0	50.0	0.6666666666666666	2.9603717096015796	0.7567367843936249	0.2986264173580907
