tool	sample	Weighted UniFrac error	Unweighted UniFrac error	L1 norm error	Completeness (recall)	Purity (precision)	F1 score	True positives	False positives	False negatives	Taxon counts	Jaccard index	Shannon diversity	Shannon equitability	Bray-Curtis distance
Metalign	CAMI_HIGH_S002	8.64696476780267	14098.994479596391	0.7324294160462508	0.9	0.6666666666666666	0.7659574468085106	36.0	18.0	4.0	54.0	0.6206896551724138	2.9336859137630036	0.73544689061612	0.36621470802312545
Bracken+Kraken2	CAMI_HIGH_S002	8.409729197065433	31645.96036069813	0.8742525370297503	1.0	0.22099447513812154	0.3619909502262444	40.0	141.0	0.0	181.0	0.22099447513812154	2.999743552387465	0.571132404563922	0.43712626851487546
CLARK	CAMI_HIGH_S002	8.495480038551928	47368.02685612397	0.8989985269490353	1.0	0.15748031496062992	0.272108843537415	40.0	214.0	0.0	254.0	0.15748031496062992	2.897065895842349	0.4987938744340454	0.44949926347451724
GOTTCHA	CAMI_HIGH_S002	11.647238455780224	10859.898860991367	1.2774891327658744	0.525	0.75	0.6176470588235295	21.0	7.0	19.0	28.0	0.44680851063829785	2.1789659834588053	0.6470966892943166	0.6387445663829371
MEGAN+DIAMOND	CAMI_HIGH_S002	10.155654571880417	10107.385280496732	0.6477906507385001	0.85	0.7391304347826086	0.7906976744186046	34.0	12.0	6.0	46.0	0.6538461538461539	3.0236847322174945	0.7897539672924828	0.32389532536925003
MetaBinG2	CAMI_HIGH_S002	11.766516253016173	11489.401021897153	1.583634040914898	0.1	0.5	0.16666666666666669	4.0	4.0	36.0	8.0	0.09090909090909091	1.7990624899128167	0.8651661774821905	0.7918170204574491
MetaPhlAn2	CAMI_HIGH_S002	9.7213386218803	10884.215361891658	1.026355309043903	0.75	1.0	0.8571428571428571	30.0	0.0	10.0	30.0	0.75	2.363977096765405	0.6950426074978736	0.5131776545219516
mOTUs2	CAMI_HIGH_S002	7.705837248547364	9676.693762435305	0.5972528347161812	0.9	0.72	0.7999999999999999	36.0	14.0	4.0	50.0	0.6666666666666666	2.960371709601579	0.7567367843936248	0.29862641735809065
