tool	sample	Weighted UniFrac error	Unweighted UniFrac error	L1 norm error	Completeness (recall)	Purity (precision)	F1 score	True positives	False positives	False negatives	Taxon counts	Jaccard index	Shannon diversity	Shannon equitability	Bray-Curtis distance
Metalign	CAMI_HIGH_S002	8.64696476780267	14098.994479596391	0.10770895361257202	0.8333333333333334	0.9090909090909091	0.8695652173913043	10.0	1.0	2.0	11.0	0.7692307692307693	1.1752617875768958	0.4901222338227274	0.05385447680628601
Bracken+Kraken2	CAMI_HIGH_S002	8.409729197065433	31645.96036069813	0.2022181115270625	1.0	0.2926829268292683	0.45283018867924524	12.0	29.0	0.0	41.0	0.2926829268292683	1.1593269721321373	0.3045520781649562	0.10110905576353124
CLARK	CAMI_HIGH_S002	8.495480038551928	47368.02685612397	0.185929030824396	1.0	0.22641509433962265	0.36923076923076925	12.0	41.0	0.0	53.0	0.22641509433962265	1.1210886547093848	0.27975928201846006	0.09296451541219797
GOTTCHA	CAMI_HIGH_S002	11.647238455780224	10859.898860991367	0.7463127097701802	0.4166666666666667	1.0	0.5882352941176471	5.0	0.0	7.0	5.0	0.4166666666666667	0.5328806247084295	0.3310973480812971	0.3731563548850901
MEGAN+DIAMOND	CAMI_HIGH_S002	10.155654571880417	10107.385280496732	0.16341391176865255	0.8333333333333334	1.0	0.9090909090909091	10.0	0.0	2.0	10.0	0.8333333333333334	1.2653948361353053	0.5495539947624326	0.08170695588432629
MetaBinG2	CAMI_HIGH_S002	11.766516253016173	11489.401021897153	0.5729456962967838	0.25	1.0	0.4	3.0	0.0	9.0	3.0	0.25	1.0588529456107905	0.9638094863243145	0.28647284814839186
MetaPhlAn2	CAMI_HIGH_S002	9.7213386218803	10884.215361891658	0.49863006379084057	0.5	1.0	0.6666666666666666	6.0	0.0	6.0	6.0	0.5	0.9191875732844006	0.5130083524438773	0.24931503189542023
mOTUs2	CAMI_HIGH_S002	7.705837248547364	9676.693762435305	0.054635010112669705	0.9166666666666666	1.0	0.9565217391304348	11.0	0.0	1.0	11.0	0.9166666666666666	1.268367286435327	0.5289502426664064	0.02731750505633485
