tool	sample	Weighted UniFrac error	Unweighted UniFrac error	L1 norm error	Completeness (recall)	Purity (precision)	F1 score	True positives	False positives	False negatives	Taxon counts	Jaccard index	Shannon diversity	Shannon equitability	Bray-Curtis distance
Metalign	CAMI_HIGH_S002	8.64696476780267	14098.994479596391	1.7659060517667342	0.6460905349794238	0.10194805194805195	0.1761076836791924	157.0	1383.0	86.0	1540.0	0.0965559655596556	6.244598777291712	0.850816364251244	0.8829530258833672
Bracken+Kraken2	CAMI_HIGH_S002	8.409729197065433	31645.96036069813	1.9678185355799513	0.06584362139917696	0.0038049940546967895	0.007194244604316546	16.0	4189.0	227.0	4205.0	0.0036101083032490976	6.520495785653961	0.7352727717976435	0.9839092677899747
CLARK	CAMI_HIGH_S002	8.495480038551928	47368.02685612397	1.9657688238824058	0.07407407407407407	0.0034958244319285296	0.0066765578635014835	18.0	5131.0	225.0	5149.0	0.0033494603647190174	6.083202789664365	0.7018677606188499	0.9828844119411805
GOTTCHA	CAMI_HIGH_S002	11.647238455780224	10859.898860991367	1.9945874191574884	0.00823045267489712	0.020833333333333332	0.011799410029498527	2.0	94.0	241.0	96.0	0.005934718100890208	1.6654997476677356	0.36406666027513807	0.9972937095787457
MEGAN+DIAMOND	CAMI_HIGH_S002	10.155654571880417	10107.385280496732	1.830295440162619	0.31275720164609055	0.5891472868217055	0.40860215053763443	76.0	53.0	167.0	129.0	0.25675675675675674	4.520025646286839	0.9300823303858652	0.9151477200813102
MetaBinG2	CAMI_HIGH_S002	11.766516253016173	11489.401021897153	1.9966596083734003	0.00411522633744856	0.09090909090909091	0.007874015748031498	1.0	10.0	242.0	11.0	0.003952569169960474	2.127950133255368	0.8874241329030297	0.9983298041867005
MetaPhlAn2	CAMI_HIGH_S002	9.7213386218803	10884.215361891658	1.9605440986639169	0.0205761316872428	0.1	0.034129692832764506	5.0	45.0	238.0	50.0	0.017361111111111112	2.2182810432515456	0.5670419218326578	0.9802720493319589
mOTUs2	CAMI_HIGH_S002	7.705837248547364	9676.693762435305	1.8251091040356713	0.49794238683127573	0.41724137931034483	0.4540337711069419	121.0	169.0	122.0	290.0	0.2936893203883495	5.185347787982438	0.9145426259246068	0.9125545520178361
