tool	sample	Weighted UniFrac error	Unweighted UniFrac error	L1 norm error	Completeness (recall)	Purity (precision)	F1 score	True positives	False positives	False negatives	Taxon counts	Jaccard index	Shannon diversity	Shannon equitability	Bray-Curtis distance
Metalign	CAMI_HIGH_S002	8.646964767802693	14098.994479596391	1.932806201581395	0.05493482309124767	0.03831168831168831	0.04514154552410099	59.0	1481.0	1015.0	1540.0	0.02309197651663405	6.244598777291723	0.8508163642512455	0.9664031007906976
Bracken+Kraken2	CAMI_HIGH_S002	8.409729197065362	31645.960360698118	na	0.0	0.0	na	0.0	0.0	1074.0	0.0	0.0	na	na	na
CLARK	CAMI_HIGH_S002	8.495480038551905	47368.02685612395	na	0.0	0.0	na	0.0	0.0	1074.0	0.0	0.0	na	na	na
GOTTCHA	CAMI_HIGH_S002	11.64723845578022	10859.898860991367	na	0.0	0.0	na	0.0	0.0	1074.0	0.0	0.0	na	na	na
MEGAN+DIAMOND	CAMI_HIGH_S002	10.155654571880406	10107.385280496734	2.000000000000002	0.0	0.0	na	0.0	59.0	1074.0	59.0	0.0	3.4567693508916486	0.8477590698911006	1.0
MetaPhlAn2	CAMI_HIGH_S002	9.721338621880301	10884.215361891656	na	0.0	0.0	na	0.0	0.0	1074.0	0.0	0.0	na	na	na
mOTUs2	CAMI_HIGH_S002	7.705837248547361	9676.693762435307	na	0.0	0.0	na	0.0	0.0	1074.0	0.0	0.0	na	na	na
