tool	sample	Weighted UniFrac error	Unweighted UniFrac error	L1 norm error	Completeness (recall)	Purity (precision)	F1 score	True positives	False positives	False negatives	Taxon counts	Jaccard index	Shannon diversity	Shannon equitability	Bray-Curtis distance
Metalign	CAMI_HIGH_S002	8.64696476780267	14098.994479596391	1.9328062015813867	0.05493482309124767	0.03831168831168831	0.04514154552410099	59.0	1481.0	1015.0	1540.0	0.02309197651663405	6.2445987772917295	0.8508163642512464	0.9664031007906975
Bracken+Kraken2	CAMI_HIGH_S002	8.409729197065433	31645.96036069813	na	0.0	0.0	na	0.0	0.0	1074.0	0.0	0.0	na	na	na
CLARK	CAMI_HIGH_S002	8.495480038551928	47368.02685612397	na	0.0	0.0	na	0.0	0.0	1074.0	0.0	0.0	na	na	na
GOTTCHA	CAMI_HIGH_S002	11.647238455780224	10859.898860991367	na	0.0	0.0	na	0.0	0.0	1074.0	0.0	0.0	na	na	na
MEGAN+DIAMOND	CAMI_HIGH_S002	10.155654571880417	10107.385280496732	2.0000000000000004	0.0	0.0	na	0.0	59.0	1074.0	59.0	0.0	3.456769350891649	0.8477590698911007	1.0
MetaBinG2	CAMI_HIGH_S002	11.766516253016173	11489.401021897153	1.9999999999999987	0.0	0.0	na	0.0	11.0	1074.0	11.0	0.0	2.1279501332553683	0.8874241329030298	1.0
MetaPhlAn2	CAMI_HIGH_S002	9.7213386218803	10884.215361891658	na	0.0	0.0	na	0.0	0.0	1074.0	0.0	0.0	na	na	na
mOTUs2	CAMI_HIGH_S002	7.705837248547364	9676.693762435305	na	0.0	0.0	na	0.0	0.0	1074.0	0.0	0.0	na	na	na
