tool	sample	Weighted UniFrac error	Unweighted UniFrac error	L1 norm error	Completeness (recall)	Purity (precision)	F1 score	True positives	False positives	False negatives	Taxon counts	Jaccard index	Shannon diversity	Shannon equitability	Bray-Curtis distance
Metalign	CAMI_HIGH_S002	8.64696476780267	14098.994479596391	0.0284691844753747	1.0	0.5	0.6666666666666666	2.0	2.0	0.0	4.0	0.5	0.1015363008766814	0.07324295887249899	0.01423459223768735
Bracken+Kraken2	CAMI_HIGH_S002	8.409729197065433	31645.96036069813	0.010360984060984046	1.0	0.5	0.6666666666666666	2.0	2.0	0.0	4.0	0.5	0.0779537690970584	0.05623175804746474	0.005180492030492023
CLARK	CAMI_HIGH_S002	8.495480038551928	47368.02685612397	0.01633569601816745	1.0	0.5	0.6666666666666666	2.0	2.0	0.0	4.0	0.5	0.08544683654651922	0.06163686367265656	0.008167848009083723
GOTTCHA	CAMI_HIGH_S002	11.647238455780224	10859.898860991367	0.09667998345332761	1.0	1.0	1.0	2.0	0.0	0.0	2.0	1.0	0.216689845862579	0.3126173660369366	0.048339991726663804
MEGAN+DIAMOND	CAMI_HIGH_S002	10.155654571880417	10107.385280496732	0.008492215939015987	1.0	1.0	1.0	2.0	0.0	0.0	2.0	1.0	0.024541875272791634	0.03540644175017197	0.004246107969507994
MetaBinG2	CAMI_HIGH_S002	11.766516253016173	11489.401021897153	0.015939015939015932	0.5	1.0	0.6666666666666666	1.0	0.0	1.0	1.0	0.5	0.0	0.0	0.007969507969507966
MetaPhlAn2	CAMI_HIGH_S002	9.7213386218803	10884.215361891658	0.07628158406098408	1.0	1.0	1.0	2.0	0.0	0.0	2.0	1.0	0.1868989257277592	0.2696381532949129	0.03814079203049204
mOTUs2	CAMI_HIGH_S002	7.705837248547364	9676.693762435305	0.003987999530342517	1.0	1.0	1.0	2.0	0.0	0.0	2.0	1.0	0.036552735862320586	0.05273445075949408	0.0019939997651712586
