rank	sample	Weighted UniFrac error	Unweighted UniFrac error	L1 norm error	Completeness (recall)	Purity (precision)	F1 score	True positives	False positives	False negatives	Taxon counts	Jaccard index	Shannon diversity	Shannon equitability	Bray-Curtis distance
superkingdom	CAMI_HIGH_S005	8.395382967301124	10208.38627000935	0.00927516995126215	1.0	0.6666666666666666	0.8	2.0	1.0	0.0	3.0	0.6666666666666666	0.10343488299817721	0.09415048790649823	0.004637584975631075
phylum	CAMI_HIGH_S005	8.395382967301124	10208.38627000935	0.22167870827614852	0.4166666666666667	0.7142857142857143	0.5263157894736842	5.0	2.0	7.0	7.0	0.35714285714285715	1.1201054203853344	0.5756203188153961	0.11083935413807428
class	CAMI_HIGH_S005	8.395382967301124	10208.38627000935	0.3097379531367608	0.6666666666666666	0.8235294117647058	0.7368421052631577	14.0	3.0	7.0	17.0	0.5833333333333334	1.8687345067740662	0.6595812880433006	0.1548689765683804
order	CAMI_HIGH_S005	8.395382967301124	10208.38627000935	0.8781230228371932	0.7	0.6511627906976745	0.674698795180723	28.0	15.0	12.0	43.0	0.509090909090909	2.888769739652386	0.768044680100649	0.4390615114185966
family	CAMI_HIGH_S005	8.395382967301124	10208.38627000935	0.5771395437908552	0.5795454545454546	0.7183098591549296	0.6415094339622642	51.0	20.0	37.0	71.0	0.4722222222222222	3.5084176614330578	0.8230544546235586	0.28856977189542776
genus	CAMI_HIGH_S005	8.395382967301124	10208.38627000935	0.9861456520777618	0.3865979381443299	0.6097560975609756	0.473186119873817	75.0	48.0	119.0	123.0	0.30991735537190085	4.096892186764882	0.8513581118709701	0.49307282603888075
species	CAMI_HIGH_S005	8.395382967301124	10208.38627000935	1.9696789045641065	0.0411522633744856	0.05747126436781609	0.04796163069544365	10.0	164.0	233.0	174.0	0.02457002457002457	4.607625796284273	0.8931142484527715	0.9848394522820538
strain	CAMI_HIGH_S005	8.395382967301124	10208.38627000935	na	0.0	0.0	na	0.0	0.0	1074.0	0.0	0.0	na	na	na
