rank	sample	Weighted UniFrac error	Unweighted UniFrac error	L1 norm error	Completeness (recall)	Purity (precision)	F1 score	True positives	False positives	False negatives	Taxon counts	Jaccard index	Shannon diversity	Shannon equitability	Bray-Curtis distance
superkingdom	CAMI_HIGH_S005	8.663525347262532	11069.222590458434	0.026779825265318902	1.0	1.0	1.0	2.0	0.0	0.0	2.0	1.0	0.12906631250947567	0.18620332900324574	0.013389912632659451
phylum	CAMI_HIGH_S005	8.663525347262532	11069.222590458434	0.21726182936972663	0.4166666666666667	1.0	0.5882352941176471	5.0	0.0	7.0	5.0	0.4166666666666667	1.1080539499066457	0.6884726284537651	0.10863091468486331
class	CAMI_HIGH_S005	8.663525347262532	11069.222590458434	0.31323761737069467	0.5238095238095238	0.9166666666666666	0.6666666666666667	11.0	1.0	10.0	12.0	0.5	1.869073386282556	0.7521704634023237	0.15661880868534733
order	CAMI_HIGH_S005	8.663525347262532	11069.222590458434	0.9273008410688773	0.475	0.7307692307692307	0.5757575757575758	19.0	7.0	21.0	26.0	0.40425531914893614	2.7336650129665525	0.8390374505681784	0.4636504205344384
family	CAMI_HIGH_S005	8.663525347262532	11069.222590458434	0.6443806862343072	0.38636363636363635	0.9444444444444444	0.5483870967741935	34.0	2.0	54.0	36.0	0.37777777777777777	3.2066464143447386	0.8948317197191262	0.3221903431171536
genus	CAMI_HIGH_S005	8.663525347262532	11069.222590458434	1.0672702588462315	0.20103092783505155	0.8297872340425532	0.32365145228215775	39.0	8.0	155.0	47.0	0.19306930693069307	3.5141289161523126	0.9127257652645572	0.5336351294231156
species	CAMI_HIGH_S005	8.663525347262532	11069.222590458434	1.9797201589220932	0.01646090534979424	0.0975609756097561	0.028169014084507043	4.0	37.0	239.0	41.0	0.014285714285714285	3.3548684098842965	0.9034073796396387	0.9898600794610469
strain	CAMI_HIGH_S005	8.663525347262532	11069.222590458434	na	0.0	0.0	na	0.0	0.0	1074.0	0.0	0.0	na	na	na
