rank	sample	Weighted UniFrac error	Unweighted UniFrac error	L1 norm error	Completeness (recall)	Purity (precision)	F1 score	True positives	False positives	False negatives	Taxon counts	Jaccard index	Shannon diversity	Shannon equitability	Bray-Curtis distance
superkingdom	CAMI_HIGH_S005	11.255342111936052	11225.48603565896	0.35783070930134303	1.0	1.0	1.0	2.0	0.0	0.0	2.0	1.0	0.4918371337058464	0.7095709937224667	0.17891535465067152
phylum	CAMI_HIGH_S005	11.255342111936052	11225.48603565896	0.6975245940763182	0.3333333333333333	1.0	0.5	4.0	0.0	8.0	4.0	0.3333333333333333	0.9371112979178247	0.6759829111335328	0.34876229703815903
class	CAMI_HIGH_S005	11.255342111936052	11225.48603565896	1.406773993100307	0.42857142857142855	0.8181818181818182	0.5625	9.0	2.0	12.0	11.0	0.391304347826087	1.4769381078318395	0.6159310310947134	0.7033869965501536
order	CAMI_HIGH_S005	11.255342111936052	11225.48603565896	1.3002656328454707	0.4	0.7619047619047619	0.5245901639344264	16.0	5.0	24.0	21.0	0.35555555555555557	2.0375849335290424	0.6692625773691686	0.6501328164227353
family	CAMI_HIGH_S005	11.255342111936052	11225.48603565896	1.5545901820112222	0.3068181818181818	0.8709677419354839	0.453781512605042	27.0	4.0	61.0	31.0	0.29347826086956524	1.939397921765032	0.5647656226650978	0.7772950910056113
genus	CAMI_HIGH_S005	11.255342111936052	11225.48603565896	1.7931540520512375	0.12886597938144329	0.7142857142857143	0.21834061135371177	25.0	10.0	169.0	35.0	0.12254901960784313	2.0841366425217283	0.5861976398588209	0.8965770260256176
species	CAMI_HIGH_S005	11.255342111936052	11225.48603565896	1.9901353141014564	0.00411522633744856	0.027777777777777776	0.007168458781362008	1.0	35.0	242.0	36.0	0.0035971223021582736	2.0098687025215827	0.5608645404250314	0.9950676570507284
strain	CAMI_HIGH_S005	11.255342111936052	11225.48603565896	na	0.0	0.0	na	0.0	0.0	1074.0	0.0	0.0	na	na	na
