rank	sample	Weighted UniFrac error	Unweighted UniFrac error	L1 norm error	Completeness (recall)	Purity (precision)	F1 score	True positives	False positives	False negatives	Taxon counts	Jaccard index	Shannon diversity	Shannon equitability	Bray-Curtis distance
superkingdom	CAMI_HIGH_S005	10.160191671045212	10031.494821694283	0.015950525047687413	1.0	1.0	1.0	2.0	0.0	0.0	2.0	1.0	0.04178365520646121	0.06028107215657591	0.007975262523843707
phylum	CAMI_HIGH_S005	10.160191671045212	10031.494821694283	0.17441234973827427	0.5833333333333334	1.0	0.7368421052631579	7.0	0.0	5.0	7.0	0.5833333333333334	1.2765092963368163	0.6559960114070668	0.08720617486913712
class	CAMI_HIGH_S005	10.160191671045212	10031.494821694283	0.3075594789284929	0.7619047619047619	0.8421052631578947	0.8	16.0	3.0	5.0	19.0	0.6666666666666666	2.177647481398239	0.7395797626666126	0.15377973946424647
order	CAMI_HIGH_S005	10.160191671045212	10031.494821694283	0.6764305078167385	0.8	0.7441860465116279	0.7710843373493975	32.0	11.0	8.0	43.0	0.6274509803921569	3.051990538822159	0.8114406160118323	0.33821525390836926
family	CAMI_HIGH_S005	10.160191671045212	10031.494821694283	0.3360621123313859	0.6931818181818182	0.8472222222222222	0.7625000000000001	61.0	11.0	27.0	72.0	0.6161616161616161	3.696241618699866	0.8642810815332648	0.16803105616569297
genus	CAMI_HIGH_S005	10.160191671045212	10031.494821694283	0.5051943222980403	0.7061855670103093	0.9072847682119205	0.7942028985507246	137.0	14.0	57.0	151.0	0.6586538461538461	4.36437625962853	0.8698690130066831	0.2525971611490201
species	CAMI_HIGH_S005	10.160191671045212	10031.494821694283	1.8268483107430402	0.37448559670781895	0.6026490066225165	0.46192893401015234	91.0	60.0	152.0	151.0	0.30033003300330036	4.748217693278787	0.946372904783612	0.9134241553715203
strain	CAMI_HIGH_S005	10.160191671045212	10031.494821694283	2.0	0.0	0.0	na	0.0	46.0	1074.0	46.0	0.0	3.209127778726477	0.8381896987451688	1.0
