rank	sample	Weighted UniFrac error	Unweighted UniFrac error	L1 norm error	Completeness (recall)	Purity (precision)	F1 score	True positives	False positives	False negatives	Taxon counts	Jaccard index	Shannon diversity	Shannon equitability	Bray-Curtis distance
superkingdom	CAMI_HIGH_S005	10.1601916710452	10031.494821694287	0.015950525047687413	1.0	1.0	1.0	2.0	0.0	0.0	2.0	1.0	0.04178365520646121	0.06028107215657591	0.007975262523843707
phylum	CAMI_HIGH_S005	10.1601916710452	10031.494821694287	0.17441234973827427	0.5833333333333334	1.0	0.7368421052631579	7.0	0.0	5.0	7.0	0.5833333333333334	1.2765092963368163	0.6559960114070668	0.0872061748691371
class	CAMI_HIGH_S005	10.1601916710452	10031.494821694287	0.3075594789284929	0.7619047619047619	0.8421052631578947	0.8	16.0	3.0	5.0	19.0	0.6666666666666666	2.1776474813982394	0.7395797626666127	0.15377973946424647
order	CAMI_HIGH_S005	10.1601916710452	10031.494821694287	0.6764305078167383	0.8	0.7441860465116279	0.7710843373493975	32.0	11.0	8.0	43.0	0.6274509803921569	3.0519905388221584	0.8114406160118321	0.3382152539083693
family	CAMI_HIGH_S005	10.1601916710452	10031.494821694287	0.336062112331386	0.6931818181818182	0.8472222222222222	0.7625000000000001	61.0	11.0	27.0	72.0	0.6161616161616161	3.696241618699866	0.8642810815332648	0.168031056165693
genus	CAMI_HIGH_S005	10.1601916710452	10031.494821694287	0.5051943222980402	0.7061855670103093	0.9072847682119205	0.7942028985507246	137.0	14.0	57.0	151.0	0.6586538461538461	4.364376259628528	0.8698690130066826	0.25259716114902014
species	CAMI_HIGH_S005	10.1601916710452	10031.494821694287	1.8268483107430393	0.37448559670781895	0.6026490066225165	0.46192893401015234	91.0	60.0	152.0	151.0	0.30033003300330036	4.748217693278784	0.9463729047836115	0.9134241553715204
strain	CAMI_HIGH_S005	10.1601916710452	10031.494821694287	2.0000000000000027	0.0	0.0	na	0.0	46.0	1074.0	46.0	0.0	3.2091277787264767	0.8381896987451687	1.0
