rank	sample	Weighted UniFrac error	Unweighted UniFrac error	L1 norm error	Completeness (recall)	Purity (precision)	F1 score	True positives	False positives	False negatives	Taxon counts	Jaccard index	Shannon diversity	Shannon equitability	Bray-Curtis distance
superkingdom	CAMI_HIGH_S005	8.865158934354714	9917.591460681098	0.05667181150745792	1.0	0.5	0.6666666666666666	2.0	2.0	0.0	4.0	0.5	0.17206211596246507	0.12411658071195505	0.02833590575372896
phylum	CAMI_HIGH_S005	8.865158934354714	9917.591460681098	0.09155894703800899	0.6666666666666666	0.8888888888888888	0.761904761904762	8.0	1.0	4.0	9.0	0.6153846153846154	1.2067273462490569	0.5492052831995986	0.04577947351900449
class	CAMI_HIGH_S005	8.865158934354714	9917.591460681098	0.1907046166154965	0.7619047619047619	0.7619047619047619	0.7619047619047619	16.0	5.0	5.0	21.0	0.6153846153846154	2.0864615590720703	0.6853165321495368	0.09535230830774827
order	CAMI_HIGH_S005	8.865158934354714	9917.591460681098	0.7302878438051569	0.725	0.725	0.7250000000000001	29.0	11.0	11.0	40.0	0.5686274509803921	2.9426371002961056	0.7977048686192222	0.36514392190257833
family	CAMI_HIGH_S005	8.865158934354714	9917.591460681098	0.36740566329589086	0.5909090909090909	0.8125	0.6842105263157896	52.0	12.0	36.0	64.0	0.52	3.5284546654612434	0.8484140079770771	0.1837028316479453
genus	CAMI_HIGH_S005	8.865158934354714	9917.591460681098	0.5376311894637549	0.5412371134020618	0.84	0.658307210031348	105.0	20.0	89.0	125.0	0.49065420560747663	4.192924417669884	0.8684034728887718	0.26881559473187744
species	CAMI_HIGH_S005	8.865158934354714	9917.591460681098	1.8383946565325022	0.29218106995884774	0.24232081911262798	0.2649253731343284	71.0	222.0	172.0	293.0	0.15268817204301074	5.479411725500687	0.9646558480991088	0.9191973282662522
strain	CAMI_HIGH_S005	8.865158934354714	9917.591460681098	1.9663284040591522	0.0223463687150838	0.08191126279863481	0.03511338697878566	24.0	269.0	1050.0	293.0	0.017870439314966492	5.479411725500688	0.964655848099109	0.9831642020295758
