rank	sample	Weighted UniFrac error	Unweighted UniFrac error	L1 norm error	Completeness (recall)	Purity (precision)	F1 score	True positives	False positives	False negatives	Taxon counts	Jaccard index	Shannon diversity	Shannon equitability	Bray-Curtis distance
superkingdom	CAMI_HIGH_S005	8.865158934354714	9917.591460681098	0.05667181150745793	1.0	0.5	0.6666666666666666	2.0	2.0	0.0	4.0	0.5	0.17206211596246507	0.12411658071195505	0.028335905753728966
phylum	CAMI_HIGH_S005	8.865158934354714	9917.591460681098	0.091558947038009	0.6666666666666666	0.8888888888888888	0.761904761904762	8.0	1.0	4.0	9.0	0.6153846153846154	1.2067273462490569	0.5492052831995986	0.0457794735190045
class	CAMI_HIGH_S005	8.865158934354714	9917.591460681098	0.19070461661549654	0.7619047619047619	0.7619047619047619	0.7619047619047619	16.0	5.0	5.0	21.0	0.6153846153846154	2.0864615590720703	0.6853165321495368	0.09535230830774827
order	CAMI_HIGH_S005	8.865158934354714	9917.591460681098	0.7302878438051569	0.725	0.725	0.7250000000000001	29.0	11.0	11.0	40.0	0.5686274509803921	2.9426371002961047	0.797704868619222	0.36514392190257844
family	CAMI_HIGH_S005	8.865158934354714	9917.591460681098	0.36740566329589064	0.5909090909090909	0.8125	0.6842105263157896	52.0	12.0	36.0	64.0	0.52	3.5284546654612434	0.8484140079770771	0.18370283164794535
genus	CAMI_HIGH_S005	8.865158934354714	9917.591460681098	0.5376311894637553	0.5412371134020618	0.84	0.658307210031348	105.0	20.0	89.0	125.0	0.49065420560747663	4.192924417669884	0.8684034728887718	0.26881559473187744
species	CAMI_HIGH_S005	8.865158934354714	9917.591460681098	1.8383946565325044	0.29218106995884774	0.24232081911262798	0.2649253731343284	71.0	222.0	172.0	293.0	0.15268817204301074	5.479411725500691	0.9646558480991095	0.9191973282662519
strain	CAMI_HIGH_S005	8.865158934354714	9917.591460681098	1.966328404059152	0.0223463687150838	0.08191126279863481	0.03511338697878566	24.0	269.0	1050.0	293.0	0.017870439314966492	5.47941172550069	0.9646558480991093	0.9831642020295756
