rank	sample	Weighted UniFrac error	Unweighted UniFrac error	L1 norm error	Completeness (recall)	Purity (precision)	F1 score	True positives	False positives	False negatives	Taxon counts	Jaccard index	Shannon diversity	Shannon equitability	Bray-Curtis distance
superkingdom	CAMI_HIGH_S005	9.7629371713104	11121.446666399817	0.18618767495231256	1.0	1.0	1.0	2.0	0.0	0.0	2.0	1.0	0.34249126484843906	0.4941104493446316	0.0930938374761563
phylum	CAMI_HIGH_S005	9.7629371713104	11121.446666399817	0.49791130018412444	0.4166666666666667	1.0	0.5882352941176471	5.0	0.0	7.0	5.0	0.4166666666666667	1.0543795928256583	0.6551228753093206	0.24895565009206222
class	CAMI_HIGH_S005	9.7629371713104	11121.446666399817	0.9130942140859344	0.47619047619047616	1.0	0.6451612903225806	10.0	0.0	11.0	10.0	0.47619047619047616	1.889401428715337	0.820556614591191	0.4565471070429671
order	CAMI_HIGH_S005	9.7629371713104	11121.446666399817	0.99921729872247	0.5	1.0	0.6666666666666666	20.0	0.0	20.0	20.0	0.5	2.5230933547563077	0.8422292529375572	0.499608649361235
family	CAMI_HIGH_S005	9.7629371713104	11121.446666399817	1.2254598478492258	0.4431818181818182	1.0	0.6141732283464567	39.0	0.0	49.0	39.0	0.4431818181818182	2.9404690386571164	0.8026257840545858	0.6127299239246129
genus	CAMI_HIGH_S005	9.7629371713104	11121.446666399817	1.5380164145947988	0.1958762886597938	0.8444444444444444	0.3179916317991631	38.0	7.0	156.0	45.0	0.1890547263681592	3.0401531473556678	0.7986400568806665	0.7690082072973988
species	CAMI_HIGH_S005	9.7629371713104	11121.446666399817	1.9674347901191904	0.01646090534979424	0.16	0.029850746268656716	4.0	21.0	239.0	25.0	0.015151515151515152	2.3513030436974787	0.7304733613927945	0.9837173950595957
strain	CAMI_HIGH_S005	9.7629371713104	11121.446666399817	na	0.0	0.0	na	0.0	0.0	1074.0	0.0	0.0	na	na	na
