rank	sample	Weighted UniFrac error	Unweighted UniFrac error	L1 norm error	Completeness (recall)	Purity (precision)	F1 score	True positives	False positives	False negatives	Taxon counts	Jaccard index	Shannon diversity	Shannon equitability	Bray-Curtis distance
superkingdom	CAMI_HIGH_S005	7.754227497552654	9895.471214131088	0.0062065156271248	1.0	1.0	1.0	2.0	0.0	0.0	2.0	1.0	0.06450384082463159	0.09305937127598707	0.0031032578135624
phylum	CAMI_HIGH_S005	7.754227497552654	9895.471214131088	0.05791765054798767	0.75	1.0	0.8571428571428571	9.0	0.0	3.0	9.0	0.75	1.2928441413481486	0.5883987256848882	0.02895882527399383
class	CAMI_HIGH_S005	7.754227497552654	9895.471214131088	0.10436476324220895	0.8571428571428571	0.8571428571428571	0.8571428571428571	18.0	3.0	3.0	21.0	0.75	2.090396808951093	0.6866090993614786	0.05218238162110445
order	CAMI_HIGH_S005	7.754227497552654	9895.471214131088	0.6131810513254464	0.85	0.7555555555555555	0.7999999999999998	34.0	11.0	6.0	45.0	0.6666666666666666	2.946842131890314	0.7741275040299451	0.3065905256627232
family	CAMI_HIGH_S005	7.754227497552654	9895.471214131088	0.27739554200992156	0.7613636363636364	0.8481012658227848	0.8023952095808383	67.0	12.0	21.0	79.0	0.67	3.6101685809754667	0.8262299271833945	0.1386977710049607
genus	CAMI_HIGH_S005	7.754227497552654	9895.471214131088	0.3752656331447684	0.6855670103092784	0.8926174496644296	0.7755102040816327	133.0	16.0	61.0	149.0	0.6333333333333333	4.365623250930539	0.872436070255891	0.18763281657238418
species	CAMI_HIGH_S005	7.754227497552654	9895.471214131088	1.8276063799159312	0.4773662551440329	0.4715447154471545	0.47443762781186094	116.0	130.0	127.0	246.0	0.3109919571045576	5.191978129156344	0.9430818280914031	0.9138031899579664
strain	CAMI_HIGH_S005	7.754227497552654	9895.471214131088	na	0.0	0.0	na	0.0	0.0	1074.0	0.0	0.0	na	na	na
