tool	sample	Weighted UniFrac error	Unweighted UniFrac error	L1 norm error	Completeness (recall)	Purity (precision)	F1 score	True positives	False positives	False negatives	Taxon counts	Jaccard index	Shannon diversity	Shannon equitability	Bray-Curtis distance
Metalign	CAMI_HIGH_S003	8.645350159320056	8479.012650268138	0.19208878724641912	0.9523809523809523	0.8333333333333334	0.888888888888889	20.0	4.0	1.0	24.0	0.8	2.1196509084210815	0.6669650740903321	0.0960443936232096
Bracken+Kraken2	CAMI_HIGH_S003	8.408759114464274	13342.695850654338	0.3393052505200085	1.0	0.5384615384615384	0.7000000000000001	21.0	18.0	0.0	39.0	0.5384615384615384	1.962810421003805	0.5357656320803029	0.16965262526000424
CLARK	CAMI_HIGH_S003	8.515480924217751	9152.644166738346	0.3309619467898905	0.6190476190476191	0.8666666666666667	0.7222222222222222	13.0	2.0	8.0	15.0	0.5652173913043478	1.9241803524110583	0.7105408724062401	0.16548097339494525
GOTTCHA	CAMI_HIGH_S003	11.576833146188422	10785.637972622613	1.4897954472051997	0.5714285714285714	0.8	0.6666666666666666	12.0	3.0	9.0	15.0	0.5	1.3279679103278328	0.49037787770231633	0.7448977236026
MEGAN+DIAMOND	CAMI_HIGH_S003	10.138728583798905	9967.418173817454	0.3274745385830301	0.9047619047619048	0.9047619047619048	0.9047619047619048	19.0	2.0	2.0	21.0	0.8260869565217391	2.251223558669918	0.7394340507318765	0.16373726929151505
MetaPhlAn2	CAMI_HIGH_S003	9.668645583547107	10904.384806572396	0.9815192610640193	0.6190476190476191	1.0	0.7647058823529412	13.0	0.0	8.0	13.0	0.6190476190476191	1.8261686311318253	0.7119706382581903	0.49075963053200977
mOTUs2	CAMI_HIGH_S003	7.708881586857696	9629.555130670027	0.11323561009260744	0.9523809523809523	0.8695652173913043	0.909090909090909	20.0	3.0	1.0	23.0	0.8333333333333334	2.1395897082823288	0.6823771823314616	0.056617805046303704
