tool	sample	Weighted UniFrac error	Unweighted UniFrac error	L1 norm error	Completeness (recall)	Purity (precision)	F1 score	True positives	False positives	False negatives	Taxon counts	Jaccard index	Shannon diversity	Shannon equitability	Bray-Curtis distance
Metalign	CAMI_HIGH_S003	8.645350159320063	8479.012650268141	0.19208878724641917	0.9523809523809523	0.8333333333333334	0.888888888888889	20.0	4.0	1.0	24.0	0.8	2.1196509084210815	0.6669650740903321	0.09604439362320961
Bracken+Kraken2	CAMI_HIGH_S003	8.408759114464273	13342.695850654345	0.3393052505200085	1.0	0.5384615384615384	0.7000000000000001	21.0	18.0	0.0	39.0	0.5384615384615384	1.9628104210038044	0.5357656320803028	0.16965262526000424
CLARK	CAMI_HIGH_S003	8.51548092421776	9152.644166738344	0.33096194678989066	0.6190476190476191	0.8666666666666667	0.7222222222222222	13.0	2.0	8.0	15.0	0.5652173913043478	1.9241803524110583	0.7105408724062401	0.16548097339494536
GOTTCHA	CAMI_HIGH_S003	11.576833146188457	10785.637972622613	1.4897954472051995	0.5714285714285714	0.8	0.6666666666666666	12.0	3.0	9.0	15.0	0.5	1.3279679103278328	0.49037787770231633	0.7448977236026
MEGAN+DIAMOND	CAMI_HIGH_S003	10.138728583798892	9967.418173817452	0.3274745385830301	0.9047619047619048	0.9047619047619048	0.9047619047619048	19.0	2.0	2.0	21.0	0.8260869565217391	2.2512235586699174	0.7394340507318763	0.16373726929151505
MetaBinG2	CAMI_HIGH_S003	11.515951307759876	11448.318871738767	0.6809733643655853	0.23809523809523808	0.8333333333333334	0.37037037037037035	5.0	1.0	16.0	6.0	0.22727272727272727	1.5815986762282381	0.8827070281423652	0.34048668218279265
MetaPhlAn2	CAMI_HIGH_S003	9.66864558354712	10904.384806572398	0.9815192610640193	0.6190476190476191	1.0	0.7647058823529412	13.0	0.0	8.0	13.0	0.6190476190476191	1.8261686311318253	0.7119706382581903	0.49075963053200977
mOTUs2	CAMI_HIGH_S003	7.708881586857704	9629.555130670025	0.11323561009260744	0.9523809523809523	0.8695652173913043	0.909090909090909	20.0	3.0	1.0	23.0	0.8333333333333334	2.1395897082823288	0.6823771823314616	0.05661780504630372
