tool	sample	Weighted UniFrac error	Unweighted UniFrac error	L1 norm error	Completeness (recall)	Purity (precision)	F1 score	True positives	False positives	False negatives	Taxon counts	Jaccard index	Shannon diversity	Shannon equitability	Bray-Curtis distance
Metalign	CAMI_HIGH_S003	8.645350159320056	8479.012650268138	0.3312403390880347	0.8977272727272727	0.8315789473684211	0.8633879781420765	79.0	16.0	9.0	95.0	0.7596153846153846	3.656029210837817	0.8028388333424712	0.16562016954401731
Bracken+Kraken2	CAMI_HIGH_S003	8.408759114464274	13342.695850654338	0.6080105867740585	0.8977272727272727	0.4114583333333333	0.5642857142857143	79.0	113.0	9.0	192.0	0.39303482587064675	3.7549896946232586	0.7142164526860979	0.3040052933870295
CLARK	CAMI_HIGH_S003	8.515480924217751	9152.644166738346	0.6343371244226487	0.6363636363636364	0.6666666666666666	0.6511627906976744	56.0	28.0	32.0	84.0	0.4827586206896552	3.516378581169523	0.7936185901632158	0.3171685622113244
GOTTCHA	CAMI_HIGH_S003	11.576833146188422	10785.637972622613	1.63244913548098	0.4659090909090909	0.8367346938775511	0.5985401459854014	41.0	8.0	47.0	49.0	0.4270833333333333	1.670924971203693	0.42934278646290064	0.8162245677404902
MEGAN+DIAMOND	CAMI_HIGH_S003	10.138728583798905	9967.418173817454	0.33808440278086827	0.8522727272727273	0.8823529411764706	0.8670520231213872	75.0	10.0	13.0	85.0	0.7653061224489796	3.758900680051739	0.8460940242744287	0.16904220139043413
MetaPhlAn2	CAMI_HIGH_S003	9.668645583547107	10904.384806572396	1.2198246550476999	0.5795454545454546	1.0	0.7338129496402878	51.0	0.0	37.0	51.0	0.5795454545454546	2.87683876685598	0.7316801495244958	0.6099123275238498
mOTUs2	CAMI_HIGH_S003	7.708881586857696	9629.555130670027	0.27678655699411847	0.8863636363636364	0.8571428571428571	0.8715083798882681	78.0	13.0	10.0	91.0	0.7722772277227723	3.6877382816028703	0.8175245263735627	0.13839327849705915
