tool	sample	Weighted UniFrac error	Unweighted UniFrac error	L1 norm error	Completeness (recall)	Purity (precision)	F1 score	True positives	False positives	False negatives	Taxon counts	Jaccard index	Shannon diversity	Shannon equitability	Bray-Curtis distance
Metalign	CAMI_HIGH_S003	8.645350159320063	8479.012650268141	0.33124033908803463	0.8977272727272727	0.8315789473684211	0.8633879781420765	79.0	16.0	9.0	95.0	0.7596153846153846	3.6560292108378167	0.8028388333424711	0.16562016954401731
Bracken+Kraken2	CAMI_HIGH_S003	8.408759114464273	13342.695850654345	0.6080105867740587	0.8977272727272727	0.4114583333333333	0.5642857142857143	79.0	113.0	9.0	192.0	0.39303482587064675	3.754989694623259	0.714216452686098	0.3040052933870295
CLARK	CAMI_HIGH_S003	8.51548092421776	9152.644166738344	0.6343371244226486	0.6363636363636364	0.6666666666666666	0.6511627906976744	56.0	28.0	32.0	84.0	0.4827586206896552	3.5163785811695223	0.7936185901632156	0.31716856221132433
GOTTCHA	CAMI_HIGH_S003	11.576833146188457	10785.637972622613	1.6324491354809805	0.4659090909090909	0.8367346938775511	0.5985401459854014	41.0	8.0	47.0	49.0	0.4270833333333333	1.6709249712036927	0.4293427864629005	0.8162245677404903
MEGAN+DIAMOND	CAMI_HIGH_S003	10.138728583798892	9967.418173817452	0.3380844027808682	0.8522727272727273	0.8823529411764706	0.8670520231213872	75.0	10.0	13.0	85.0	0.7653061224489796	3.7589006800517395	0.8460940242744288	0.16904220139043408
MetaBinG2	CAMI_HIGH_S003	11.515951307759876	11448.318871738767	1.5740865420714316	0.06818181818181818	1.0	0.1276595744680851	6.0	0.0	82.0	6.0	0.06818181818181818	1.5225566092658769	0.8497550231571211	0.7870432710357155
MetaPhlAn2	CAMI_HIGH_S003	9.66864558354712	10904.384806572398	1.2198246550476999	0.5795454545454546	1.0	0.7338129496402878	51.0	0.0	37.0	51.0	0.5795454545454546	2.8768387668559807	0.731680149524496	0.6099123275238498
mOTUs2	CAMI_HIGH_S003	7.708881586857704	9629.555130670025	0.2767865569941183	0.8863636363636364	0.8571428571428571	0.8715083798882681	78.0	13.0	10.0	91.0	0.7722772277227723	3.6877382816028677	0.8175245263735621	0.13839327849705915
