tool	sample	Weighted UniFrac error	Unweighted UniFrac error	L1 norm error	Completeness (recall)	Purity (precision)	F1 score	True positives	False positives	False negatives	Taxon counts	Jaccard index	Shannon diversity	Shannon equitability	Bray-Curtis distance
Metalign	CAMI_HIGH_S003	8.645350159320063	8479.012650268141	0.4977613792387227	0.8608247422680413	0.8391959798994975	0.8498727735368957	167.0	32.0	27.0	199.0	0.7389380530973452	4.43836985397484	0.8384874857846203	0.24888068961936127
Bracken+Kraken2	CAMI_HIGH_S003	8.408759114464273	13342.695850654345	1.027204204178902	0.6082474226804123	0.24279835390946503	0.34705882352941175	118.0	368.0	76.0	486.0	0.2099644128113879	4.7120728664247284	0.7617061035121863	0.5136021020894518
CLARK	CAMI_HIGH_S003	8.51548092421776	9152.644166738344	1.0248987920667718	0.4948453608247423	0.4752475247524752	0.4848484848484848	96.0	106.0	98.0	202.0	0.32	4.246855070644448	0.8000453844337205	0.5124493960333857
GOTTCHA	CAMI_HIGH_S003	11.576833146188457	10785.637972622613	1.8212399091255682	0.2268041237113402	0.6285714285714286	0.3333333333333333	44.0	26.0	150.0	70.0	0.2	1.947908503611732	0.4584937472289868	0.9106199545627847
MEGAN+DIAMOND	CAMI_HIGH_S003	10.138728583798892	9967.418173817452	0.5343157055937122	0.7319587628865979	0.9342105263157895	0.8208092485549132	142.0	10.0	52.0	152.0	0.696078431372549	4.412895574670652	0.8783838621081094	0.2671578527968561
MetaBinG2	CAMI_HIGH_S003	11.515951307759876	11448.318871738767	1.758027979417107	0.030927835051546393	0.75	0.05940594059405941	6.0	2.0	188.0	8.0	0.030612244897959183	1.9059417891629837	0.9165642558161584	0.8790139897085536
MetaPhlAn2	CAMI_HIGH_S003	9.66864558354712	10904.384806572398	1.4800233679991721	0.27835051546391754	0.782608695652174	0.41064638783269963	54.0	15.0	140.0	69.0	0.2583732057416268	3.0008687643472594	0.7087371942791261	0.7400116839995857
mOTUs2	CAMI_HIGH_S003	7.708881586857704	9629.555130670025	0.406963945573356	0.8195876288659794	0.8784530386740331	0.8480000000000001	159.0	22.0	35.0	181.0	0.7361111111111112	4.497568524335956	0.8651670852721071	0.2034819727866779
