tool	sample	Weighted UniFrac error	Unweighted UniFrac error	L1 norm error	Completeness (recall)	Purity (precision)	F1 score	True positives	False positives	False negatives	Taxon counts	Jaccard index	Shannon diversity	Shannon equitability	Bray-Curtis distance
Metalign	CAMI_HIGH_S003	8.645350159320056	8479.012650268138	0.49776137923872277	0.8608247422680413	0.8391959798994975	0.8498727735368957	167.0	32.0	27.0	199.0	0.7389380530973452	4.438369853974841	0.8384874857846205	0.24888068961936125
Bracken+Kraken2	CAMI_HIGH_S003	8.408759114464274	13342.695850654338	1.027204204178902	0.6082474226804123	0.24279835390946503	0.34705882352941175	118.0	368.0	76.0	486.0	0.2099644128113879	4.712072866424727	0.7617061035121859	0.5136021020894519
CLARK	CAMI_HIGH_S003	8.515480924217751	9152.644166738346	1.0248987920667723	0.4948453608247423	0.4752475247524752	0.4848484848484848	96.0	106.0	98.0	202.0	0.32	4.246855070644447	0.8000453844337204	0.5124493960333858
GOTTCHA	CAMI_HIGH_S003	11.576833146188422	10785.637972622613	1.8212399091255695	0.2268041237113402	0.6285714285714286	0.3333333333333333	44.0	26.0	150.0	70.0	0.2	1.947908503611732	0.4584937472289868	0.9106199545627846
MEGAN+DIAMOND	CAMI_HIGH_S003	10.138728583798905	9967.418173817454	0.5343157055937126	0.7319587628865979	0.9342105263157895	0.8208092485549132	142.0	10.0	52.0	152.0	0.696078431372549	4.412895574670654	0.8783838621081097	0.26715785279685617
MetaPhlAn2	CAMI_HIGH_S003	9.668645583547107	10904.384806572396	1.4800233679991723	0.27835051546391754	0.782608695652174	0.41064638783269963	54.0	15.0	140.0	69.0	0.2583732057416268	3.0008687643472607	0.7087371942791264	0.7400116839995858
mOTUs2	CAMI_HIGH_S003	7.708881586857696	9629.555130670027	0.406963945573356	0.8195876288659794	0.8784530386740331	0.8480000000000001	159.0	22.0	35.0	181.0	0.7361111111111112	4.49756852433596	0.8651670852721077	0.20348197278667793
