tool	sample	Weighted UniFrac error	Unweighted UniFrac error	L1 norm error	Completeness (recall)	Purity (precision)	F1 score	True positives	False positives	False negatives	Taxon counts	Jaccard index	Shannon diversity	Shannon equitability	Bray-Curtis distance
Metalign	CAMI_HIGH_S003	8.645350159320056	8479.012650268138	0.7208513908260998	0.925	0.7254901960784313	0.8131868131868133	37.0	14.0	3.0	51.0	0.6851851851851852	2.9596131383275033	0.7527325509287183	0.3604256954130499
Bracken+Kraken2	CAMI_HIGH_S003	8.408759114464274	13342.695850654338	0.8786432755332227	1.0	0.40404040404040403	0.5755395683453237	40.0	59.0	0.0	99.0	0.40404040404040403	3.0031082232194564	0.6535429588700491	0.43932163776661126
CLARK	CAMI_HIGH_S003	8.515480924217751	9152.644166738346	0.9088824462589494	0.7	0.6363636363636364	0.6666666666666666	28.0	16.0	12.0	44.0	0.5	2.856066641719129	0.7547366591039133	0.4544412231294747
GOTTCHA	CAMI_HIGH_S003	11.576833146188422	10785.637972622613	1.262639002197847	0.575	0.7666666666666667	0.6571428571428571	23.0	7.0	17.0	30.0	0.48936170212765956	2.1908903124606023	0.6441526517317029	0.6313195010989235
MEGAN+DIAMOND	CAMI_HIGH_S003	10.138728583798905	9967.418173817454	0.658543563642376	0.875	0.7142857142857143	0.7865168539325842	35.0	14.0	5.0	49.0	0.6481481481481481	3.072985523733421	0.7896010833864227	0.32927178182118816
MetaPhlAn2	CAMI_HIGH_S003	9.668645583547107	10904.384806572396	1.0356329819439525	0.725	1.0	0.8405797101449275	29.0	0.0	11.0	29.0	0.725	2.4625943705884428	0.7313270038998428	0.5178164909719762
mOTUs2	CAMI_HIGH_S003	7.708881586857696	9629.555130670027	0.6283162040244891	0.9	0.72	0.7999999999999999	36.0	14.0	4.0	50.0	0.6666666666666666	2.9675568038623035	0.7585734541296552	0.31415810201224453
