tool	sample	Weighted UniFrac error	Unweighted UniFrac error	L1 norm error	Completeness (recall)	Purity (precision)	F1 score	True positives	False positives	False negatives	Taxon counts	Jaccard index	Shannon diversity	Shannon equitability	Bray-Curtis distance
Metalign	CAMI_HIGH_S003	8.645350159320063	8479.012650268141	0.7208513908260997	0.925	0.7254901960784313	0.8131868131868133	37.0	14.0	3.0	51.0	0.6851851851851852	2.9596131383275037	0.7527325509287184	0.3604256954130499
Bracken+Kraken2	CAMI_HIGH_S003	8.408759114464273	13342.695850654345	0.8786432755332224	1.0	0.40404040404040403	0.5755395683453237	40.0	59.0	0.0	99.0	0.40404040404040403	3.0031082232194586	0.6535429588700495	0.43932163776661115
CLARK	CAMI_HIGH_S003	8.51548092421776	9152.644166738344	0.9088824462589493	0.7	0.6363636363636364	0.6666666666666666	28.0	16.0	12.0	44.0	0.5	2.8560666417191283	0.7547366591039131	0.4544412231294747
GOTTCHA	CAMI_HIGH_S003	11.576833146188457	10785.637972622613	1.2626390021978469	0.575	0.7666666666666667	0.6571428571428571	23.0	7.0	17.0	30.0	0.48936170212765956	2.1908903124606027	0.644152651731703	0.6313195010989234
MEGAN+DIAMOND	CAMI_HIGH_S003	10.138728583798892	9967.418173817452	0.6585435636423764	0.875	0.7142857142857143	0.7865168539325842	35.0	14.0	5.0	49.0	0.6481481481481481	3.072985523733422	0.7896010833864229	0.32927178182118805
MetaBinG2	CAMI_HIGH_S003	11.515951307759876	11448.318871738767	1.539236730050368	0.1	0.6666666666666666	0.1739130434782609	4.0	2.0	36.0	6.0	0.09523809523809523	1.5815986762282384	0.8827070281423653	0.7696183650251842
MetaPhlAn2	CAMI_HIGH_S003	9.66864558354712	10904.384806572398	1.0356329819439525	0.725	1.0	0.8405797101449275	29.0	0.0	11.0	29.0	0.725	2.4625943705884423	0.7313270038998427	0.5178164909719762
mOTUs2	CAMI_HIGH_S003	7.708881586857704	9629.555130670025	0.628316204024489	0.9	0.72	0.7999999999999999	36.0	14.0	4.0	50.0	0.6666666666666666	2.967556803862304	0.7585734541296553	0.3141581020122445
