tool	sample	Weighted UniFrac error	Unweighted UniFrac error	L1 norm error	Completeness (recall)	Purity (precision)	F1 score	True positives	False positives	False negatives	Taxon counts	Jaccard index	Shannon diversity	Shannon equitability	Bray-Curtis distance
Metalign	CAMI_HIGH_S003	8.645350159320063	8479.012650268141	0.08564783752858104	0.9166666666666666	1.0	0.9565217391304348	11.0	0.0	1.0	11.0	0.9166666666666666	1.2351511065045182	0.5150980197158832	0.04282391876429052
Bracken+Kraken2	CAMI_HIGH_S003	8.408759114464273	13342.695850654345	0.24219775010454367	0.9166666666666666	0.55	0.6874999999999999	11.0	9.0	1.0	20.0	0.5238095238095238	1.1759833325194728	0.39255288027602797	0.12109887505227183
CLARK	CAMI_HIGH_S003	8.51548092421776	9152.644166738344	0.2497448327693543	0.4166666666666667	0.8333333333333334	0.5555555555555556	5.0	1.0	7.0	6.0	0.38461538461538464	1.1152901722155493	0.6224552968016687	0.12487241638467714
GOTTCHA	CAMI_HIGH_S003	11.576833146188457	10785.637972622613	0.7357182623426936	0.4166666666666667	1.0	0.5882352941176471	5.0	0.0	7.0	5.0	0.4166666666666667	0.6785168046918867	0.42158619444083034	0.36785913117134683
MEGAN+DIAMOND	CAMI_HIGH_S003	10.138728583798892	9967.418173817452	0.19674782507596908	0.9166666666666666	1.0	0.9565217391304348	11.0	0.0	1.0	11.0	0.9166666666666666	1.3274404539877258	0.5535856669997885	0.09837391253798451
MetaBinG2	CAMI_HIGH_S003	11.515951307759876	11448.318871738767	0.22390548000766095	0.3333333333333333	1.0	0.5	4.0	0.0	8.0	4.0	0.3333333333333333	1.2868811972117593	0.9282885607153287	0.11195274000383047
MetaPhlAn2	CAMI_HIGH_S003	9.66864558354712	10904.384806572398	0.5572151417617991	0.5	1.0	0.6666666666666666	6.0	0.0	6.0	6.0	0.5	1.0133921949749825	0.5655849528796312	0.2786075708808995
mOTUs2	CAMI_HIGH_S003	7.708881586857704	9629.555130670025	0.0659965775846641	0.9166666666666666	1.0	0.9565217391304348	11.0	0.0	1.0	11.0	0.9166666666666666	1.3238508939671305	0.5520887042002388	0.03299828879233205
