tool	sample	Weighted UniFrac error	Unweighted UniFrac error	L1 norm error	Completeness (recall)	Purity (precision)	F1 score	True positives	False positives	False negatives	Taxon counts	Jaccard index	Shannon diversity	Shannon equitability	Bray-Curtis distance
Metalign	CAMI_HIGH_S003	8.645350159320056	8479.012650268138	0.08564783752858103	0.9166666666666666	1.0	0.9565217391304348	11.0	0.0	1.0	11.0	0.9166666666666666	1.2351511065045182	0.5150980197158832	0.042823918764290515
Bracken+Kraken2	CAMI_HIGH_S003	8.408759114464274	13342.695850654338	0.24219775010454364	0.9166666666666666	0.55	0.6874999999999999	11.0	9.0	1.0	20.0	0.5238095238095238	1.175983332519473	0.392552880276028	0.12109887505227182
CLARK	CAMI_HIGH_S003	8.515480924217751	9152.644166738346	0.24974483276935433	0.4166666666666667	0.8333333333333334	0.5555555555555556	5.0	1.0	7.0	6.0	0.38461538461538464	1.1152901722155495	0.6224552968016688	0.12487241638467715
GOTTCHA	CAMI_HIGH_S003	11.576833146188422	10785.637972622613	0.7357182623426936	0.4166666666666667	1.0	0.5882352941176471	5.0	0.0	7.0	5.0	0.4166666666666667	0.6785168046918866	0.4215861944408303	0.3678591311713468
MEGAN+DIAMOND	CAMI_HIGH_S003	10.138728583798905	9967.418173817454	0.19674782507596908	0.9166666666666666	1.0	0.9565217391304348	11.0	0.0	1.0	11.0	0.9166666666666666	1.3274404539877258	0.5535856669997885	0.09837391253798453
MetaPhlAn2	CAMI_HIGH_S003	9.668645583547107	10904.384806572396	0.557215141761799	0.5	1.0	0.6666666666666666	6.0	0.0	6.0	6.0	0.5	1.0133921949749825	0.5655849528796312	0.2786075708808995
mOTUs2	CAMI_HIGH_S003	7.708881586857696	9629.555130670027	0.0659965775846641	0.9166666666666666	1.0	0.9565217391304348	11.0	0.0	1.0	11.0	0.9166666666666666	1.3238508939671305	0.5520887042002388	0.03299828879233205
