tool	sample	Weighted UniFrac error	Unweighted UniFrac error	L1 norm error	Completeness (recall)	Purity (precision)	F1 score	True positives	False positives	False negatives	Taxon counts	Jaccard index	Shannon diversity	Shannon equitability	Bray-Curtis distance
Metalign	CAMI_HIGH_S003	8.645350159320056	8479.012650268138	1.7622122990052624	0.6502057613168725	0.2	0.3059051306873185	158.0	632.0	85.0	790.0	0.18057142857142858	6.221114063590349	0.9324165684497294	0.8811061495026306
Bracken+Kraken2	CAMI_HIGH_S003	8.408759114464274	13342.695850654338	1.9662707663258876	0.06584362139917696	0.010876954452753228	0.01866977829638273	16.0	1455.0	227.0	1471.0	0.009422850412249705	6.2068549012180565	0.8509887767471449	0.9831353831629454
CLARK	CAMI_HIGH_S003	8.515480924217751	9152.644166738346	1.9651244040679385	0.05761316872427984	0.035623409669211195	0.04402515723270441	14.0	379.0	229.0	393.0	0.022508038585209004	5.106360721995573	0.8547913398260687	0.9825622020339694
GOTTCHA	CAMI_HIGH_S003	11.576833146188422	10785.637972622613	1.990325686189128	0.00823045267489712	0.021052631578947368	0.01183431952662722	2.0	93.0	241.0	95.0	0.005952380952380952	1.907386819371386	0.41884900816916926	0.9951628430945644
MEGAN+DIAMOND	CAMI_HIGH_S003	10.138728583798905	9967.418173817454	1.8260331426138392	0.35390946502057613	0.6231884057971014	0.45144356955380577	86.0	52.0	157.0	138.0	0.29152542372881357	4.596345417960369	0.9328412360431816	0.9130165713069194
MetaPhlAn2	CAMI_HIGH_S003	9.668645583547107	10904.384806572396	1.9638255375405618	0.01646090534979424	0.11428571428571428	0.02877697841726619	4.0	31.0	239.0	35.0	0.014598540145985401	2.257699629649847	0.6350150788623623	0.9819127687702812
mOTUs2	CAMI_HIGH_S003	7.708881586857696	9629.555130670027	1.823024475308223	0.49794238683127573	0.4201388888888889	0.45574387947269307	121.0	167.0	122.0	288.0	0.2951219512195122	5.243176575139057	0.9258720052048092	0.9115122376541112
