tool	sample	Weighted UniFrac error	Unweighted UniFrac error	L1 norm error	Completeness (recall)	Purity (precision)	F1 score	True positives	False positives	False negatives	Taxon counts	Jaccard index	Shannon diversity	Shannon equitability	Bray-Curtis distance
Metalign	CAMI_HIGH_S003	8.645350159320063	8479.012650268141	1.7622122990052633	0.6502057613168725	0.2	0.3059051306873185	158.0	632.0	85.0	790.0	0.18057142857142858	6.22111406359035	0.9324165684497295	0.8811061495026309
Bracken+Kraken2	CAMI_HIGH_S003	8.408759114464273	13342.695850654345	1.9662707663258865	0.06584362139917696	0.010876954452753228	0.01866977829638273	16.0	1455.0	227.0	1471.0	0.009422850412249705	6.206854901218068	0.8509887767471465	0.9831353831629449
CLARK	CAMI_HIGH_S003	8.51548092421776	9152.644166738344	1.9651244040679408	0.05761316872427984	0.035623409669211195	0.04402515723270441	14.0	379.0	229.0	393.0	0.022508038585209004	5.106360721995574	0.8547913398260688	0.9825622020339694
GOTTCHA	CAMI_HIGH_S003	11.576833146188457	10785.637972622613	1.9903256861891296	0.00823045267489712	0.021052631578947368	0.01183431952662722	2.0	93.0	241.0	95.0	0.005952380952380952	1.9073868193713839	0.4188490081691688	0.9951628430945643
MEGAN+DIAMOND	CAMI_HIGH_S003	10.138728583798892	9967.418173817452	1.8260331426138392	0.35390946502057613	0.6231884057971014	0.45144356955380577	86.0	52.0	157.0	138.0	0.29152542372881357	4.5963454179603715	0.9328412360431821	0.9130165713069193
MetaBinG2	CAMI_HIGH_S003	11.515951307759876	11448.318871738767	1.9952956258477312	0.00411522633744856	0.125	0.00796812749003984	1.0	7.0	242.0	8.0	0.004	1.905941789162984	0.9165642558161585	0.9976478129238657
MetaPhlAn2	CAMI_HIGH_S003	9.66864558354712	10904.384806572398	1.9638255375405638	0.01646090534979424	0.11428571428571428	0.02877697841726619	4.0	31.0	239.0	35.0	0.014598540145985401	2.2576996296498466	0.6350150788623622	0.9819127687702812
mOTUs2	CAMI_HIGH_S003	7.708881586857704	9629.555130670025	1.8230244753082234	0.49794238683127573	0.4201388888888889	0.45574387947269307	121.0	167.0	122.0	288.0	0.2951219512195122	5.243176575139058	0.9258720052048093	0.911512237654111
