tool	sample	Weighted UniFrac error	Unweighted UniFrac error	L1 norm error	Completeness (recall)	Purity (precision)	F1 score	True positives	False positives	False negatives	Taxon counts	Jaccard index	Shannon diversity	Shannon equitability	Bray-Curtis distance
Metalign	CAMI_HIGH_S003	8.645350159320056	8479.012650268138	1.9284979284979322	0.056797020484171325	0.07721518987341772	0.06545064377682404	61.0	729.0	1013.0	790.0	0.03383250138657792	6.221114063590345	0.9324165684497288	0.9642489642489642
Bracken+Kraken2	CAMI_HIGH_S003	8.408759114464274	13342.695850654338	na	0.0	0.0	na	0.0	0.0	1074.0	0.0	0.0	na	na	na
CLARK	CAMI_HIGH_S003	8.515480924217751	9152.644166738346	na	0.0	0.0	na	0.0	0.0	1074.0	0.0	0.0	na	na	na
GOTTCHA	CAMI_HIGH_S003	11.576833146188422	10785.637972622613	na	0.0	0.0	na	0.0	0.0	1074.0	0.0	0.0	na	na	na
MEGAN+DIAMOND	CAMI_HIGH_S003	10.138728583798905	9967.418173817454	2.000000000000002	0.0	0.0	na	0.0	57.0	1074.0	57.0	0.0	3.4011984047594424	0.8412454306029904	1.0
MetaPhlAn2	CAMI_HIGH_S003	9.668645583547107	10904.384806572396	na	0.0	0.0	na	0.0	0.0	1074.0	0.0	0.0	na	na	na
mOTUs2	CAMI_HIGH_S003	7.708881586857696	9629.555130670027	na	0.0	0.0	na	0.0	0.0	1074.0	0.0	0.0	na	na	na
