tool	sample	Weighted UniFrac error	Unweighted UniFrac error	L1 norm error	Completeness (recall)	Purity (precision)	F1 score	True positives	False positives	False negatives	Taxon counts	Jaccard index	Shannon diversity	Shannon equitability	Bray-Curtis distance
Metalign	CAMI_HIGH_S003	8.645350159320063	8479.012650268141	1.9284979284979302	0.056797020484171325	0.07721518987341772	0.06545064377682404	61.0	729.0	1013.0	790.0	0.03383250138657792	6.2211140635903455	0.9324165684497289	0.9642489642489642
Bracken+Kraken2	CAMI_HIGH_S003	8.408759114464273	13342.695850654345	na	0.0	0.0	na	0.0	0.0	1074.0	0.0	0.0	na	na	na
CLARK	CAMI_HIGH_S003	8.51548092421776	9152.644166738344	na	0.0	0.0	na	0.0	0.0	1074.0	0.0	0.0	na	na	na
GOTTCHA	CAMI_HIGH_S003	11.576833146188457	10785.637972622613	na	0.0	0.0	na	0.0	0.0	1074.0	0.0	0.0	na	na	na
MEGAN+DIAMOND	CAMI_HIGH_S003	10.138728583798892	9967.418173817452	1.9999999999999978	0.0	0.0	na	0.0	57.0	1074.0	57.0	0.0	3.4011984047594415	0.8412454306029902	1.0
MetaBinG2	CAMI_HIGH_S003	11.515951307759876	11448.318871738767	1.999999999999999	0.0	0.0	na	0.0	8.0	1074.0	8.0	0.0	1.905941789162984	0.9165642558161585	1.0
MetaPhlAn2	CAMI_HIGH_S003	9.66864558354712	10904.384806572398	na	0.0	0.0	na	0.0	0.0	1074.0	0.0	0.0	na	na	na
mOTUs2	CAMI_HIGH_S003	7.708881586857704	9629.555130670025	na	0.0	0.0	na	0.0	0.0	1074.0	0.0	0.0	na	na	na
