tool	sample	Weighted UniFrac error	Unweighted UniFrac error	L1 norm error	Completeness (recall)	Purity (precision)	F1 score	True positives	False positives	False negatives	Taxon counts	Jaccard index	Shannon diversity	Shannon equitability	Bray-Curtis distance
Metalign	CAMI_HIGH_S003	8.645350159320056	8479.012650268138	0.026350902916282486	1.0	0.5	0.6666666666666666	2.0	2.0	0.0	4.0	0.5	0.11136284186426985	0.08033130984844199	0.013175451458141245
Bracken+Kraken2	CAMI_HIGH_S003	8.408759114464274	13342.695850654338	0.012684070839822863	1.0	0.5	0.6666666666666666	2.0	2.0	0.0	4.0	0.5	0.10985987187321612	0.07924714617209291	0.006342035419911432
CLARK	CAMI_HIGH_S003	8.515480924217751	9152.644166738346	0.029470904436490534	1.0	0.6666666666666666	0.8	2.0	1.0	0.0	3.0	0.6666666666666666	0.1337142870906975	0.12171198927039538	0.014735452218245267
GOTTCHA	CAMI_HIGH_S003	11.576833146188422	10785.637972622613	0.16907507407606887	1.0	1.0	1.0	2.0	0.0	0.0	2.0	1.0	0.3222293241986792	0.4648786480504366	0.08453753703803443
MEGAN+DIAMOND	CAMI_HIGH_S003	10.138728583798905	9967.418173817454	0.015387129160177126	1.0	1.0	1.0	2.0	0.0	0.0	2.0	1.0	0.03908371997865235	0.05638588899269465	0.007693564580088563
MetaPhlAn2	CAMI_HIGH_S003	9.668645583547107	10904.384806572396	0.1623262708398228	1.0	1.0	1.0	2.0	0.0	0.0	2.0	1.0	0.3147015319616293	0.45401833952120224	0.0811631354199114
mOTUs2	CAMI_HIGH_S003	7.708881586857696	9629.555130670027	0.006892513437793468	1.0	1.0	1.0	2.0	0.0	0.0	2.0	1.0	0.05929216707963075	0.08554051540934314	0.003446256718896734
