tool	sample	Weighted UniFrac error	Unweighted UniFrac error	L1 norm error	Completeness (recall)	Purity (precision)	F1 score	True positives	False positives	False negatives	Taxon counts	Jaccard index	Shannon diversity	Shannon equitability	Bray-Curtis distance
Metalign	CAMI_HIGH_S003	8.645350159320063	8479.012650268141	0.026350902916282486	1.0	0.5	0.6666666666666666	2.0	2.0	0.0	4.0	0.5	0.11136284186426985	0.08033130984844199	0.013175451458141245
Bracken+Kraken2	CAMI_HIGH_S003	8.408759114464273	13342.695850654345	0.012684070839822863	1.0	0.5	0.6666666666666666	2.0	2.0	0.0	4.0	0.5	0.10985987187321612	0.07924714617209291	0.006342035419911432
CLARK	CAMI_HIGH_S003	8.51548092421776	9152.644166738344	0.029470904436490534	1.0	0.6666666666666666	0.8	2.0	1.0	0.0	3.0	0.6666666666666666	0.1337142870906975	0.12171198927039538	0.014735452218245267
GOTTCHA	CAMI_HIGH_S003	11.576833146188457	10785.637972622613	0.16907507407606887	1.0	1.0	1.0	2.0	0.0	0.0	2.0	1.0	0.3222293241986792	0.4648786480504366	0.08453753703803443
MEGAN+DIAMOND	CAMI_HIGH_S003	10.138728583798892	9967.418173817452	0.015387129160177126	1.0	1.0	1.0	2.0	0.0	0.0	2.0	1.0	0.03908371997865235	0.05638588899269465	0.007693564580088563
MetaBinG2	CAMI_HIGH_S003	11.515951307759876	11448.318871738767	0.02833592916017716	0.5	1.0	0.6666666666666666	1.0	0.0	1.0	1.0	0.5	0.0	0.0	0.01416796458008858
MetaPhlAn2	CAMI_HIGH_S003	9.66864558354712	10904.384806572398	0.1623262708398228	1.0	1.0	1.0	2.0	0.0	0.0	2.0	1.0	0.3147015319616293	0.45401833952120224	0.0811631354199114
mOTUs2	CAMI_HIGH_S003	7.708881586857704	9629.555130670025	0.006892513437793468	1.0	1.0	1.0	2.0	0.0	0.0	2.0	1.0	0.05929216707963075	0.08554051540934314	0.003446256718896734
