tool	sample	Weighted UniFrac error	Unweighted UniFrac error	L1 norm error	Completeness (recall)	Purity (precision)	F1 score	True positives	False positives	False negatives	Taxon counts	Jaccard index	Shannon diversity	Shannon equitability	Bray-Curtis distance
Metalign	peabody	4.300663708635412	230.38423097234772	0.10568029962031375	1.0	1.0	1.0	5.0	0.0	0.0	5.0	1.0	1.3610354227046115	0.8456588552994835	0.052840149810156875
Bracken+Kraken2	peabody	3.3103716190916983	170.09593277077374	0.14791016094162857	1.0	0.8333333333333334	0.9090909090909091	5.0	1.0	0.0	6.0	0.8333333333333334	1.3596151083726173	0.7588156400023834	0.07395508047081428
CLARK	peabody	3.9133779639291153	124.06261620696728	0.20308510826472712	1.0	1.0	1.0	5.0	0.0	0.0	5.0	1.0	1.4504852718776706	0.9012371714817933	0.10154255413236359
GOTTCHA	peabody	5.576598054438318	55.813862162837204	0.6729492383961605	0.8	0.8	0.8000000000000002	4.0	1.0	1.0	5.0	0.6666666666666666	1.1765498827156178	0.7310315443832274	0.33647461919808025
MEGAN+DIAMOND	peabody	7.2800005771511715	343.8619689673169	0.4199853999999999	1.0	1.0	1.0	5.0	0.0	0.0	5.0	1.0	1.219283466701174	0.7575834129923906	0.2099927
MetaBinG2	peabody	4.023088297691131	63.71969696136363	0.282588888407771	1.0	1.0	1.0	5.0	0.0	0.0	5.0	1.0	1.274470348629798	0.7918729506640612	0.14129444420388554
MetaPhlAn2	peabody	5.127342342969904	69.67359395935026	0.5275149242826943	0.8	1.0	0.888888888888889	4.0	0.0	1.0	4.0	0.8	1.0566096300053733	0.7621827366821373	0.26375746214134715
mOTUs2	peabody	5.12784067173108	79.98850682381898	0.18701656258606966	1.0	1.0	1.0	5.0	0.0	0.0	5.0	1.0	1.4731162221951632	0.9152985715163344	0.09350828129303485
