tool	sample	Weighted UniFrac error	Unweighted UniFrac error	L1 norm error	Completeness (recall)	Purity (precision)	F1 score	True positives	False positives	False negatives	Taxon counts	Jaccard index	Shannon diversity	Shannon equitability	Bray-Curtis distance
Metalign	peabody	4.300663708635412	230.38423097234772	0.14962009201091375	1.0	0.8	0.888888888888889	8.0	2.0	0.0	10.0	0.8	1.8634428879387193	0.8092829635736454	0.07481004600545689
Bracken+Kraken2	peabody	3.3103716190916983	170.09593277077374	0.1581640543520243	1.0	0.7272727272727273	0.8421052631578948	8.0	3.0	0.0	11.0	0.7272727272727273	1.9703121646052815	0.8216839938576238	0.07908202717601218
CLARK	peabody	3.9133779639291153	124.06261620696728	0.3024786600744686	1.0	0.8	0.888888888888889	8.0	2.0	0.0	10.0	0.8	1.9501594454740876	0.8469434860009016	0.15123933003723433
GOTTCHA	peabody	5.576598054438318	55.813862162837204	0.3902217889421782	1.0	1.0	1.0	8.0	0.0	0.0	8.0	1.0	1.6946436179991091	0.8149513145871486	0.19511089447108915
MEGAN+DIAMOND	peabody	7.2800005771511715	343.8619689673169	0.2374783597416874	1.0	0.8	0.888888888888889	8.0	2.0	0.0	10.0	0.8	1.9545201806931054	0.8488373292435623	0.11873917987084372
MetaBinG2	peabody	4.023088297691131	63.71969696136363	0.43588885641111447	0.75	0.8571428571428571	0.7999999999999999	6.0	1.0	2.0	7.0	0.6666666666666666	1.6806890934225063	0.8637033391487451	0.2179444282055573
MetaPhlAn2	peabody	5.127342342969904	69.67359395935026	0.3510383184371686	0.875	0.875	0.875	7.0	1.0	1.0	8.0	0.7777777777777778	1.8022951544884593	0.8667207605329029	0.17551915921858433
mOTUs2	peabody	5.12784067173108	79.98850682381898	0.6843033393796679	0.625	1.0	0.7692307692307693	5.0	0.0	3.0	5.0	0.625	1.3568554293837458	0.8430616794230037	0.342151669689834
