tool	sample	Weighted UniFrac error	Unweighted UniFrac error	L1 norm error	Completeness (recall)	Purity (precision)	F1 score	True positives	False positives	False negatives	Taxon counts	Jaccard index	Shannon diversity	Shannon equitability	Bray-Curtis distance
Metalign	peabody	4.30066370863541	230.38423097234772	0.14962009201091375	1.0	0.8	0.888888888888889	8.0	2.0	0.0	10.0	0.8	1.863442887938719	0.8092829635736453	0.07481004600545689
Bracken+Kraken2	peabody	3.3103716190916974	170.09593277077374	0.1581640543520243	1.0	0.7272727272727273	0.8421052631578948	8.0	3.0	0.0	11.0	0.7272727272727273	1.9703121646052815	0.8216839938576238	0.07908202717601216
CLARK	peabody	3.913377963929114	124.06261620696726	0.30247866007446855	1.0	0.8	0.888888888888889	8.0	2.0	0.0	10.0	0.8	1.9501594454740874	0.8469434860009015	0.1512393300372343
GOTTCHA	peabody	5.576598054438316	55.81386216283722	0.3902217889421782	1.0	1.0	1.0	8.0	0.0	0.0	8.0	1.0	1.694643617999109	0.8149513145871485	0.19511089447108915
MEGAN+DIAMOND	peabody	7.280000577151164	343.8619689673169	0.23747835974168738	1.0	0.8	0.888888888888889	8.0	2.0	0.0	10.0	0.8	1.9545201806931058	0.8488373292435625	0.11873917987084372
MetaPhlAn2	peabody	5.127342342969903	69.67359395935026	0.3510383184371685	0.875	0.875	0.875	7.0	1.0	1.0	8.0	0.7777777777777778	1.8022951544884593	0.8667207605329029	0.17551915921858427
mOTUs2	peabody	5.12784067173108	79.98850682381898	0.6843033393796679	0.625	1.0	0.7692307692307693	5.0	0.0	3.0	5.0	0.625	1.3568554293837458	0.8430616794230037	0.342151669689834
