tool	sample	Weighted UniFrac error	Unweighted UniFrac error	L1 norm error	Completeness (recall)	Purity (precision)	F1 score	True positives	False positives	False negatives	Taxon counts	Jaccard index	Shannon diversity	Shannon equitability	Bray-Curtis distance
Metalign	peabody	4.300663708635412	230.38423097234772	0.16224203281604888	1.0	0.8	0.888888888888889	8.0	2.0	0.0	10.0	0.8	1.8519898167440139	0.8043089579529398	0.08112101640802445
Bracken+Kraken2	peabody	3.3103716190916983	170.09593277077374	0.17410688040629238	1.0	0.5	0.6666666666666666	8.0	8.0	0.0	16.0	0.5	2.028473233223209	0.7316170685367814	0.08705344020314623
CLARK	peabody	3.9133779639291153	124.06261620696728	0.3225576328289761	1.0	0.6666666666666666	0.8	8.0	4.0	0.0	12.0	0.6666666666666666	1.9924217372464084	0.8018094914818598	0.1612788164144881
GOTTCHA	peabody	5.576598054438318	55.813862162837204	0.7235552556088716	0.875	0.875	0.875	7.0	1.0	1.0	8.0	0.7777777777777778	1.6946436179991091	0.8149513145871486	0.36177762780443584
MEGAN+DIAMOND	peabody	7.2800005771511715	343.8619689673169	0.32170043675450316	1.0	0.6153846153846154	0.761904761904762	8.0	5.0	0.0	13.0	0.6153846153846154	1.8483733269655278	0.7206276106733017	0.16085021837725158
MetaBinG2	peabody	4.023088297691131	63.71969696136363	0.43588885641111447	0.75	0.8571428571428571	0.7999999999999999	6.0	1.0	2.0	7.0	0.6666666666666666	1.6806890934225063	0.8637033391487451	0.2179444282055573
MetaPhlAn2	peabody	5.127342342969904	69.67359395935026	0.5769446261691112	0.75	0.8571428571428571	0.7999999999999999	6.0	1.0	2.0	7.0	0.6666666666666666	1.7361001587201046	0.8921789937541229	0.2884723130845557
mOTUs2	peabody	5.12784067173108	79.98850682381898	0.8341155280120252	0.5	0.8	0.6153846153846154	4.0	1.0	4.0	5.0	0.4444444444444444	1.2348289149483571	0.767242343061754	0.41705776400601263
