tool	sample	Weighted UniFrac error	Unweighted UniFrac error	L1 norm error	Completeness (recall)	Purity (precision)	F1 score	True positives	False positives	False negatives	Taxon counts	Jaccard index	Shannon diversity	Shannon equitability	Bray-Curtis distance
Metalign	peabody	4.300663708635412	230.38423097234772	0.14487937651493116	1.0	0.8888888888888888	0.9411764705882353	8.0	1.0	0.0	9.0	0.8888888888888888	1.8530880604280768	0.8433767214977393	0.07243968825746559
Bracken+Kraken2	peabody	3.3103716190916983	170.09593277077374	0.16046305975372413	1.0	0.7272727272727273	0.8421052631578948	8.0	3.0	0.0	11.0	0.7272727272727273	1.9618572367991658	0.8181580150953199	0.08023152987686206
CLARK	peabody	3.9133779639291153	124.06261620696728	0.3039362532720956	1.0	0.8888888888888888	0.9411764705882353	8.0	1.0	0.0	9.0	0.8888888888888888	1.9362559592504796	0.8812280634498808	0.15196812663604783
GOTTCHA	peabody	5.576598054438318	55.813862162837204	0.47179175071477053	0.875	1.0	0.9333333333333333	7.0	0.0	1.0	7.0	0.875	1.4968206266265964	0.7692136388482594	0.23589587535738527
MEGAN+DIAMOND	peabody	7.2800005771511715	343.8619689673169	0.3668719117143542	1.0	0.8888888888888888	0.9411764705882353	8.0	1.0	0.0	9.0	0.8888888888888888	1.8037022466176649	0.8209002690131761	0.1834359558571771
MetaBinG2	peabody	4.023088297691131	63.71969696136363	0.43588885641111447	0.75	0.8571428571428571	0.7999999999999999	6.0	1.0	2.0	7.0	0.6666666666666666	1.6806890934225065	0.8637033391487452	0.21794442820555723
MetaPhlAn2	peabody	5.127342342969904	69.67359395935026	0.7575785914087492	0.5	0.8	0.6153846153846154	4.0	1.0	4.0	5.0	0.4444444444444444	1.4174197417969956	0.8806924025129381	0.37878929570437464
mOTUs2	peabody	5.12784067173108	79.98850682381898	0.41906729482495836	0.75	1.0	0.8571428571428571	6.0	0.0	2.0	6.0	0.75	1.573325204891137	0.878089515870662	0.20953364741247918
