tool	sample	Weighted UniFrac error	Unweighted UniFrac error	L1 norm error	Completeness (recall)	Purity (precision)	F1 score	True positives	False positives	False negatives	Taxon counts	Jaccard index	Shannon diversity	Shannon equitability	Bray-Curtis distance
Metalign	peabody	4.30066370863541	230.38423097234772	0.14487937651493116	1.0	0.8888888888888888	0.9411764705882353	8.0	1.0	0.0	9.0	0.8888888888888888	1.8530880604280768	0.8433767214977393	0.0724396882574656
Bracken+Kraken2	peabody	3.3103716190916974	170.09593277077374	0.16046305975372413	1.0	0.7272727272727273	0.8421052631578948	8.0	3.0	0.0	11.0	0.7272727272727273	1.9618572367991658	0.8181580150953199	0.08023152987686208
CLARK	peabody	3.913377963929114	124.06261620696726	0.3039362532720956	1.0	0.8888888888888888	0.9411764705882353	8.0	1.0	0.0	9.0	0.8888888888888888	1.9362559592504793	0.8812280634498807	0.1519681266360478
GOTTCHA	peabody	5.576598054438316	55.81386216283722	0.47179175071477053	0.875	1.0	0.9333333333333333	7.0	0.0	1.0	7.0	0.875	1.4968206266265962	0.7692136388482593	0.2358958753573853
MEGAN+DIAMOND	peabody	7.280000577151164	343.8619689673169	0.3668719117143542	1.0	0.8888888888888888	0.9411764705882353	8.0	1.0	0.0	9.0	0.8888888888888888	1.8037022466176644	0.8209002690131759	0.1834359558571771
MetaPhlAn2	peabody	5.127342342969903	69.67359395935026	0.7575785914087493	0.5	0.8	0.6153846153846154	4.0	1.0	4.0	5.0	0.4444444444444444	1.4174197417969956	0.8806924025129381	0.37878929570437475
mOTUs2	peabody	5.12784067173108	79.98850682381898	0.41906729482495836	0.75	1.0	0.8571428571428571	6.0	0.0	2.0	6.0	0.75	1.573325204891137	0.878089515870662	0.20953364741247918
