tool	sample	Weighted UniFrac error	Unweighted UniFrac error	L1 norm error	Completeness (recall)	Purity (precision)	F1 score	True positives	False positives	False negatives	Taxon counts	Jaccard index	Shannon diversity	Shannon equitability	Bray-Curtis distance
Metalign	peabody	4.30066370863541	230.38423097234772	0.0909080730276978	1.0	1.0	1.0	3.0	0.0	0.0	3.0	1.0	0.8948158009174201	0.8144964426005464	0.0454540365138489
Bracken+Kraken2	peabody	3.3103716190916974	170.09593277077374	0.12941328313689401	1.0	0.75	0.8571428571428571	3.0	1.0	0.0	4.0	0.75	0.8822928598668012	0.6364397667707876	0.06470664156844701
CLARK	peabody	3.913377963929114	124.06261620696726	0.12286769072662782	1.0	1.0	1.0	3.0	0.0	0.0	3.0	1.0	0.9353375143502117	0.8513808956972051	0.06143384536331391
GOTTCHA	peabody	5.576598054438316	55.81386216283722	0.5000000000000001	0.6666666666666666	1.0	0.8	2.0	0.0	1.0	2.0	0.6666666666666666	0.5513965535140741	0.7954970733180207	0.25000000000000006
MEGAN+DIAMOND	peabody	7.280000577151164	343.8619689673169	0.4471225613789162	1.0	1.0	1.0	3.0	0.0	0.0	3.0	1.0	0.6169141885436895	0.5615394938751308	0.2235612806894581
MetaPhlAn2	peabody	5.127342342969903	69.67359395935026	0.1151488	1.0	1.0	1.0	3.0	0.0	0.0	3.0	1.0	0.8785832115008465	0.7997209029638536	0.057574400000000005
mOTUs2	peabody	5.12784067173108	79.98850682381898	0.17000459692835185	1.0	1.0	1.0	3.0	0.0	0.0	3.0	1.0	0.889850331762917	0.8099766777975121	0.08500229846417592
