tool	sample	Weighted UniFrac error	Unweighted UniFrac error	L1 norm error	Completeness (recall)	Purity (precision)	F1 score	True positives	False positives	False negatives	Taxon counts	Jaccard index	Shannon diversity	Shannon equitability	Bray-Curtis distance
Metalign	peabody	4.30066370863541	230.38423097234772	1.6320775362822164	0.2727272727272727	0.10344827586206896	0.15	3.0	26.0	8.0	29.0	0.08108108108108109	2.8223564641090686	0.8381670653868287	0.8160387681411084
Bracken+Kraken2	peabody	3.3103716190916974	170.09593277077374	1.5295944389601843	0.2727272727272727	0.16666666666666666	0.20689655172413793	3.0	15.0	8.0	18.0	0.11538461538461539	2.3543051754137103	0.8145336906859881	0.7647972194800922
CLARK	peabody	3.913377963929114	124.06261620696726	1.6584526187622188	0.2727272727272727	0.2	0.23076923076923075	3.0	12.0	8.0	15.0	0.13043478260869565	2.2595381302797146	0.8343782287935632	0.8292263093811095
GOTTCHA	peabody	5.576598054438316	55.81386216283722	1.5605289909959597	0.2727272727272727	0.3	0.28571428571428564	3.0	7.0	8.0	10.0	0.16666666666666666	2.0788330898504395	0.9028257397199326	0.7802644954979799
MEGAN+DIAMOND	peabody	7.280000577151164	343.8619689673169	1.2322766724654024	0.8181818181818182	0.3333333333333333	0.4736842105263157	9.0	18.0	2.0	27.0	0.3103448275862069	2.406213789762334	0.7300767263640328	0.6161383362327013
MetaPhlAn2	peabody	5.127342342969903	69.67359395935026	1.5056268318982446	0.2727272727272727	0.3333333333333333	0.3	3.0	6.0	8.0	9.0	0.17647058823529413	2.1391984682248713	0.9735911796591609	0.7528134159491223
mOTUs2	peabody	5.12784067173108	79.98850682381898	1.8333333500000055	0.09090909090909091	0.3333333333333333	0.14285714285714288	1.0	2.0	10.0	3.0	0.07692307692307693	0.8740456560852583	0.7955906420315921	0.9166666750000024
