tool	sample	Weighted UniFrac error	Unweighted UniFrac error	L1 norm error	Completeness (recall)	Purity (precision)	F1 score	True positives	False positives	False negatives	Taxon counts	Jaccard index	Shannon diversity	Shannon equitability	Bray-Curtis distance
Metalign	peabody	4.300663708635412	230.38423097234772	2.0000000000000004	0.0	0.0	na	0.0	29.0	11.0	29.0	0.0	2.8223564641090677	0.8381670653868284	1.0
Bracken+Kraken2	peabody	3.3103716190916983	170.09593277077374	na	0.0	0.0	na	0.0	0.0	11.0	0.0	0.0	na	na	na
CLARK	peabody	3.9133779639291153	124.06261620696728	na	0.0	0.0	na	0.0	0.0	11.0	0.0	0.0	na	na	na
GOTTCHA	peabody	5.576598054438318	55.813862162837204	na	0.0	0.0	na	0.0	0.0	11.0	0.0	0.0	na	na	na
MEGAN+DIAMOND	peabody	7.2800005771511715	343.8619689673169	1.819689818031018	0.45454545454545453	0.2	0.2777777777777778	5.0	20.0	6.0	25.0	0.16129032258064516	2.521217588636046	0.7832602827228601	0.9098449090155089
MetaBinG2	peabody	4.023088297691131	63.71969696136363	1.4835772516422754	0.2727272727272727	0.375	0.3157894736842105	3.0	5.0	8.0	8.0	0.1875	1.9649078725429112	0.9449209478404472	0.7417886258211374
MetaPhlAn2	peabody	5.127342342969904	69.67359395935026	na	0.0	0.0	na	0.0	0.0	11.0	0.0	0.0	na	na	na
mOTUs2	peabody	5.12784067173108	79.98850682381898	na	0.0	0.0	na	0.0	0.0	11.0	0.0	0.0	na	na	na
