rank	sample	Weighted UniFrac error	Unweighted UniFrac error	L1 norm error	Completeness (recall)	Purity (precision)	F1 score	True positives	False positives	False negatives	Taxon counts	Jaccard index	Shannon diversity	Shannon equitability	Bray-Curtis distance
superkingdom	CAMI_HIGH_S003	8.408759114464274	13342.695850654338	0.012684070839822863	1.0	0.5	0.6666666666666666	2.0	2.0	0.0	4.0	0.5	0.10985987187321612	0.07924714617209291	0.006342035419911432
phylum	CAMI_HIGH_S003	8.408759114464274	13342.695850654338	0.24219775010454364	0.9166666666666666	0.55	0.6874999999999999	11.0	9.0	1.0	20.0	0.5238095238095238	1.175983332519473	0.392552880276028	0.12109887505227182
class	CAMI_HIGH_S003	8.408759114464274	13342.695850654338	0.3393052505200085	1.0	0.5384615384615384	0.7000000000000001	21.0	18.0	0.0	39.0	0.5384615384615384	1.962810421003805	0.5357656320803029	0.16965262526000424
order	CAMI_HIGH_S003	8.408759114464274	13342.695850654338	0.8786432755332227	1.0	0.40404040404040403	0.5755395683453237	40.0	59.0	0.0	99.0	0.40404040404040403	3.0031082232194564	0.6535429588700491	0.43932163776661126
family	CAMI_HIGH_S003	8.408759114464274	13342.695850654338	0.6080105867740585	0.8977272727272727	0.4114583333333333	0.5642857142857143	79.0	113.0	9.0	192.0	0.39303482587064675	3.7549896946232586	0.7142164526860979	0.3040052933870295
genus	CAMI_HIGH_S003	8.408759114464274	13342.695850654338	1.027204204178902	0.6082474226804123	0.24279835390946503	0.34705882352941175	118.0	368.0	76.0	486.0	0.2099644128113879	4.712072866424727	0.7617061035121859	0.5136021020894519
species	CAMI_HIGH_S003	8.408759114464274	13342.695850654338	1.9662707663258876	0.06584362139917696	0.010876954452753228	0.01866977829638273	16.0	1455.0	227.0	1471.0	0.009422850412249705	6.2068549012180565	0.8509887767471449	0.9831353831629454
strain	CAMI_HIGH_S003	8.408759114464274	13342.695850654338	na	0.0	0.0	na	0.0	0.0	1074.0	0.0	0.0	na	na	na
