rank	sample	Weighted UniFrac error	Unweighted UniFrac error	L1 norm error	Completeness (recall)	Purity (precision)	F1 score	True positives	False positives	False negatives	Taxon counts	Jaccard index	Shannon diversity	Shannon equitability	Bray-Curtis distance
superkingdom	CAMI_HIGH_S003	8.51548092421776	9152.644166738344	0.029470904436490534	1.0	0.6666666666666666	0.8	2.0	1.0	0.0	3.0	0.6666666666666666	0.1337142870906975	0.12171198927039538	0.014735452218245267
phylum	CAMI_HIGH_S003	8.51548092421776	9152.644166738344	0.2497448327693543	0.4166666666666667	0.8333333333333334	0.5555555555555556	5.0	1.0	7.0	6.0	0.38461538461538464	1.1152901722155493	0.6224552968016687	0.12487241638467714
class	CAMI_HIGH_S003	8.51548092421776	9152.644166738344	0.33096194678989066	0.6190476190476191	0.8666666666666667	0.7222222222222222	13.0	2.0	8.0	15.0	0.5652173913043478	1.9241803524110583	0.7105408724062401	0.16548097339494536
order	CAMI_HIGH_S003	8.51548092421776	9152.644166738344	0.9088824462589493	0.7	0.6363636363636364	0.6666666666666666	28.0	16.0	12.0	44.0	0.5	2.8560666417191283	0.7547366591039131	0.4544412231294747
family	CAMI_HIGH_S003	8.51548092421776	9152.644166738344	0.6343371244226486	0.6363636363636364	0.6666666666666666	0.6511627906976744	56.0	28.0	32.0	84.0	0.4827586206896552	3.5163785811695223	0.7936185901632156	0.31716856221132433
genus	CAMI_HIGH_S003	8.51548092421776	9152.644166738344	1.0248987920667718	0.4948453608247423	0.4752475247524752	0.4848484848484848	96.0	106.0	98.0	202.0	0.32	4.246855070644448	0.8000453844337205	0.5124493960333857
species	CAMI_HIGH_S003	8.51548092421776	9152.644166738344	1.9651244040679408	0.05761316872427984	0.035623409669211195	0.04402515723270441	14.0	379.0	229.0	393.0	0.022508038585209004	5.106360721995574	0.8547913398260688	0.9825622020339694
strain	CAMI_HIGH_S003	8.51548092421776	9152.644166738344	na	0.0	0.0	na	0.0	0.0	1074.0	0.0	0.0	na	na	na
