rank	sample	Weighted UniFrac error	Unweighted UniFrac error	L1 norm error	Completeness (recall)	Purity (precision)	F1 score	True positives	False positives	False negatives	Taxon counts	Jaccard index	Shannon diversity	Shannon equitability	Bray-Curtis distance
superkingdom	CAMI_HIGH_S003	8.515480924217751	9152.644166738346	0.029470904436490534	1.0	0.6666666666666666	0.8	2.0	1.0	0.0	3.0	0.6666666666666666	0.1337142870906975	0.12171198927039538	0.014735452218245267
phylum	CAMI_HIGH_S003	8.515480924217751	9152.644166738346	0.24974483276935433	0.4166666666666667	0.8333333333333334	0.5555555555555556	5.0	1.0	7.0	6.0	0.38461538461538464	1.1152901722155495	0.6224552968016688	0.12487241638467715
class	CAMI_HIGH_S003	8.515480924217751	9152.644166738346	0.3309619467898905	0.6190476190476191	0.8666666666666667	0.7222222222222222	13.0	2.0	8.0	15.0	0.5652173913043478	1.9241803524110583	0.7105408724062401	0.16548097339494525
order	CAMI_HIGH_S003	8.515480924217751	9152.644166738346	0.9088824462589494	0.7	0.6363636363636364	0.6666666666666666	28.0	16.0	12.0	44.0	0.5	2.856066641719129	0.7547366591039133	0.4544412231294747
family	CAMI_HIGH_S003	8.515480924217751	9152.644166738346	0.6343371244226487	0.6363636363636364	0.6666666666666666	0.6511627906976744	56.0	28.0	32.0	84.0	0.4827586206896552	3.516378581169523	0.7936185901632158	0.3171685622113244
genus	CAMI_HIGH_S003	8.515480924217751	9152.644166738346	1.0248987920667723	0.4948453608247423	0.4752475247524752	0.4848484848484848	96.0	106.0	98.0	202.0	0.32	4.246855070644447	0.8000453844337204	0.5124493960333858
species	CAMI_HIGH_S003	8.515480924217751	9152.644166738346	1.9651244040679385	0.05761316872427984	0.035623409669211195	0.04402515723270441	14.0	379.0	229.0	393.0	0.022508038585209004	5.106360721995573	0.8547913398260687	0.9825622020339694
strain	CAMI_HIGH_S003	8.515480924217751	9152.644166738346	na	0.0	0.0	na	0.0	0.0	1074.0	0.0	0.0	na	na	na
