rank	sample	Weighted UniFrac error	Unweighted UniFrac error	L1 norm error	Completeness (recall)	Purity (precision)	F1 score	True positives	False positives	False negatives	Taxon counts	Jaccard index	Shannon diversity	Shannon equitability	Bray-Curtis distance
superkingdom	CAMI_HIGH_S003	10.138728583798905	9967.418173817454	0.015387129160177126	1.0	1.0	1.0	2.0	0.0	0.0	2.0	1.0	0.03908371997865235	0.05638588899269465	0.007693564580088563
phylum	CAMI_HIGH_S003	10.138728583798905	9967.418173817454	0.19674782507596908	0.9166666666666666	1.0	0.9565217391304348	11.0	0.0	1.0	11.0	0.9166666666666666	1.3274404539877258	0.5535856669997885	0.09837391253798453
class	CAMI_HIGH_S003	10.138728583798905	9967.418173817454	0.3274745385830301	0.9047619047619048	0.9047619047619048	0.9047619047619048	19.0	2.0	2.0	21.0	0.8260869565217391	2.251223558669918	0.7394340507318765	0.16373726929151505
order	CAMI_HIGH_S003	10.138728583798905	9967.418173817454	0.658543563642376	0.875	0.7142857142857143	0.7865168539325842	35.0	14.0	5.0	49.0	0.6481481481481481	3.072985523733421	0.7896010833864227	0.32927178182118816
family	CAMI_HIGH_S003	10.138728583798905	9967.418173817454	0.33808440278086827	0.8522727272727273	0.8823529411764706	0.8670520231213872	75.0	10.0	13.0	85.0	0.7653061224489796	3.758900680051739	0.8460940242744287	0.16904220139043413
genus	CAMI_HIGH_S003	10.138728583798905	9967.418173817454	0.5343157055937126	0.7319587628865979	0.9342105263157895	0.8208092485549132	142.0	10.0	52.0	152.0	0.696078431372549	4.412895574670654	0.8783838621081097	0.26715785279685617
species	CAMI_HIGH_S003	10.138728583798905	9967.418173817454	1.8260331426138392	0.35390946502057613	0.6231884057971014	0.45144356955380577	86.0	52.0	157.0	138.0	0.29152542372881357	4.596345417960369	0.9328412360431816	0.9130165713069194
strain	CAMI_HIGH_S003	10.138728583798905	9967.418173817454	2.000000000000002	0.0	0.0	na	0.0	57.0	1074.0	57.0	0.0	3.4011984047594424	0.8412454306029904	1.0
