rank	sample	Weighted UniFrac error	Unweighted UniFrac error	L1 norm error	Completeness (recall)	Purity (precision)	F1 score	True positives	False positives	False negatives	Taxon counts	Jaccard index	Shannon diversity	Shannon equitability	Bray-Curtis distance
superkingdom	CAMI_HIGH_S003	8.645350159320056	8479.012650268138	0.026350902916282486	1.0	0.5	0.6666666666666666	2.0	2.0	0.0	4.0	0.5	0.11136284186426985	0.08033130984844199	0.013175451458141245
phylum	CAMI_HIGH_S003	8.645350159320056	8479.012650268138	0.08564783752858103	0.9166666666666666	1.0	0.9565217391304348	11.0	0.0	1.0	11.0	0.9166666666666666	1.2351511065045182	0.5150980197158832	0.042823918764290515
class	CAMI_HIGH_S003	8.645350159320056	8479.012650268138	0.19208878724641912	0.9523809523809523	0.8333333333333334	0.888888888888889	20.0	4.0	1.0	24.0	0.8	2.1196509084210815	0.6669650740903321	0.0960443936232096
order	CAMI_HIGH_S003	8.645350159320056	8479.012650268138	0.7208513908260998	0.925	0.7254901960784313	0.8131868131868133	37.0	14.0	3.0	51.0	0.6851851851851852	2.9596131383275033	0.7527325509287183	0.3604256954130499
family	CAMI_HIGH_S003	8.645350159320056	8479.012650268138	0.3312403390880347	0.8977272727272727	0.8315789473684211	0.8633879781420765	79.0	16.0	9.0	95.0	0.7596153846153846	3.656029210837817	0.8028388333424712	0.16562016954401731
genus	CAMI_HIGH_S003	8.645350159320056	8479.012650268138	0.49776137923872277	0.8608247422680413	0.8391959798994975	0.8498727735368957	167.0	32.0	27.0	199.0	0.7389380530973452	4.438369853974841	0.8384874857846205	0.24888068961936125
species	CAMI_HIGH_S003	8.645350159320056	8479.012650268138	1.7622122990052624	0.6502057613168725	0.2	0.3059051306873185	158.0	632.0	85.0	790.0	0.18057142857142858	6.221114063590349	0.9324165684497294	0.8811061495026306
strain	CAMI_HIGH_S003	8.645350159320056	8479.012650268138	1.9284979284979322	0.056797020484171325	0.07721518987341772	0.06545064377682404	61.0	729.0	1013.0	790.0	0.03383250138657792	6.221114063590345	0.9324165684497288	0.9642489642489642
