rank	sample	Weighted UniFrac error	Unweighted UniFrac error	L1 norm error	Completeness (recall)	Purity (precision)	F1 score	True positives	False positives	False negatives	Taxon counts	Jaccard index	Shannon diversity	Shannon equitability	Bray-Curtis distance
superkingdom	CAMI_HIGH_S003	9.66864558354712	10904.384806572398	0.1623262708398228	1.0	1.0	1.0	2.0	0.0	0.0	2.0	1.0	0.3147015319616293	0.45401833952120224	0.0811631354199114
phylum	CAMI_HIGH_S003	9.66864558354712	10904.384806572398	0.5572151417617991	0.5	1.0	0.6666666666666666	6.0	0.0	6.0	6.0	0.5	1.0133921949749825	0.5655849528796312	0.2786075708808995
class	CAMI_HIGH_S003	9.66864558354712	10904.384806572398	0.9815192610640193	0.6190476190476191	1.0	0.7647058823529412	13.0	0.0	8.0	13.0	0.6190476190476191	1.8261686311318253	0.7119706382581903	0.49075963053200977
order	CAMI_HIGH_S003	9.66864558354712	10904.384806572398	1.0356329819439525	0.725	1.0	0.8405797101449275	29.0	0.0	11.0	29.0	0.725	2.4625943705884423	0.7313270038998427	0.5178164909719762
family	CAMI_HIGH_S003	9.66864558354712	10904.384806572398	1.2198246550476999	0.5795454545454546	1.0	0.7338129496402878	51.0	0.0	37.0	51.0	0.5795454545454546	2.8768387668559807	0.731680149524496	0.6099123275238498
genus	CAMI_HIGH_S003	9.66864558354712	10904.384806572398	1.4800233679991721	0.27835051546391754	0.782608695652174	0.41064638783269963	54.0	15.0	140.0	69.0	0.2583732057416268	3.0008687643472594	0.7087371942791261	0.7400116839995857
species	CAMI_HIGH_S003	9.66864558354712	10904.384806572398	1.9638255375405638	0.01646090534979424	0.11428571428571428	0.02877697841726619	4.0	31.0	239.0	35.0	0.014598540145985401	2.2576996296498466	0.6350150788623622	0.9819127687702812
strain	CAMI_HIGH_S003	9.66864558354712	10904.384806572398	na	0.0	0.0	na	0.0	0.0	1074.0	0.0	0.0	na	na	na
