rank	sample	Weighted UniFrac error	Unweighted UniFrac error	L1 norm error	Completeness (recall)	Purity (precision)	F1 score	True positives	False positives	False negatives	Taxon counts	Jaccard index	Shannon diversity	Shannon equitability	Bray-Curtis distance
superkingdom	CAMI_HIGH_S003	7.708881586857696	9629.555130670027	0.006892513437793468	1.0	1.0	1.0	2.0	0.0	0.0	2.0	1.0	0.05929216707963075	0.08554051540934314	0.003446256718896734
phylum	CAMI_HIGH_S003	7.708881586857696	9629.555130670027	0.0659965775846641	0.9166666666666666	1.0	0.9565217391304348	11.0	0.0	1.0	11.0	0.9166666666666666	1.3238508939671305	0.5520887042002388	0.03299828879233205
class	CAMI_HIGH_S003	7.708881586857696	9629.555130670027	0.11323561009260744	0.9523809523809523	0.8695652173913043	0.909090909090909	20.0	3.0	1.0	23.0	0.8333333333333334	2.1395897082823288	0.6823771823314616	0.056617805046303704
order	CAMI_HIGH_S003	7.708881586857696	9629.555130670027	0.6283162040244891	0.9	0.72	0.7999999999999999	36.0	14.0	4.0	50.0	0.6666666666666666	2.9675568038623035	0.7585734541296552	0.31415810201224453
family	CAMI_HIGH_S003	7.708881586857696	9629.555130670027	0.27678655699411847	0.8863636363636364	0.8571428571428571	0.8715083798882681	78.0	13.0	10.0	91.0	0.7722772277227723	3.6877382816028703	0.8175245263735627	0.13839327849705915
genus	CAMI_HIGH_S003	7.708881586857696	9629.555130670027	0.406963945573356	0.8195876288659794	0.8784530386740331	0.8480000000000001	159.0	22.0	35.0	181.0	0.7361111111111112	4.49756852433596	0.8651670852721077	0.20348197278667793
species	CAMI_HIGH_S003	7.708881586857696	9629.555130670027	1.823024475308223	0.49794238683127573	0.4201388888888889	0.45574387947269307	121.0	167.0	122.0	288.0	0.2951219512195122	5.243176575139057	0.9258720052048092	0.9115122376541112
strain	CAMI_HIGH_S003	7.708881586857696	9629.555130670027	na	0.0	0.0	na	0.0	0.0	1074.0	0.0	0.0	na	na	na
