tool	sample	Weighted UniFrac error	Unweighted UniFrac error	L1 norm error	Completeness (recall)	Purity (precision)	F1 score	True positives	False positives	False negatives	Taxon counts	Jaccard index	Shannon diversity	Shannon equitability	Bray-Curtis distance
Metalign	CAMI_HIGH_S001	8.618576492549868	8639.033036499653	0.17780037117546932	0.8571428571428571	0.8181818181818182	0.8372093023255814	18.0	4.0	3.0	22.0	0.72	2.0904999200806342	0.6763090289521501	0.08890018558773465
Bracken_custom	CAMI_HIGH_S001	7.601699587822393	8036.4101067717975	0.10821050989235997	0.9523809523809523	0.7407407407407407	0.8333333333333334	20.0	7.0	1.0	27.0	0.7142857142857143	2.1014934469315136	0.6376205899654359	0.054105254946179994
Bracken_original	CAMI_HIGH_S001	8.327501745170531	13320.700448198098	0.3103353745687901	1.0	0.5384615384615384	0.7000000000000001	21.0	18.0	0.0	39.0	0.5384615384615384	1.9223232219873816	0.524714310189979	0.15516768728439506
