tool	sample	Weighted UniFrac error	Unweighted UniFrac error	L1 norm error	Completeness (recall)	Purity (precision)	F1 score	True positives	False positives	False negatives	Taxon counts	Jaccard index	Shannon diversity	Shannon equitability	Bray-Curtis distance
Metalign	CAMI_HIGH_S001	8.618576492549868	8639.033036499653	0.3269195884340572	0.875	0.8651685393258427	0.8700564971751412	77.0	12.0	11.0	89.0	0.77	3.611186579118284	0.804517515267957	0.16345979421702855
Bracken_custom	CAMI_HIGH_S001	7.601699587822393	8036.4101067717975	0.2537501673967926	0.9090909090909091	0.7339449541284404	0.8121827411167513	80.0	29.0	8.0	109.0	0.6837606837606838	3.7102130066818186	0.7908629033323514	0.12687508369839626
Bracken_original	CAMI_HIGH_S001	8.327501745170531	13320.700448198098	0.6090504255445004	0.8977272727272727	0.42245989304812837	0.5745454545454545	79.0	108.0	9.0	187.0	0.4030612244897959	3.762105305803549	0.719179352094139	0.3045252127722501
