tool	sample	Weighted UniFrac error	Unweighted UniFrac error	L1 norm error	Completeness (recall)	Purity (precision)	F1 score	True positives	False positives	False negatives	Taxon counts	Jaccard index	Shannon diversity	Shannon equitability	Bray-Curtis distance
Metalign	CAMI_HIGH_S001	8.618576492549868	8639.033036499653	0.4324836658584785	0.8298969072164949	0.8655913978494624	0.8473684210526317	161.0	25.0	33.0	186.0	0.7351598173515982	4.324858827906769	0.8276059093453341	0.21624183292923937
Bracken_custom	CAMI_HIGH_S001	7.601699587822393	8036.4101067717975	0.36428390561259166	0.8865979381443299	0.7319148936170212	0.8018648018648018	172.0	63.0	22.0	235.0	0.669260700389105	4.421857822578556	0.8099255540778397	0.1821419528062958
Bracken_original	CAMI_HIGH_S001	8.327501745170531	13320.700448198098	0.9979918060247299	0.5824742268041238	0.23890063424947147	0.33883058470764615	113.0	360.0	81.0	473.0	0.20397111913357402	4.688266988376472	0.7611940865758217	0.49899590301236574
