tool	sample	Weighted UniFrac error	Unweighted UniFrac error	L1 norm error	Completeness (recall)	Purity (precision)	F1 score	True positives	False positives	False negatives	Taxon counts	Jaccard index	Shannon diversity	Shannon equitability	Bray-Curtis distance
Metalign	CAMI_HIGH_S001	8.618576492549868	8639.033036499653	0.705827379507966	0.85	0.6938775510204082	0.7640449438202247	34.0	15.0	6.0	49.0	0.6181818181818182	2.897310801665265	0.7444616091528766	0.35291368975398296
Bracken_custom	CAMI_HIGH_S001	7.601699587822393	8036.4101067717975	0.6345983202445847	0.925	0.6491228070175439	0.7628865979381444	37.0	20.0	3.0	57.0	0.6166666666666667	2.9732742236269227	0.735403542191391	0.3172991601222924
Bracken_original	CAMI_HIGH_S001	8.327501745170531	13320.700448198098	0.8615745801518102	1.0	0.40404040404040403	0.5755395683453237	40.0	59.0	0.0	99.0	0.40404040404040403	2.958927338572871	0.6439282184307348	0.4307872900759051
