tool	sample	Weighted UniFrac error	Unweighted UniFrac error	L1 norm error	Completeness (recall)	Purity (precision)	F1 score	True positives	False positives	False negatives	Taxon counts	Jaccard index	Shannon diversity	Shannon equitability	Bray-Curtis distance
Metalign	CAMI_HIGH_S001	8.618576492549868	8639.033036499653	0.09541515293782338	0.75	1.0	0.8571428571428571	9.0	0.0	3.0	9.0	0.75	1.2182223265447236	0.5544368741868079	0.047707576468911675
Bracken_custom	CAMI_HIGH_S001	7.601699587822393	8036.4101067717975	0.05542831278103315	0.9166666666666666	0.6875	0.7857142857142857	11.0	5.0	1.0	16.0	0.6470588235294118	1.2664240343144035	0.4567659184919961	0.027714156390516567
Bracken_original	CAMI_HIGH_S001	8.327501745170531	13320.700448198098	0.2333325655284926	0.9166666666666666	0.55	0.6874999999999999	11.0	9.0	1.0	20.0	0.5238095238095238	1.1438910282535317	0.38184020593284695	0.11666628276424629
