tool	sample	Weighted UniFrac error	Unweighted UniFrac error	L1 norm error	Completeness (recall)	Purity (precision)	F1 score	True positives	False positives	False negatives	Taxon counts	Jaccard index	Shannon diversity	Shannon equitability	Bray-Curtis distance
Metalign	CAMI_HIGH_S001	8.618576492549868	8639.033036499653	1.7754270721862877	0.6008230452674898	0.19035202086049544	0.2891089108910891	146.0	621.0	97.0	767.0	0.16898148148148148	6.023310352268194	0.9067854453287564	0.8877135360931424
Bracken_custom	CAMI_HIGH_S001	7.601699587822393	8036.4101067717975	1.7853513591991257	0.6213991769547325	0.234472049689441	0.34047350620067646	151.0	493.0	92.0	644.0	0.20516304347826086	5.647174769759585	0.8731350993463807	0.8926756795995654
Bracken_original	CAMI_HIGH_S001	8.327501745170531	13320.700448198098	1.9699314518605586	0.06584362139917696	0.011004126547455296	0.018856806128461995	16.0	1438.0	227.0	1454.0	0.009518143961927425	6.186983832538707	0.8496184085782146	0.9849657259302788
