rank	sample	Weighted UniFrac error	Unweighted UniFrac error	L1 norm error	Completeness (recall)	Purity (precision)	F1 score	True positives	False positives	False negatives	Taxon counts	Jaccard index	Shannon diversity	Shannon equitability	Bray-Curtis distance
superkingdom	CAMI_HIGH_S005	8.365331309172282	13024.703133794545	0.010098674156320648	1.0	0.5	0.6666666666666666	2.0	2.0	0.0	4.0	0.5	0.10707692737099349	0.07723967605588002	0.005049337078160325
phylum	CAMI_HIGH_S005	8.365331309172282	13024.703133794545	0.21758896612545628	0.9166666666666666	0.5789473684210527	0.7096774193548387	11.0	8.0	1.0	19.0	0.55	1.1606065775769496	0.39416900325966786	0.10879448306272814
class	CAMI_HIGH_S005	8.365331309172282	13024.703133794545	0.3056754726281567	1.0	0.5526315789473685	0.711864406779661	21.0	17.0	0.0	38.0	0.5526315789473685	1.9203791801275103	0.5279267887559697	0.15283773631407835
order	CAMI_HIGH_S005	8.365331309172282	13024.703133794545	0.8759673542983458	1.0	0.40816326530612246	0.5797101449275363	40.0	58.0	0.0	98.0	0.40816326530612246	2.9872070252307386	0.6515219658868528	0.4379836771491731
family	CAMI_HIGH_S005	8.365331309172282	13024.703133794545	0.5851853998492891	0.8863636363636364	0.4262295081967213	0.5756457564575646	78.0	105.0	10.0	183.0	0.40414507772020725	3.6984587024948024	0.7099469302701849	0.2925926999246446
genus	CAMI_HIGH_S005	8.365331309172282	13024.703133794545	1.0010726344719811	0.5927835051546392	0.24572649572649571	0.34743202416918423	115.0	353.0	79.0	468.0	0.21023765996343693	4.632987691622144	0.7535190015858543	0.5005363172359906
species	CAMI_HIGH_S005	8.365331309172282	13024.703133794545	1.968175544241849	0.06584362139917696	0.011404133998574484	0.019441069258809236	16.0	1387.0	227.0	1403.0	0.0098159509202454	6.129441839050262	0.845863993009253	0.9840877721209096
strain	CAMI_HIGH_S005	8.365331309172282	13024.703133794545	na	0.0	0.0	na	0.0	0.0	1074.0	0.0	0.0	na	na	na
