rank	sample	Weighted UniFrac error	Unweighted UniFrac error	L1 norm error	Completeness (recall)	Purity (precision)	F1 score	True positives	False positives	False negatives	Taxon counts	Jaccard index	Shannon diversity	Shannon equitability	Bray-Curtis distance
superkingdom	CAMI_HIGH_S005	8.498955014034115	9185.609168062456	0.027629902152903063	1.0	0.6666666666666666	0.8	2.0	1.0	0.0	3.0	0.6666666666666666	0.13283071175855266	0.12090772434339732	0.013814951076451532
phylum	CAMI_HIGH_S005	8.498955014034115	9185.609168062456	0.2174011316106289	0.4166666666666667	0.8333333333333334	0.5555555555555556	5.0	1.0	7.0	6.0	0.38461538461538464	1.1121433421481985	0.6206990175011292	0.10870056580531445
class	CAMI_HIGH_S005	8.498955014034115	9185.609168062456	0.3055259652900664	0.6190476190476191	0.8666666666666667	0.7222222222222222	13.0	2.0	8.0	15.0	0.5652173913043478	1.8987192903405719	0.7011388819778044	0.15276298264503319
order	CAMI_HIGH_S005	8.498955014034115	9185.609168062456	0.9101384426483787	0.7	0.6363636363636364	0.6666666666666666	28.0	16.0	12.0	44.0	0.5	2.850799523661445	0.753344784338845	0.4550692213241893
family	CAMI_HIGH_S005	8.498955014034115	9185.609168062456	0.6330971651120941	0.6477272727272727	0.6705882352941176	0.6589595375722542	57.0	28.0	31.0	85.0	0.49137931034482757	3.4774398506907773	0.782739776301493	0.3165485825560469
genus	CAMI_HIGH_S005	8.498955014034115	9185.609168062456	1.0083643744323485	0.4793814432989691	0.4696969696969697	0.4744897959183673	93.0	105.0	101.0	198.0	0.3110367892976589	4.186471708557096	0.7916528579698565	0.5041821872161741
species	CAMI_HIGH_S005	8.498955014034115	9185.609168062456	1.966198033900991	0.06172839506172839	0.03768844221105527	0.04680187207488299	15.0	383.0	228.0	398.0	0.023961661341853034	5.097432233340683	0.8514947132025802	0.9830990169504957
strain	CAMI_HIGH_S005	8.498955014034115	9185.609168062456	na	0.0	0.0	na	0.0	0.0	1074.0	0.0	0.0	na	na	na
