rank	sample	Weighted UniFrac error	Unweighted UniFrac error	L1 norm error	Completeness (recall)	Purity (precision)	F1 score	True positives	False positives	False negatives	Taxon counts	Jaccard index	Shannon diversity	Shannon equitability	Bray-Curtis distance
superkingdom	CAMI_HIGH_S005	11.222209111946004	10870.414609123358	0.35783070930134303	1.0	1.0	1.0	2.0	0.0	0.0	2.0	1.0	0.4918371337058464	0.7095709937224667	0.17891535465067152
phylum	CAMI_HIGH_S005	11.222209111946004	10870.414609123358	0.6969105362457164	0.4166666666666667	1.0	0.5882352941176471	5.0	0.0	7.0	5.0	0.4166666666666667	0.9396194042054374	0.583818361022927	0.3484552681228582
class	CAMI_HIGH_S005	11.222209111946004	10870.414609123358	1.4055729115499889	0.5714285714285714	0.8	0.6666666666666666	12.0	3.0	9.0	15.0	0.5	1.4872056200775254	0.5491794869505057	0.7027864557749947
order	CAMI_HIGH_S005	11.222209111946004	10870.414609123358	1.2961316025623821	0.575	0.7419354838709677	0.6478873239436619	23.0	8.0	17.0	31.0	0.4791666666666667	2.073819827893872	0.6039101791600291	0.6480658012811911
family	CAMI_HIGH_S005	11.222209111946004	10870.414609123358	1.5483570302128964	0.4659090909090909	0.8367346938775511	0.5985401459854014	41.0	8.0	47.0	49.0	0.4270833333333333	1.9809225841067752	0.5089964161676375	0.7741785151064483
genus	CAMI_HIGH_S005	11.222209111946004	10870.414609123358	1.781815033222286	0.24742268041237114	0.6575342465753424	0.3595505617977528	48.0	25.0	146.0	73.0	0.2191780821917808	2.169069202269421	0.5055563936735048	0.8909075166111432
species	CAMI_HIGH_S005	11.222209111946004	10870.414609123358	1.9897237067748474	0.00823045267489712	0.019801980198019802	0.011627906976744186	2.0	99.0	241.0	101.0	0.005847953216374269	2.156526248235606	0.4672740918392318	0.9948618533874233
strain	CAMI_HIGH_S005	11.222209111946004	10870.414609123358	na	0.0	0.0	na	0.0	0.0	1074.0	0.0	0.0	na	na	na
