rank	sample	Weighted UniFrac error	Unweighted UniFrac error	L1 norm error	Completeness (recall)	Purity (precision)	F1 score	True positives	False positives	False negatives	Taxon counts	Jaccard index	Shannon diversity	Shannon equitability	Bray-Curtis distance
superkingdom	CAMI_HIGH_S005	10.122253435091073	9967.558629378282	0.015950525047687413	1.0	1.0	1.0	2.0	0.0	0.0	2.0	1.0	0.04178365520646121	0.06028107215657591	0.007975262523843707
phylum	CAMI_HIGH_S005	10.122253435091073	9967.558629378282	0.1723284896117531	0.9166666666666666	1.0	0.9565217391304348	11.0	0.0	1.0	11.0	0.9166666666666666	1.293492291338936	0.5394281835459044	0.08616424480587652
class	CAMI_HIGH_S005	10.122253435091073	9967.558629378282	0.3061508806182449	0.9047619047619048	0.8636363636363636	0.8837209302325582	19.0	3.0	2.0	22.0	0.7916666666666666	2.1875950759963527	0.7077208123167648	0.15307544030912246
order	CAMI_HIGH_S005	10.122253435091073	9967.558629378282	0.6748107619512055	0.875	0.7142857142857143	0.7865168539325842	35.0	14.0	5.0	49.0	0.6481481481481481	3.074201237575673	0.7899134600505873	0.33740538097560274
family	CAMI_HIGH_S005	10.122253435091073	9967.558629378282	0.3232155602991639	0.8409090909090909	0.8604651162790697	0.8505747126436781	74.0	12.0	14.0	86.0	0.74	3.747032784695436	0.8412080458672399	0.16160778014958183
genus	CAMI_HIGH_S005	10.122253435091073	9967.558629378282	0.4959854214766645	0.7525773195876289	0.9012345679012346	0.8202247191011236	146.0	16.0	48.0	162.0	0.6952380952380952	4.401646390758634	0.8651720971407575	0.2479927107383322
species	CAMI_HIGH_S005	10.122253435091073	9967.558629378282	1.8268644013753939	0.37448559670781895	0.5947712418300654	0.45959595959595956	91.0	62.0	152.0	153.0	0.2983606557377049	4.756157210752142	0.9454757786645398	0.9134322006876979
strain	CAMI_HIGH_S005	10.122253435091073	9967.558629378282	2.0000000000000004	0.0	0.0	na	0.0	53.0	1074.0	53.0	0.0	3.2270536741149005	0.812800102455876	1.0
