rank	sample	Weighted UniFrac error	Unweighted UniFrac error	L1 norm error	Completeness (recall)	Purity (precision)	F1 score	True positives	False positives	False negatives	Taxon counts	Jaccard index	Shannon diversity	Shannon equitability	Bray-Curtis distance
superkingdom	CAMI_HIGH_S005	8.678532732675224	8537.020767803975	0.05667181150745793	1.0	0.5	0.6666666666666666	2.0	2.0	0.0	4.0	0.5	0.17206211596246507	0.12411658071195505	0.028335905753728966
phylum	CAMI_HIGH_S005	8.678532732675224	8537.020767803975	0.08904359176208963	0.9166666666666666	0.9166666666666666	0.9166666666666666	11.0	1.0	1.0	12.0	0.8461538461538461	1.2181889279678548	0.4902352883444473	0.044521795881044816
class	CAMI_HIGH_S005	8.678532732675224	8537.020767803975	0.1875680333657746	0.9523809523809523	0.8	0.8695652173913043	20.0	5.0	1.0	25.0	0.7692307692307693	2.098772316613246	0.6520202799992081	0.09378401668288727
order	CAMI_HIGH_S005	8.678532732675224	8537.020767803975	0.7253634507877355	0.925	0.6981132075471698	0.7956989247311829	37.0	16.0	3.0	53.0	0.6607142857142857	2.9917755508942365	0.7535404489232049	0.36268172539386767
family	CAMI_HIGH_S005	8.678532732675224	8537.020767803975	0.34923373182570655	0.9090909090909091	0.8421052631578947	0.8743169398907102	80.0	15.0	8.0	95.0	0.7766990291262136	3.6257740209547373	0.7961950020305434	0.1746168659128532
genus	CAMI_HIGH_S005	8.678532732675224	8537.020767803975	0.4837058399292845	0.8608247422680413	0.8564102564102564	0.8586118251928021	167.0	28.0	27.0	195.0	0.7522522522522522	4.394029516148191	0.8333073931348917	0.241852919964642
species	CAMI_HIGH_S005	8.678532732675224	8537.020767803975	1.7736639335867956	0.6378600823045267	0.1952141057934509	0.29893924783027964	155.0	639.0	88.0	794.0	0.17573696145124718	6.219846649408009	0.9315214772298614	0.8868319667933986
strain	CAMI_HIGH_S005	8.678532732675224	8537.020767803975	1.9397327232073236	0.056797020484171325	0.07682619647355164	0.06531049250535331	61.0	733.0	1013.0	794.0	0.033757609297177645	6.219846649408014	0.9315214772298622	0.9698663616036607
