rank	sample	Weighted UniFrac error	Unweighted UniFrac error	L1 norm error	Completeness (recall)	Purity (precision)	F1 score	True positives	False positives	False negatives	Taxon counts	Jaccard index	Shannon diversity	Shannon equitability	Bray-Curtis distance
superkingdom	CAMI_HIGH_S005	9.733736554114921	10989.439441085286	0.18618767495231256	1.0	1.0	1.0	2.0	0.0	0.0	2.0	1.0	0.34249126484843906	0.4941104493446316	0.0930938374761563
phylum	CAMI_HIGH_S005	9.733736554114921	10989.439441085286	0.49680613229593235	0.5	1.0	0.6666666666666666	6.0	0.0	6.0	6.0	0.5	1.0594629935646704	0.5912975551462383	0.24840306614796617
class	CAMI_HIGH_S005	9.733736554114921	10989.439441085286	0.9118974206230251	0.5714285714285714	1.0	0.7272727272727273	12.0	0.0	9.0	12.0	0.5714285714285714	1.8949195544652526	0.762571726638873	0.4559487103115127
order	CAMI_HIGH_S005	9.733736554114921	10989.439441085286	0.9945856213386637	0.65	1.0	0.787878787878788	26.0	0.0	14.0	26.0	0.65	2.5420092644638133	0.7802129970057543	0.49729281066933184
family	CAMI_HIGH_S005	9.733736554114921	10989.439441085286	1.2168645440667258	0.5454545454545454	0.9795918367346939	0.7007299270072993	48.0	1.0	40.0	49.0	0.5393258426966292	2.971438039051756	0.76350854136156	0.6084322720333626
genus	CAMI_HIGH_S005	9.733736554114921	10989.439441085286	1.527652927958532	0.25773195876288657	0.78125	0.38759689922480617	50.0	14.0	144.0	64.0	0.2403846153846154	3.0989160944594185	0.7451318136012663	0.7638264639792662
species	CAMI_HIGH_S005	9.733736554114921	10989.439441085286	1.9674347901191902	0.01646090534979424	0.11428571428571428	0.02877697841726619	4.0	31.0	239.0	35.0	0.014598540145985401	2.38592962402758	0.671081869556271	0.9837173950595957
strain	CAMI_HIGH_S005	9.733736554114921	10989.439441085286	na	0.0	0.0	na	0.0	0.0	1074.0	0.0	0.0	na	na	na
