rank	sample	Weighted UniFrac error	Unweighted UniFrac error	L1 norm error	Completeness (recall)	Purity (precision)	F1 score	True positives	False positives	False negatives	Taxon counts	Jaccard index	Shannon diversity	Shannon equitability	Bray-Curtis distance
superkingdom	CAMI_HIGH_S005	8.67853273267523	8537.020767803971	0.05667181150745793	1.0	0.5	0.6666666666666666	2.0	2.0	0.0	4.0	0.5	0.17206211596246507	0.12411658071195505	0.028335905753728966
phylum	CAMI_HIGH_S005	8.67853273267523	8537.020767803971	0.08904359176208965	0.9166666666666666	0.9166666666666666	0.9166666666666666	11.0	1.0	1.0	12.0	0.8461538461538461	1.2181889279678546	0.4902352883444472	0.04452179588104482
class	CAMI_HIGH_S005	8.67853273267523	8537.020767803971	0.18756803336577454	0.9523809523809523	0.8	0.8695652173913043	20.0	5.0	1.0	25.0	0.7692307692307693	2.0987723166132457	0.652020279999208	0.09378401668288729
order	CAMI_HIGH_S005	8.67853273267523	8537.020767803971	0.7253634507877355	0.925	0.6981132075471698	0.7956989247311829	37.0	16.0	3.0	53.0	0.6607142857142857	2.991775550894237	0.753540448923205	0.3626817253938677
family	CAMI_HIGH_S005	8.67853273267523	8537.020767803971	0.3492337318257065	0.9090909090909091	0.8421052631578947	0.8743169398907102	80.0	15.0	8.0	95.0	0.7766990291262136	3.625774020954738	0.7961950020305436	0.17461686591285322
genus	CAMI_HIGH_S005	8.67853273267523	8537.020767803971	0.4837058399292843	0.8608247422680413	0.8564102564102564	0.8586118251928021	167.0	28.0	27.0	195.0	0.7522522522522522	4.394029516148193	0.8333073931348922	0.24185291996464206
species	CAMI_HIGH_S005	8.67853273267523	8537.020767803971	1.7736639335867985	0.6378600823045267	0.1952141057934509	0.29893924783027964	155.0	639.0	88.0	794.0	0.17573696145124718	6.219846649408004	0.9315214772298608	0.8868319667933986
strain	CAMI_HIGH_S005	8.67853273267523	8537.020767803971	1.9397327232073223	0.056797020484171325	0.07682619647355164	0.06531049250535331	61.0	733.0	1013.0	794.0	0.033757609297177645	6.219846649408012	0.931521477229862	0.9698663616036608
