rank	sample	Weighted UniFrac error	Unweighted UniFrac error	L1 norm error	Completeness (recall)	Purity (precision)	F1 score	True positives	False positives	False negatives	Taxon counts	Jaccard index	Shannon diversity	Shannon equitability	Bray-Curtis distance
superkingdom	CAMI_HIGH_S005	7.6893251931428335	9688.437351474917	0.0062065156271248	1.0	1.0	1.0	2.0	0.0	0.0	2.0	1.0	0.06450384082463159	0.09305937127598707	0.0031032578135624
phylum	CAMI_HIGH_S005	7.6893251931428335	9688.437351474917	0.055118153058492894	0.9166666666666666	1.0	0.9565217391304348	11.0	0.0	1.0	11.0	0.9166666666666666	1.3035800776041913	0.5436351171762804	0.02755907652924645
class	CAMI_HIGH_S005	7.6893251931428335	9688.437351474917	0.10198059517901882	0.9523809523809523	0.8695652173913043	0.909090909090909	20.0	3.0	1.0	23.0	0.8333333333333334	2.0999002838922793	0.6697190743405693	0.05099029758950941
order	CAMI_HIGH_S005	7.6893251931428335	9688.437351474917	0.6117401822822258	0.9	0.72	0.7999999999999999	36.0	14.0	4.0	50.0	0.6666666666666666	2.967684951590962	0.7586062115363679	0.3058700911411128
family	CAMI_HIGH_S005	7.6893251931428335	9688.437351474917	0.26795543452490256	0.875	0.8555555555555555	0.8651685393258427	77.0	13.0	11.0	90.0	0.7623762376237624	3.6475113159863093	0.8105923546136561	0.13397771726245128
genus	CAMI_HIGH_S005	7.6893251931428335	9688.437351474917	0.3503085854031841	0.8195876288659794	0.888268156424581	0.8525469168900804	159.0	20.0	35.0	179.0	0.7429906542056075	4.444518586282654	0.8567935281155169	0.17515429270159205
species	CAMI_HIGH_S005	7.6893251931428335	9688.437351474917	1.8254925711152958	0.5020576131687243	0.42214532871972316	0.45864661654135336	122.0	167.0	121.0	289.0	0.2975609756097561	5.251340783868965	0.9267464440836632	0.9127462855576469
strain	CAMI_HIGH_S005	7.6893251931428335	9688.437351474917	na	0.0	0.0	na	0.0	0.0	1074.0	0.0	0.0	na	na	na
