tool	sample	Weighted UniFrac error	Unweighted UniFrac error	L1 norm error	Completeness (recall)	Purity (precision)	F1 score	True positives	False positives	False negatives	Taxon counts	Jaccard index	Shannon diversity	Shannon equitability	Bray-Curtis distance
Metalign	CAMI_MED_S001	9.75818109213351	2154.2406979726184	0.20886358990482495	0.9333333333333333	0.9333333333333333	0.9333333333333333	14.0	1.0	1.0	15.0	0.875	1.531090126045232	0.5653846909566371	0.1044317949524125
Bracken_custom	CAMI_MED_S001	8.651488928852483	3437.337460630237	0.18727146703731115	1.0	0.75	0.8571428571428571	15.0	5.0	0.0	20.0	0.75	1.5291381023820263	0.5104388385708217	0.0936357335186556
Bracken_original	CAMI_MED_S001	9.351455168850881	8140.450773286128	0.21188770064161136	1.0	0.46875	0.6382978723404256	15.0	17.0	0.0	32.0	0.46875	1.546987216818218	0.44636615720445255	0.1059438503208057
