tool	sample	Weighted UniFrac error	Unweighted UniFrac error	L1 norm error	Completeness (recall)	Purity (precision)	F1 score	True positives	False positives	False negatives	Taxon counts	Jaccard index	Shannon diversity	Shannon equitability	Bray-Curtis distance
Metalign	CAMI_MED_S001	9.75818109213351	2154.2406979726184	0.4843107454183514	0.7358490566037735	0.9285714285714286	0.8210526315789474	39.0	3.0	14.0	42.0	0.6964285714285714	2.8469091181335275	0.7616802470200809	0.24215537270917573
Bracken_custom	CAMI_MED_S001	8.651488928852483	3437.337460630237	0.46274076951785587	0.9056603773584906	0.6575342465753424	0.761904761904762	48.0	25.0	5.0	73.0	0.6153846153846154	2.9953923279466004	0.698151880709738	0.23137038475892788
Bracken_original	CAMI_MED_S001	9.351455168850881	8140.450773286128	0.8728710104943076	0.9056603773584906	0.3157894736842105	0.46829268292682924	48.0	104.0	5.0	152.0	0.3057324840764331	3.097675500233434	0.6165902010168881	0.4364355052471539
