tool	sample	Weighted UniFrac error	Unweighted UniFrac error	L1 norm error	Completeness (recall)	Purity (precision)	F1 score	True positives	False positives	False negatives	Taxon counts	Jaccard index	Shannon diversity	Shannon equitability	Bray-Curtis distance
Metalign	CAMI_MED_S001	9.75818109213351	2154.2406979726184	0.9018331050492248	0.7183098591549296	0.796875	0.7555555555555555	51.0	13.0	20.0	64.0	0.6071428571428571	3.125381009208444	0.7514952804789278	0.4509165525246123
Bracken_custom	CAMI_MED_S001	8.651488928852483	3437.337460630237	0.9519279862933149	0.8873239436619719	0.4772727272727273	0.6206896551724139	63.0	69.0	8.0	132.0	0.45	3.40754682900726	0.6978671023383061	0.4759639931466577
Bracken_original	CAMI_MED_S001	9.351455168850881	8140.450773286128	1.1619982136235338	0.6901408450704225	0.13031914893617022	0.2192393736017897	49.0	327.0	22.0	376.0	0.12311557788944724	3.6538979916891585	0.616214362130368	0.580999106811767
