tool	sample	Weighted UniFrac error	Unweighted UniFrac error	L1 norm error	Completeness (recall)	Purity (precision)	F1 score	True positives	False positives	False negatives	Taxon counts	Jaccard index	Shannon diversity	Shannon equitability	Bray-Curtis distance
Metalign	CAMI_MED_S001	9.75818109213351	2154.2406979726184	0.636648291464314	0.7586206896551724	0.8148148148148148	0.7857142857142857	22.0	5.0	7.0	27.0	0.6470588235294118	2.1713016326636754	0.6588013062964577	0.31832414573215706
Bracken_custom	CAMI_MED_S001	8.651488928852483	3437.337460630237	0.5949731351818677	0.9310344827586207	0.6428571428571429	0.7605633802816901	27.0	15.0	2.0	42.0	0.6136363636363636	2.2701246001542734	0.6073636334922756	0.2974865675909337
Bracken_original	CAMI_MED_S001	9.351455168850881	8140.450773286128	0.6021106405851003	0.9310344827586207	0.35064935064935066	0.5094339622641509	27.0	50.0	2.0	77.0	0.34177215189873417	2.4271365081367797	0.5587581100953225	0.30105532029255044
