tool	sample	Weighted UniFrac error	Unweighted UniFrac error	L1 norm error	Completeness (recall)	Purity (precision)	F1 score	True positives	False positives	False negatives	Taxon counts	Jaccard index	Shannon diversity	Shannon equitability	Bray-Curtis distance
Metalign	CAMI_MED_S001	9.75818109213351	2154.2406979726184	0.12003121230431806	1.0	1.0	1.0	6.0	0.0	0.0	6.0	1.0	0.9239797145648576	0.5156828974164352	0.06001560615215902
Bracken_custom	CAMI_MED_S001	8.651488928852483	3437.337460630237	0.13394421671414727	1.0	0.5	0.6666666666666666	6.0	6.0	0.0	12.0	0.5	0.921151163933088	0.37069849847746833	0.06697210835707365
Bracken_original	CAMI_MED_S001	9.351455168850881	8140.450773286128	0.1411823387707444	1.0	0.375	0.5454545454545454	6.0	10.0	0.0	16.0	0.375	0.9561780280770761	0.3448683248284464	0.0705911693853722
