tool	sample	Weighted UniFrac error	Unweighted UniFrac error	L1 norm error	Completeness (recall)	Purity (precision)	F1 score	True positives	False positives	False negatives	Taxon counts	Jaccard index	Shannon diversity	Shannon equitability	Bray-Curtis distance
Metalign	CAMI_MED_S001	9.75818109213351	2154.2406979726184	1.6676399162280315	0.5694444444444444	0.33884297520661155	0.42487046632124353	41.0	80.0	31.0	121.0	0.26973684210526316	3.4874950840792627	0.7271992074969389	0.8338199581140157
Bracken_custom	CAMI_MED_S001	8.651488928852483	3437.337460630237	1.697232391938757	0.6527777777777778	0.12947658402203857	0.21609195402298853	47.0	316.0	25.0	363.0	0.1211340206185567	4.029089984845406	0.6835450677757952	0.8486161959693781
Bracken_original	CAMI_MED_S001	9.351455168850881	8140.450773286128	1.8317728328235596	0.2638888888888889	0.02043010752688172	0.03792415169660679	19.0	911.0	53.0	930.0	0.019328585961342827	4.285520455143028	0.6269794767252351	0.915886416411779
