rank	sample	Weighted UniFrac error	Unweighted UniFrac error	L1 norm error	Completeness (recall)	Purity (precision)	F1 score	True positives	False positives	False negatives	Taxon counts	Jaccard index	Shannon diversity	Shannon equitability	Bray-Curtis distance
superkingdom	CAMI_HIGH_S004	7.580067019530648	21713.61195504922	0.011484025704025784	1.0	0.5	0.6666666666666666	2.0	2.0	0.0	4.0	0.5	0.05139886812310907	0.03707644607425764	0.005742012852012891
phylum	CAMI_HIGH_S004	7.580067019530648	21713.61195504922	0.050270992133078465	1.0	0.27906976744186046	0.43636363636363634	12.0	31.0	0.0	43.0	0.27906976744186046	1.2584298896963715	0.2384241288687417	0.02513549606653925
class	CAMI_HIGH_S004	7.580067019530648	21713.61195504922	0.12838400086145024	1.0	0.2692307692307692	0.42424242424242425	21.0	57.0	0.0	78.0	0.2692307692307692	2.106509194554983	0.3994897346679755	0.06419200043072514
order	CAMI_HIGH_S004	7.580067019530648	21713.61195504922	0.6443466556888103	1.0	0.26666666666666666	0.4210526315789474	40.0	110.0	0.0	150.0	0.26666666666666666	3.0322455523538547	0.5038130081711559	0.3221733278444053
family	CAMI_HIGH_S004	7.580067019530648	21713.61195504922	0.26675447888886406	0.9545454545454546	0.3230769230769231	0.4827586206896552	84.0	176.0	4.0	260.0	0.3181818181818182	3.734654093261697	0.550655903345294	0.133377239444432
genus	CAMI_HIGH_S004	7.580067019530648	21713.61195504922	0.4157289337659927	0.9587628865979382	0.28012048192771083	0.43356643356643354	186.0	478.0	8.0	664.0	0.2767857142857143	4.54282522231659	0.5565082878339659	0.20786446688299764
species	CAMI_HIGH_S004	7.580067019530648	21713.61195504922	1.7848043367970792	0.6460905349794238	0.05653583003240908	0.10397350993377484	157.0	2620.0	86.0	2777.0	0.05483758295494237	6.021650165934454	0.5875866912717489	0.8924021683985641
strain	CAMI_HIGH_S004	7.580067019530648	21713.61195504922	na	0.0	0.0	na	0.0	0.0	1074.0	0.0	0.0	na	na	na
