rank	sample	Weighted UniFrac error	Unweighted UniFrac error	L1 norm error	Completeness (recall)	Purity (precision)	F1 score	True positives	False positives	False negatives	Taxon counts	Jaccard index	Shannon diversity	Shannon equitability	Bray-Curtis distance
superkingdom	CAMI_HIGH_S004	8.37290213833136	32137.955494482227	0.011395974295974366	1.0	0.5	0.6666666666666666	2.0	2.0	0.0	4.0	0.5	0.10139439372516573	0.07314059450061981	0.005697987147987183
phylum	CAMI_HIGH_S004	8.37290213833136	32137.955494482227	0.22841986497287523	1.0	0.2926829268292683	0.45283018867924524	12.0	29.0	0.0	41.0	0.2926829268292683	1.1690382314017256	0.30710319986163553	0.11420993248643772
class	CAMI_HIGH_S004	8.37290213833136	32137.955494482227	0.31946336092418975	1.0	0.2625	0.4158415841584159	21.0	59.0	0.0	80.0	0.2625	1.9508424190051543	0.4357149126455673	0.15973168046209488
order	CAMI_HIGH_S004	8.37290213833136	32137.955494482227	0.8787559448039626	1.0	0.2222222222222222	0.3636363636363636	40.0	140.0	0.0	180.0	0.2222222222222222	3.015981289822798	0.5725251513527968	0.4393779724019816
family	CAMI_HIGH_S004	8.37290213833136	32137.955494482227	0.5732375290963985	0.9545454545454546	0.2222222222222222	0.3605150214592274	84.0	294.0	4.0	378.0	0.2198952879581152	3.7797788382427697	0.6086012287646075	0.2866187645481996
genus	CAMI_HIGH_S004	8.37290213833136	32137.955494482227	1.0359857537820591	0.6494845360824743	0.1005586592178771	0.1741534208707671	126.0	1127.0	68.0	1253.0	0.09538228614685844	4.8794560345959175	0.6448923425258715	0.5179928768910311
species	CAMI_HIGH_S004	8.37290213833136	32137.955494482227	1.9727520693851774	0.06584362139917696	0.003795066413662239	0.007176496972415339	16.0	4200.0	227.0	4216.0	0.0036011703803736214	6.658630253214229	0.750232108648814	0.9863760346925793
strain	CAMI_HIGH_S004	8.37290213833136	32137.955494482227	na	0.0	0.0	na	0.0	0.0	1074.0	0.0	0.0	na	na	na
