rank	sample	Weighted UniFrac error	Unweighted UniFrac error	L1 norm error	Completeness (recall)	Purity (precision)	F1 score	True positives	False positives	False negatives	Taxon counts	Jaccard index	Shannon diversity	Shannon equitability	Bray-Curtis distance
superkingdom	CAMI_HIGH_S004	8.618877108910992	14155.971250108318	0.031249414954229518	1.0	0.5	0.6666666666666666	2.0	2.0	0.0	4.0	0.5	0.12020909536508137	0.08671253287647569	0.015624707477114759
phylum	CAMI_HIGH_S004	8.618877108910992	14155.971250108318	0.0775614170438685	0.9166666666666666	0.8461538461538461	0.8799999999999999	11.0	2.0	1.0	13.0	0.7857142857142857	1.2310668159147655	0.479957552508218	0.03878070852193426
class	CAMI_HIGH_S004	8.618877108910992	14155.971250108318	0.17608121961347298	0.9523809523809523	0.7407407407407407	0.8333333333333334	20.0	7.0	1.0	27.0	0.7142857142857143	2.103986862760424	0.6383771249306913	0.0880406098067365
order	CAMI_HIGH_S004	8.618877108910992	14155.971250108318	0.7015980419359239	0.925	0.6491228070175439	0.7628865979381444	37.0	20.0	3.0	57.0	0.6166666666666667	2.9708630837845083	0.7348071758129587	0.35079902096796206
family	CAMI_HIGH_S004	8.618877108910992	14155.971250108318	0.3122218422904798	0.9090909090909091	0.7766990291262136	0.837696335078534	80.0	23.0	8.0	103.0	0.7207207207207207	3.6154530635410795	0.7800786351743304	0.15611092114523983
genus	CAMI_HIGH_S004	8.618877108910992	14155.971250108318	0.47029229724518684	0.8608247422680413	0.7389380530973452	0.7952380952380953	167.0	59.0	27.0	226.0	0.6600790513833992	4.408551422533868	0.8133055912609588	0.23514614862259353
species	CAMI_HIGH_S004	8.618877108910992	14155.971250108318	1.7689717068425048	0.6584362139917695	0.10276172125883108	0.17777777777777776	160.0	1397.0	83.0	1557.0	0.0975609756097561	6.290356967454895	0.8557707813171728	0.8844858534212559
strain	CAMI_HIGH_S004	8.618877108910992	14155.971250108318	1.9300782097653706	0.05493482309124767	0.03789338471419396	0.044849866970733565	59.0	1498.0	1015.0	1557.0	0.022939346811819597	6.290356967454902	0.8557707813171738	0.9650391048826852
