rank	sample	Weighted UniFrac error	Unweighted UniFrac error	L1 norm error	Completeness (recall)	Purity (precision)	F1 score	True positives	False positives	False negatives	Taxon counts	Jaccard index	Shannon diversity	Shannon equitability	Bray-Curtis distance
superkingdom	CAMI_HIGH_S002	8.42114715688639	10261.515057051161	0.00953168175401514	1.0	0.6666666666666666	0.8	2.0	1.0	0.0	3.0	0.6666666666666666	0.07429945562516303	0.06763027902704341	0.00476584087700757
phylum	CAMI_HIGH_S002	8.42114715688639	10261.515057051161	0.20594801523651604	0.4166666666666667	0.625	0.5	5.0	3.0	7.0	8.0	0.3333333333333333	1.11851864644754	0.5378937681239007	0.10297400761825803
class	CAMI_HIGH_S002	8.42114715688639	10261.515057051161	0.34124762088349864	0.6666666666666666	0.8235294117647058	0.7368421052631577	14.0	3.0	7.0	17.0	0.5833333333333334	1.9215595332572937	0.678226204633874	0.17062381044174935
order	CAMI_HIGH_S002	8.42114715688639	10261.515057051161	0.8725210545368094	0.725	0.6590909090909091	0.6904761904761905	29.0	15.0	11.0	44.0	0.5272727272727272	2.882112984593379	0.7616195971683255	0.43626052726840464
family	CAMI_HIGH_S002	8.42114715688639	10261.515057051161	0.6390230480155306	0.5909090909090909	0.7323943661971831	0.6540880503144655	52.0	19.0	36.0	71.0	0.48598130841121495	3.5520438104320413	0.8332888963966678	0.3195115240077653
genus	CAMI_HIGH_S002	8.42114715688639	10261.515057051161	1.0072792482627415	0.39690721649484534	0.616	0.48275862068965514	77.0	48.0	117.0	125.0	0.3181818181818182	4.110735798021946	0.8513812526852732	0.5036396241313708
species	CAMI_HIGH_S002	8.42114715688639	10261.515057051161	1.9724989675673148	0.03292181069958848	0.04938271604938271	0.03950617283950618	8.0	154.0	235.0	162.0	0.020151133501259445	4.464080332094912	0.8774438925471488	0.9862494837836571
strain	CAMI_HIGH_S002	8.42114715688639	10261.515057051161	na	0.0	0.0	na	0.0	0.0	1074.0	0.0	0.0	na	na	na
