rank	sample	Weighted UniFrac error	Unweighted UniFrac error	L1 norm error	Completeness (recall)	Purity (precision)	F1 score	True positives	False positives	False negatives	Taxon counts	Jaccard index	Shannon diversity	Shannon equitability	Bray-Curtis distance
superkingdom	CAMI_HIGH_S002	8.653048103711606	11083.093494844474	0.015135398495331165	1.0	1.0	1.0	2.0	0.0	0.0	2.0	1.0	0.08012084872034225	0.11558995112065262	0.007567699247665582
phylum	CAMI_HIGH_S002	8.653048103711606	11083.093494844474	0.18688361635497588	0.4166666666666667	1.0	0.5882352941176471	5.0	0.0	7.0	5.0	0.4166666666666667	1.0913951023481545	0.6781219044961715	0.09344180817748794
class	CAMI_HIGH_S002	8.653048103711606	11083.093494844474	0.3108624110188442	0.5714285714285714	1.0	0.7272727272727273	12.0	0.0	9.0	12.0	0.5714285714285714	1.9335646421792232	0.7781236539989078	0.1554312055094221
order	CAMI_HIGH_S002	8.653048103711606	11083.093494844474	0.9174009893806327	0.45	0.75	0.5625000000000001	18.0	6.0	22.0	24.0	0.391304347826087	2.7094240491631716	0.8525418994764268	0.45870049469031643
family	CAMI_HIGH_S002	8.653048103711606	11083.093494844474	0.6894004731670464	0.375	0.9705882352941176	0.540983606557377	33.0	1.0	55.0	34.0	0.3707865168539326	3.2420341873492458	0.9193711660273692	0.3447002365835232
genus	CAMI_HIGH_S002	8.653048103711606	11083.093494844474	1.0915162822212796	0.20103092783505155	0.8478260869565217	0.325	39.0	7.0	155.0	46.0	0.19402985074626866	3.501892140505611	0.9146566047467604	0.5457581411106397
species	CAMI_HIGH_S002	8.653048103711606	11083.093494844474	1.9762855073906165	0.024691358024691357	0.15	0.04240282685512367	6.0	34.0	237.0	40.0	0.021660649819494584	3.374629035598023	0.9148114156548398	0.9881427536953082
strain	CAMI_HIGH_S002	8.653048103711606	11083.093494844474	na	0.0	0.0	na	0.0	0.0	1074.0	0.0	0.0	na	na	na
