rank	sample	Weighted UniFrac error	Unweighted UniFrac error	L1 norm error	Completeness (recall)	Purity (precision)	F1 score	True positives	False positives	False negatives	Taxon counts	Jaccard index	Shannon diversity	Shannon equitability	Bray-Curtis distance
superkingdom	CAMI_HIGH_S002	11.694800388809835	11315.961378019958	0.09667998345332761	1.0	1.0	1.0	2.0	0.0	0.0	2.0	1.0	0.216689845862579	0.3126173660369366	0.048339991726663804
phylum	CAMI_HIGH_S002	11.694800388809835	11315.961378019958	0.7466797740015374	0.3333333333333333	1.0	0.5	4.0	0.0	8.0	4.0	0.3333333333333333	0.531063053551494	0.38308101687904517	0.37333988700076876
class	CAMI_HIGH_S002	11.694800388809835	11315.961378019958	1.502029803365077	0.42857142857142855	0.8181818181818182	0.5625	9.0	2.0	12.0	11.0	0.391304347826087	1.2149549566350522	0.5066755710382572	0.7510149016825386
order	CAMI_HIGH_S002	11.694800388809835	11315.961378019958	1.2879075873526933	0.325	0.7647058823529411	0.456140350877193	13.0	4.0	27.0	17.0	0.29545454545454547	2.1155491026687816	0.7466960111235468	0.6439537936763466
family	CAMI_HIGH_S002	11.694800388809835	11315.961378019958	1.6648972574407759	0.23863636363636365	0.875	0.37499999999999994	21.0	3.0	67.0	24.0	0.23076923076923078	1.454210085721683	0.4575788087146625	0.8324486287203878
genus	CAMI_HIGH_S002	11.694800388809835	11315.961378019958	1.8421865165406561	0.0979381443298969	0.6785714285714286	0.17117117117117117	19.0	9.0	175.0	28.0	0.09359605911330049	1.5984048362332235	0.4796838943565265	0.9210932582703276
species	CAMI_HIGH_S002	11.694800388809835	11315.961378019958	1.9947903618261884	0.00411522633744856	0.03571428571428571	0.007380073800738007	1.0	27.0	242.0	28.0	0.003703703703703704	1.5306095549995224	0.4593384200536493	0.9973951809130938
strain	CAMI_HIGH_S002	11.694800388809835	11315.961378019958	na	0.0	0.0	na	0.0	0.0	1074.0	0.0	0.0	na	na	na
