rank	sample	Weighted UniFrac error	Unweighted UniFrac error	L1 norm error	Completeness (recall)	Purity (precision)	F1 score	True positives	False positives	False negatives	Taxon counts	Jaccard index	Shannon diversity	Shannon equitability	Bray-Curtis distance
superkingdom	CAMI_HIGH_S002	10.176015184965287	10152.348510362131	0.008492215939015987	1.0	1.0	1.0	2.0	0.0	0.0	2.0	1.0	0.024541875272791634	0.03540644175017197	0.004246107969507994
phylum	CAMI_HIGH_S002	10.176015184965287	10152.348510362131	0.16679443406498898	0.5833333333333334	1.0	0.7368421052631579	7.0	0.0	5.0	7.0	0.5833333333333334	1.2511877167924916	0.6429832936530545	0.08339721703249448
class	CAMI_HIGH_S002	10.176015184965287	10152.348510362131	0.3380401719057815	0.7619047619047619	0.8888888888888888	0.8205128205128205	16.0	2.0	5.0	18.0	0.6956521739130435	2.217254145827156	0.7671172885528901	0.1690200859528908
order	CAMI_HIGH_S002	10.176015184965287	10152.348510362131	0.6516792449489202	0.75	0.7142857142857143	0.7317073170731706	30.0	12.0	10.0	42.0	0.5769230769230769	3.010471259759469	0.805440706967063	0.3258396224744601
family	CAMI_HIGH_S002	10.176015184965287	10152.348510362131	0.3513051617319858	0.6931818181818182	0.8840579710144928	0.7770700636942676	61.0	8.0	27.0	69.0	0.6354166666666666	3.699669755582138	0.8737781516750117	0.1756525808659928
genus	CAMI_HIGH_S002	10.176015184965287	10152.348510362131	0.5399965505699101	0.6597938144329897	0.920863309352518	0.7687687687687689	128.0	11.0	66.0	139.0	0.624390243902439	4.335659632931237	0.8786467801199762	0.2699982752849549
species	CAMI_HIGH_S002	10.176015184965287	10152.348510362131	1.830295440162621	0.31275720164609055	0.5891472868217055	0.40860215053763443	76.0	53.0	167.0	129.0	0.25675675675675674	4.520025646286836	0.9300823303858647	0.9151477200813104
strain	CAMI_HIGH_S002	10.176015184965287	10152.348510362131	2.0000000000000004	0.0	0.0	na	0.0	55.0	1074.0	55.0	0.0	3.4508837632272997	0.861142211968858	1.0
