rank	sample	Weighted UniFrac error	Unweighted UniFrac error	L1 norm error	Completeness (recall)	Purity (precision)	F1 score	True positives	False positives	False negatives	Taxon counts	Jaccard index	Shannon diversity	Shannon equitability	Bray-Curtis distance
superkingdom	CAMI_HIGH_S002	8.824281234273057	9996.62431139113	0.028469184475374703	1.0	0.5	0.6666666666666666	2.0	2.0	0.0	4.0	0.5	0.1015363008766814	0.07324295887249899	0.014234592237687351
phylum	CAMI_HIGH_S002	8.824281234273057	9996.62431139113	0.1107186840822749	0.5833333333333334	1.0	0.7368421052631579	7.0	0.0	5.0	7.0	0.5833333333333334	1.1607078251377407	0.5964858273138834	0.05535934204113745
class	CAMI_HIGH_S002	8.824281234273057	9996.62431139113	0.2081127255984914	0.7142857142857143	0.8333333333333334	0.7692307692307692	15.0	3.0	6.0	18.0	0.625	2.0869099044550596	0.7220212758977668	0.10405636279924568
order	CAMI_HIGH_S002	8.824281234273057	9996.62431139113	0.7373104035597361	0.7	0.7	0.7	28.0	12.0	12.0	40.0	0.5384615384615384	2.896551098046217	0.7852116432853089	0.368655201779868
family	CAMI_HIGH_S002	8.824281234273057	9996.62431139113	0.37328357470175794	0.5909090909090909	0.8524590163934426	0.697986577181208	52.0	9.0	36.0	61.0	0.5360824742268041	3.554145122178593	0.8645716797961945	0.1866417873508789
genus	CAMI_HIGH_S002	8.824281234273057	9996.62431139113	0.5486507115585774	0.5103092783505154	0.853448275862069	0.6387096774193548	99.0	17.0	95.0	116.0	0.46919431279620855	4.203061098675428	0.8841866735881149	0.2743253557792885
species	CAMI_HIGH_S002	8.824281234273057	9996.62431139113	1.8237279914522582	0.2674897119341564	0.23897058823529413	0.2524271844660194	65.0	207.0	178.0	272.0	0.14444444444444443	5.398430645358821	0.963007716204615	0.911863995726129
strain	CAMI_HIGH_S002	8.824281234273057	9996.62431139113	1.9532521402435796	0.0223463687150838	0.08823529411764706	0.03566121842496285	24.0	248.0	1050.0	272.0	0.018154311649016642	5.398430645358815	0.9630077162046139	0.9766260701217896
