rank	sample	Weighted UniFrac error	Unweighted UniFrac error	L1 norm error	Completeness (recall)	Purity (precision)	F1 score	True positives	False positives	False negatives	Taxon counts	Jaccard index	Shannon diversity	Shannon equitability	Bray-Curtis distance
superkingdom	CAMI_HIGH_S002	9.745760372349421	11134.225636969375	0.07628158406098408	1.0	1.0	1.0	2.0	0.0	0.0	2.0	1.0	0.1868989257277592	0.2696381532949129	0.03814079203049204
phylum	CAMI_HIGH_S002	9.745760372349421	11134.225636969375	0.4987074928703798	0.4166666666666667	1.0	0.5882352941176471	5.0	0.0	7.0	5.0	0.4166666666666667	0.9186928296791398	0.570815949209073	0.24935374643518987
class	CAMI_HIGH_S002	9.745760372349421	11134.225636969375	0.9919381115043464	0.47619047619047616	1.0	0.6451612903225806	10.0	0.0	11.0	10.0	0.47619047619047616	1.7517084174726056	0.7607572996118304	0.49596905575217304
order	CAMI_HIGH_S002	9.745760372349421	11134.225636969375	1.0295128853155768	0.5	1.0	0.6666666666666666	20.0	0.0	20.0	20.0	0.5	2.3492840596169398	0.7842102848629606	0.5147564426577884
family	CAMI_HIGH_S002	9.745760372349421	11134.225636969375	1.2258326874611658	0.42045454545454547	1.0	0.5920000000000001	37.0	0.0	51.0	37.0	0.42045454545454547	2.7693916863589103	0.7669494996442398	0.6129163437305828
genus	CAMI_HIGH_S002	9.745760372349421	11134.225636969375	1.4806989373494914	0.19072164948453607	0.8409090909090909	0.3109243697478991	37.0	7.0	157.0	44.0	0.18407960199004975	2.8444090934366075	0.751656066054867	0.7403494686747463
species	CAMI_HIGH_S002	9.745760372349421	11134.225636969375	1.9606222737771255	0.01646090534979424	0.16666666666666666	0.029962546816479405	4.0	20.0	239.0	24.0	0.015209125475285171	2.168149812838232	0.6822256414079854	0.9803111368885624
strain	CAMI_HIGH_S002	9.745760372349421	11134.225636969375	na	0.0	0.0	na	0.0	0.0	1074.0	0.0	0.0	na	na	na
