rank	sample	Weighted UniFrac error	Unweighted UniFrac error	L1 norm error	Completeness (recall)	Purity (precision)	F1 score	True positives	False positives	False negatives	Taxon counts	Jaccard index	Shannon diversity	Shannon equitability	Bray-Curtis distance
superkingdom	CAMI_HIGH_S002	7.751889401807513	9978.750957183367	0.003987999530342517	1.0	1.0	1.0	2.0	0.0	0.0	2.0	1.0	0.036552735862320586	0.05273445075949408	0.0019939997651712586
phylum	CAMI_HIGH_S002	7.751889401807513	9978.750957183367	0.056022548628273904	0.75	1.0	0.8571428571428571	9.0	0.0	3.0	9.0	0.75	1.2619511871846976	0.5743387363319091	0.028011274314136952
class	CAMI_HIGH_S002	7.751889401807513	9978.750957183367	0.10624657787260058	0.8571428571428571	0.9	0.8780487804878048	18.0	2.0	3.0	20.0	0.782608695652174	2.146547853610649	0.716535276720202	0.05312328893630029
order	CAMI_HIGH_S002	7.751889401807513	9978.750957183367	0.5981176297829961	0.825	0.75	0.7857142857142856	33.0	11.0	7.0	44.0	0.6470588235294118	2.9423855978534275	0.7775470794276224	0.29905881489149805
family	CAMI_HIGH_S002	7.751889401807513	9978.750957183367	0.25999241390350325	0.7840909090909091	0.8734177215189873	0.8263473053892215	69.0	10.0	19.0	79.0	0.7040816326530612	3.665978329103961	0.8390026504227813	0.12999620695175168
genus	CAMI_HIGH_S002	7.751889401807513	9978.750957183367	0.4125142119422622	0.6597938144329897	0.8951048951048951	0.7596439169139465	128.0	15.0	66.0	143.0	0.6124401913875598	4.403951204971039	0.8873844605408092	0.206257105971131
species	CAMI_HIGH_S002	7.751889401807513	9978.750957183367	1.829887124506232	0.4403292181069959	0.4672489082969432	0.45338983050847453	107.0	122.0	136.0	229.0	0.29315068493150687	5.095042674311415	0.9376708397998108	0.9149435622531172
strain	CAMI_HIGH_S002	7.751889401807513	9978.750957183367	na	0.0	0.0	na	0.0	0.0	1074.0	0.0	0.0	na	na	na
