tool	sample	Weighted UniFrac error	Unweighted UniFrac error	L1 norm error	Completeness (recall)	Purity (precision)	F1 score	True positives	False positives	False negatives	Taxon counts	Jaccard index	Shannon diversity	Shannon equitability	Bray-Curtis distance
Metalign	CAMI_low_S001	8.566899747708412	827.0853864788289	0.6265662352386585	0.9166666666666666	0.9166666666666666	0.9166666666666666	11.0	1.0	1.0	12.0	0.8461538461538461	2.234802469660449	0.8993506737370238	0.31328311761932925
Bracken+Kraken2	CAMI_low_S001	11.542445504005375	9939.464139429378	1.1065762265762262	1.0	0.21428571428571427	0.35294117647058826	12.0	44.0	0.0	56.0	0.21428571428571427	2.095464072767305	0.5205667066533037	0.5532881132881132
CLARK	CAMI_low_S001	11.19206629848641	1522.309781736103	1.1215704854383264	1.0	0.8	0.888888888888889	12.0	3.0	0.0	15.0	0.8	1.8918236961525838	0.6985925502350688	0.5607852427191631
GOTTCHA	CAMI_low_S001	12.253646571771057	776.8225295298657	1.651629508643807	0.4166666666666667	1.0	0.5882352941176471	5.0	0.0	7.0	5.0	0.4166666666666667	0.7756299750865061	0.4819259998128476	0.8258147543219035
MEGAN+DIAMOND	CAMI_low_S001	9.936550331553379	621.0824289187366	0.9947626202662825	0.9166666666666666	0.9166666666666666	0.9166666666666666	11.0	1.0	1.0	12.0	0.8461538461538461	2.153828282299609	0.8667642635522597	0.49738131013314146
MetaBinG2	CAMI_low_S001	12.617046928617892	801.5674952968126	1.292536512220336	0.5833333333333334	0.875	0.7000000000000001	7.0	1.0	5.0	8.0	0.5384615384615384	1.9268034786383879	0.9265966077997354	0.646268256110168
MetaPhlAn2	CAMI_low_S001	11.82375353118827	774.7699022116465	1.4374955599468722	0.5	1.0	0.6666666666666666	6.0	0.0	6.0	6.0	0.5	1.3911730545157543	0.7764284650970001	0.7187477799734361
mOTUs2	CAMI_low_S001	9.720076430623882	636.760210664557	0.6744317837012934	0.75	0.9	0.8181818181818182	9.0	1.0	3.0	10.0	0.6923076923076923	1.7518820176821104	0.7608326932248756	0.3372158918506467
