tool	sample	Weighted UniFrac error	Unweighted UniFrac error	L1 norm error	Completeness (recall)	Purity (precision)	F1 score	True positives	False positives	False negatives	Taxon counts	Jaccard index	Shannon diversity	Shannon equitability	Bray-Curtis distance
Metalign	CAMI_low_S001	8.566899747708414	827.0853864788289	0.7206540250037987	0.9375	0.6818181818181818	0.7894736842105263	15.0	7.0	1.0	22.0	0.6521739130434783	2.2505209423190413	0.7280783024749221	0.36032701250189936
Bracken+Kraken2	CAMI_low_S001	11.542445504005368	9939.464139429378	1.4697977690819803	0.8125	0.05752212389380531	0.10743801652892561	13.0	213.0	3.0	226.0	0.056768558951965066	3.1241813591535372	0.5763603333569404	0.7348988845409903
CLARK	CAMI_low_S001	11.192066298486413	1522.3097817361029	1.356434694376992	0.75	0.2	0.31578947368421056	12.0	48.0	4.0	60.0	0.1875	2.4753656201491028	0.6045816570957236	0.678217347188496
GOTTCHA	CAMI_low_S001	12.253646571771053	776.8225295298657	1.7046690600116516	0.3125	0.625	0.4166666666666667	5.0	3.0	11.0	8.0	0.2631578947368421	0.8777696106127455	0.42211795475801484	0.8523345300058258
MEGAN+DIAMOND	CAMI_low_S001	9.936550331553374	621.0824289187366	0.8445802017624819	0.9375	0.8333333333333334	0.8823529411764706	15.0	3.0	1.0	18.0	0.7894736842105263	2.235402942794773	0.7733963413833906	0.42229010088124097
MetaPhlAn2	CAMI_low_S001	11.823753531188267	774.7699022116466	1.559748717122673	0.375	1.0	0.5454545454545454	6.0	0.0	10.0	6.0	0.375	1.2999544793970828	0.7255184089844063	0.7798743585613364
mOTUs2	CAMI_low_S001	9.720076430623878	636.7602106645569	1.2438080680854997	0.8125	0.7647058823529411	0.787878787878788	13.0	4.0	3.0	17.0	0.65	1.746900006795944	0.6165790551780213	0.6219040340427499
