tool	sample	Weighted UniFrac error	Unweighted UniFrac error	L1 norm error	Completeness (recall)	Purity (precision)	F1 score	True positives	False positives	False negatives	Taxon counts	Jaccard index	Shannon diversity	Shannon equitability	Bray-Curtis distance
Metalign	CAMI_low_S001	8.566899747708412	827.0853864788289	0.7206540250037989	0.9375	0.6818181818181818	0.7894736842105263	15.0	7.0	1.0	22.0	0.6521739130434783	2.2505209423190413	0.7280783024749221	0.3603270125018995
Bracken+Kraken2	CAMI_low_S001	11.542445504005375	9939.464139429378	1.4697977690819797	0.8125	0.05752212389380531	0.10743801652892561	13.0	213.0	3.0	226.0	0.056768558951965066	3.124181359153539	0.5763603333569407	0.7348988845409902
CLARK	CAMI_low_S001	11.19206629848641	1522.309781736103	1.3564346943769923	0.75	0.2	0.31578947368421056	12.0	48.0	4.0	60.0	0.1875	2.4753656201491028	0.6045816570957236	0.6782173471884961
GOTTCHA	CAMI_low_S001	12.253646571771057	776.8225295298657	1.704669060011652	0.3125	0.625	0.4166666666666667	5.0	3.0	11.0	8.0	0.2631578947368421	0.8777696106127456	0.4221179547580149	0.852334530005826
MEGAN+DIAMOND	CAMI_low_S001	9.936550331553379	621.0824289187366	0.8445802017624819	0.9375	0.8333333333333334	0.8823529411764706	15.0	3.0	1.0	18.0	0.7894736842105263	2.235402942794773	0.7733963413833906	0.42229010088124097
MetaBinG2	CAMI_low_S001	12.617046928617892	801.5674952968126	1.7347065412904945	0.4375	0.7777777777777778	0.56	7.0	2.0	9.0	9.0	0.3888888888888889	1.8696302152457238	0.8509053806017175	0.8673532706452473
MetaPhlAn2	CAMI_low_S001	11.82375353118827	774.7699022116465	1.559748717122673	0.375	1.0	0.5454545454545454	6.0	0.0	10.0	6.0	0.375	1.2999544793970828	0.7255184089844063	0.7798743585613365
mOTUs2	CAMI_low_S001	9.720076430623882	636.760210664557	1.2438080680854997	0.8125	0.7647058823529411	0.787878787878788	13.0	4.0	3.0	17.0	0.65	1.746900006795944	0.6165790551780213	0.6219040340427497
