tool	sample	Weighted UniFrac error	Unweighted UniFrac error	L1 norm error	Completeness (recall)	Purity (precision)	F1 score	True positives	False positives	False negatives	Taxon counts	Jaccard index	Shannon diversity	Shannon equitability	Bray-Curtis distance
Metalign	CAMI_low_S001	8.566899747708412	827.0853864788289	0.5790050896237107	0.8636363636363636	0.6785714285714286	0.76	19.0	9.0	3.0	28.0	0.6129032258064516	2.438736600714587	0.7318688253580092	0.2895025448118553
Bracken+Kraken2	CAMI_low_S001	11.542445504005375	9939.464139429378	1.7251760281736888	0.5	0.02131782945736434	0.040892193308550186	11.0	505.0	11.0	516.0	0.020872865275142316	3.6148264539716157	0.5787327353974423	0.8625880140868476
CLARK	CAMI_low_S001	11.19206629848641	1522.309781736103	1.7135627470280343	0.5454545454545454	0.12121212121212122	0.19834710743801653	12.0	87.0	10.0	99.0	0.11009174311926606	2.7703340163655725	0.6028861284835542	0.856781373514017
GOTTCHA	CAMI_low_S001	12.253646571771057	776.8225295298657	1.8454543596256874	0.22727272727272727	0.45454545454545453	0.30303030303030304	5.0	6.0	17.0	11.0	0.17857142857142858	0.998747066857896	0.4165098777197	0.9227271798128439
MEGAN+DIAMOND	CAMI_low_S001	9.936550331553379	621.0824289187366	0.6002229489956092	0.8181818181818182	0.782608695652174	0.8	18.0	5.0	4.0	23.0	0.6666666666666666	2.442902299713757	0.7791123604384788	0.3001114744978047
MetaBinG2	CAMI_low_S001	12.617046928617892	801.5674952968126	1.9141037152499425	0.09090909090909091	0.2	0.12500000000000003	2.0	8.0	20.0	10.0	0.06666666666666667	2.000154395639775	0.8686560169808878	0.9570518576249711
MetaPhlAn2	CAMI_low_S001	11.82375353118827	774.7699022116465	1.723809377006146	0.2727272727272727	0.6666666666666666	0.3870967741935484	6.0	3.0	16.0	9.0	0.24	1.535159920139544	0.6986813892281679	0.8619046885030732
mOTUs2	CAMI_low_S001	9.720076430623882	636.760210664557	0.9104858382120026	0.6818181818181818	0.7142857142857143	0.6976744186046512	15.0	6.0	7.0	21.0	0.5357142857142857	1.915049046022183	0.6290145943066798	0.4552429191060013
