tool	sample	Weighted UniFrac error	Unweighted UniFrac error	L1 norm error	Completeness (recall)	Purity (precision)	F1 score	True positives	False positives	False negatives	Taxon counts	Jaccard index	Shannon diversity	Shannon equitability	Bray-Curtis distance
Metalign	CAMI_low_S001	8.566899747708414	827.0853864788289	0.8903815481943279	0.8571428571428571	0.75	0.7999999999999999	12.0	4.0	2.0	16.0	0.6666666666666666	2.3176130951993263	0.8359022297858473	0.44519077409716395
Bracken+Kraken2	CAMI_low_S001	11.542445504005368	9939.464139429378	1.3861932941349866	0.9285714285714286	0.11016949152542373	0.196969696969697	13.0	105.0	1.0	118.0	0.1092436974789916	2.711186855696996	0.5683014219370368	0.6930966470674936
CLARK	CAMI_low_S001	11.192066298486413	1522.3097817361029	1.3969378470181286	0.9285714285714286	0.3333333333333333	0.4905660377358491	13.0	26.0	1.0	39.0	0.325	2.3350477396961598	0.6373709426079975	0.6984689235090645
GOTTCHA	CAMI_low_S001	12.253646571771053	776.8225295298657	1.660627661705589	0.42857142857142855	0.75	0.5454545454545454	6.0	2.0	8.0	8.0	0.375	0.9952557509785371	0.4786168454509856	0.8303138308527948
MEGAN+DIAMOND	CAMI_low_S001	9.936550331553374	621.0824289187366	1.0402533672923842	0.8571428571428571	0.8	0.8275862068965518	12.0	3.0	2.0	15.0	0.7058823529411765	2.2919173992931614	0.8463349011625865	0.5201266836461922
MetaPhlAn2	CAMI_low_S001	11.823753531188267	774.7699022116466	1.4374940673741632	0.5	1.0	0.6666666666666666	7.0	0.0	7.0	7.0	0.5	1.5042603689907064	0.7730369101168335	0.7187470336870816
mOTUs2	CAMI_low_S001	9.720076430623878	636.7602106645569	0.9472463900711758	0.7142857142857143	0.7692307692307693	0.7407407407407408	10.0	3.0	4.0	13.0	0.5882352941176471	1.857597530385539	0.7242238623471127	0.4736231950355879
