tool	sample	Weighted UniFrac error	Unweighted UniFrac error	L1 norm error	Completeness (recall)	Purity (precision)	F1 score	True positives	False positives	False negatives	Taxon counts	Jaccard index	Shannon diversity	Shannon equitability	Bray-Curtis distance
Metalign	CAMI_low_S001	8.566899747708414	827.0853864788289	0.3136659137962038	1.0	1.0	1.0	6.0	0.0	0.0	6.0	1.0	1.6510339508687808	0.9214595927767565	0.1568329568981019
Bracken+Kraken2	CAMI_low_S001	11.542445504005368	9939.464139429378	0.8915559113063789	1.0	0.21428571428571427	0.35294117647058826	6.0	22.0	0.0	28.0	0.21428571428571427	1.1460478596826387	0.3439308290301728	0.44577795565318956
CLARK	CAMI_low_S001	11.192066298486413	1522.3097817361029	1.025857400269226	1.0	0.8571428571428571	0.923076923076923	6.0	1.0	0.0	7.0	0.8571428571428571	0.9027686959819646	0.46393133640843304	0.512928700134613
GOTTCHA	CAMI_low_S001	12.253646571771053	776.8225295298657	1.4899965825965824	0.5	1.0	0.6666666666666666	3.0	0.0	3.0	3.0	0.5	0.2078166599963056	0.1891628758752096	0.7449982912982912
MEGAN+DIAMOND	CAMI_low_S001	9.936550331553374	621.0824289187366	0.7047801667284204	1.0	1.0	1.0	6.0	0.0	0.0	6.0	1.0	1.3679527235139226	0.7634689516128405	0.3523900833642102
MetaPhlAn2	CAMI_low_S001	11.823753531188267	774.7699022116466	1.3455019825965826	0.5	1.0	0.6666666666666666	3.0	0.0	3.0	3.0	0.5	0.39210906836807224	0.35691305514472377	0.6727509912982913
mOTUs2	CAMI_low_S001	9.720076430623878	636.7602106645569	0.638055413334881	0.6666666666666666	1.0	0.8	4.0	0.0	2.0	4.0	0.6666666666666666	1.0818336998136364	0.7803780568938464	0.3190277066674405
