tool	sample	Weighted UniFrac error	Unweighted UniFrac error	L1 norm error	Completeness (recall)	Purity (precision)	F1 score	True positives	False positives	False negatives	Taxon counts	Jaccard index	Shannon diversity	Shannon equitability	Bray-Curtis distance
Metalign	CAMI_low_S001	8.566899747708414	827.0853864788289	1.5465343961573437	0.782608695652174	0.24324324324324326	0.3711340206185567	18.0	56.0	5.0	74.0	0.22784810126582278	2.544457985715281	0.5911755353637215	0.7732671980786722
Bracken+Kraken2	CAMI_low_S001	11.542445504005368	9939.464139429378	1.944412332701545	0.17391304347826086	0.003745318352059925	0.007332722273143904	4.0	1064.0	19.0	1068.0	0.0036798528058877645	4.284535465437072	0.6143986569587259	0.9722061663507768
CLARK	CAMI_low_S001	11.192066298486413	1522.3097817361029	1.9444123327015546	0.17391304347826086	0.041666666666666664	0.06722689075630252	4.0	92.0	19.0	96.0	0.034782608695652174	2.84467279423679	0.6232374645638022	0.9722061663507766
GOTTCHA	CAMI_low_S001	12.253646571771053	776.8225295298657	1.9340932614627722	0.21739130434782608	0.45454545454545453	0.29411764705882354	5.0	6.0	18.0	11.0	0.1724137931034483	0.9987470668578962	0.41650987771970005	0.9670466307313861
MEGAN+DIAMOND	CAMI_low_S001	9.936550331553374	621.0824289187366	1.5241945131539876	0.7391304347826086	0.6538461538461539	0.693877551020408	17.0	9.0	6.0	26.0	0.53125	2.2750707245090633	0.6982821711877902	0.7620972565769938
MetaPhlAn2	CAMI_low_S001	11.823753531188267	774.7699022116466	1.9340932614627724	0.21739130434782608	1.0	0.3571428571428571	5.0	0.0	18.0	5.0	0.21739130434782608	1.112005249527211	0.6909277089449345	0.9670466307313861
mOTUs2	CAMI_low_S001	9.720076430623878	636.7602106645569	1.7962733948982659	0.5652173913043478	0.6190476190476191	0.5909090909090909	13.0	8.0	10.0	21.0	0.41935483870967744	1.4083645138881453	0.4625896319362541	0.8981366974491327
