tool	sample	Weighted UniFrac error	Unweighted UniFrac error	L1 norm error	Completeness (recall)	Purity (precision)	F1 score	True positives	False positives	False negatives	Taxon counts	Jaccard index	Shannon diversity	Shannon equitability	Bray-Curtis distance
Metalign	CAMI_low_S001	8.566899747708412	827.0853864788289	1.8407009557942646	0.15	0.12162162162162163	0.13432835820895522	9.0	65.0	51.0	74.0	0.072	2.54445798571528	0.5911755353637212	0.9203504778971325
Bracken+Kraken2	CAMI_low_S001	11.542445504005375	9939.464139429378	na	0.0	0.0	na	0.0	0.0	60.0	0.0	0.0	na	na	na
CLARK	CAMI_low_S001	11.19206629848641	1522.309781736103	na	0.0	0.0	na	0.0	0.0	60.0	0.0	0.0	na	na	na
GOTTCHA	CAMI_low_S001	12.253646571771057	776.8225295298657	na	0.0	0.0	na	0.0	0.0	60.0	0.0	0.0	na	na	na
MEGAN+DIAMOND	CAMI_low_S001	9.936550331553379	621.0824289187366	2.000000000000001	0.0	0.0	na	0.0	14.0	60.0	14.0	0.0	1.4940964536031955	0.5661477819509955	1.0
MetaBinG2	CAMI_low_S001	12.617046928617892	801.5674952968126	2.000000000000001	0.0	0.0	na	0.0	9.0	60.0	9.0	0.0	1.869630215245724	0.8509053806017176	1.0
MetaPhlAn2	CAMI_low_S001	11.82375353118827	774.7699022116465	na	0.0	0.0	na	0.0	0.0	60.0	0.0	0.0	na	na	na
mOTUs2	CAMI_low_S001	9.720076430623882	636.760210664557	na	0.0	0.0	na	0.0	0.0	60.0	0.0	0.0	na	na	na
