tool	sample	Weighted UniFrac error	Unweighted UniFrac error	L1 norm error	Completeness (recall)	Purity (precision)	F1 score	True positives	False positives	False negatives	Taxon counts	Jaccard index	Shannon diversity	Shannon equitability	Bray-Curtis distance
Metalign	CAMI_low_S001	8.566899747708414	827.0853864788289	1.8407009557942637	0.15	0.12162162162162163	0.13432835820895522	9.0	65.0	51.0	74.0	0.072	2.5444579857152805	0.5911755353637214	0.9203504778971326
Bracken+Kraken2	CAMI_low_S001	11.542445504005368	9939.464139429378	na	0.0	0.0	na	0.0	0.0	60.0	0.0	0.0	na	na	na
CLARK	CAMI_low_S001	11.192066298486413	1522.3097817361029	na	0.0	0.0	na	0.0	0.0	60.0	0.0	0.0	na	na	na
GOTTCHA	CAMI_low_S001	12.253646571771053	776.8225295298657	na	0.0	0.0	na	0.0	0.0	60.0	0.0	0.0	na	na	na
MEGAN+DIAMOND	CAMI_low_S001	9.936550331553374	621.0824289187366	2.0000000000000004	0.0	0.0	na	0.0	14.0	60.0	14.0	0.0	1.4940964536031955	0.5661477819509955	1.0
MetaPhlAn2	CAMI_low_S001	11.823753531188267	774.7699022116466	na	0.0	0.0	na	0.0	0.0	60.0	0.0	0.0	na	na	na
mOTUs2	CAMI_low_S001	9.720076430623878	636.7602106645569	na	0.0	0.0	na	0.0	0.0	60.0	0.0	0.0	na	na	na
