tool	sample	Weighted UniFrac error	Unweighted UniFrac error	L1 norm error	Completeness (recall)	Purity (precision)	F1 score	True positives	False positives	False negatives	Taxon counts	Jaccard index	Shannon diversity	Shannon equitability	Bray-Curtis distance
Metalign	CAMI_low_S001	8.566899747708412	827.0853864788289	0.3635051463723374	0.5	1.0	0.6666666666666666	1.0	0.0	1.0	1.0	0.5	0.0	0.0	0.1817525731861687
Bracken+Kraken2	CAMI_low_S001	11.542445504005375	9939.464139429378	0.36232515817221933	1.0	0.5	0.6666666666666666	2.0	2.0	0.0	4.0	0.5	0.05821770911893599	0.04199520011890257	0.18116257908610967
CLARK	CAMI_low_S001	11.19206629848641	1522.309781736103	0.3635051463723374	0.5	1.0	0.6666666666666666	1.0	0.0	1.0	1.0	0.5	0.0	0.0	0.1817525731861687
GOTTCHA	CAMI_low_S001	12.253646571771057	776.8225295298657	0.3635051463723374	0.5	1.0	0.6666666666666666	1.0	0.0	1.0	1.0	0.5	0.0	0.0	0.1817525731861687
MEGAN+DIAMOND	CAMI_low_S001	9.936550331553379	621.0824289187366	0.3635051463723374	0.5	1.0	0.6666666666666666	1.0	0.0	1.0	1.0	0.5	0.0	0.0	0.1817525731861687
MetaBinG2	CAMI_low_S001	12.617046928617892	801.5674952968126	0.3635051463723374	0.5	1.0	0.6666666666666666	1.0	0.0	1.0	1.0	0.5	0.0	0.0	0.1817525731861687
MetaPhlAn2	CAMI_low_S001	11.82375353118827	774.7699022116465	0.3635051463723374	0.5	1.0	0.6666666666666666	1.0	0.0	1.0	1.0	0.5	0.0	0.0	0.1817525731861687
mOTUs2	CAMI_low_S001	9.720076430623882	636.760210664557	0.3635051463723374	0.5	1.0	0.6666666666666666	1.0	0.0	1.0	1.0	0.5	0.0	0.0	0.1817525731861687
