tool	sample	Weighted UniFrac error	Unweighted UniFrac error	L1 norm error	Completeness (recall)	Purity (precision)	F1 score	True positives	False positives	False negatives	Taxon counts	Jaccard index	Shannon diversity	Shannon equitability	Bray-Curtis distance
Metalign	CAMI_HIGH_S005	8.678532732675233	8537.020767803977	0.18756803336577454	0.9523809523809523	0.8	0.8695652173913043	20.0	5.0	1.0	25.0	0.7692307692307693	2.0987723166132457	0.652020279999208	0.09378401668288727
Bracken_custom	CAMI_HIGH_S005	7.603642785871928	8043.335277566713	0.12710874337542832	0.9523809523809523	0.8	0.8695652173913043	20.0	5.0	1.0	25.0	0.7692307692307693	2.0768491293763542	0.645209458945622	0.06355437168771416
Bracken_original	CAMI_HIGH_S005	8.36533130917226	13024.703133794545	0.3056754726281568	1.0	0.5526315789473685	0.711864406779661	21.0	17.0	0.0	38.0	0.5526315789473685	1.9203791801275099	0.5279267887559694	0.15283773631407838
