tool	sample	Weighted UniFrac error	Unweighted UniFrac error	L1 norm error	Completeness (recall)	Purity (precision)	F1 score	True positives	False positives	False negatives	Taxon counts	Jaccard index	Shannon diversity	Shannon equitability	Bray-Curtis distance
Metalign	CAMI_HIGH_S005	8.678532732675233	8537.020767803977	0.34923373182570655	0.9090909090909091	0.8421052631578947	0.8743169398907102	80.0	15.0	8.0	95.0	0.7766990291262136	3.625774020954737	0.7961950020305433	0.1746168659128532
Bracken_custom	CAMI_HIGH_S005	7.603642785871928	8043.335277566713	0.2602929825933742	0.9318181818181818	0.7321428571428571	0.82	82.0	30.0	6.0	112.0	0.6949152542372882	3.7134946627362035	0.787007640359349	0.13014649129668704
Bracken_original	CAMI_HIGH_S005	8.36533130917226	13024.703133794545	0.5851853998492892	0.8863636363636364	0.4262295081967213	0.5756457564575646	78.0	105.0	10.0	183.0	0.40414507772020725	3.698458702494803	0.709946930270185	0.2925926999246446
