tool	sample	Weighted UniFrac error	Unweighted UniFrac error	L1 norm error	Completeness (recall)	Purity (precision)	F1 score	True positives	False positives	False negatives	Taxon counts	Jaccard index	Shannon diversity	Shannon equitability	Bray-Curtis distance
Metalign	CAMI_HIGH_S005	8.678532732675233	8537.020767803977	0.4837058399292842	0.8608247422680413	0.8564102564102564	0.8586118251928021	167.0	28.0	27.0	195.0	0.7522522522522522	4.394029516148191	0.8333073931348917	0.241852919964642
Bracken_custom	CAMI_HIGH_S005	7.603642785871928	8043.335277566713	0.3930381962249575	0.9020618556701031	0.7352941176470589	0.8101851851851853	175.0	63.0	19.0	238.0	0.6809338521400778	4.475794779507608	0.8179044945714815	0.19651909811247853
Bracken_original	CAMI_HIGH_S005	8.36533130917226	13024.703133794545	1.0010726344719805	0.5927835051546392	0.24572649572649571	0.34743202416918423	115.0	353.0	79.0	468.0	0.21023765996343693	4.632987691622149	0.753519001585855	0.5005363172359906
