tool	sample	Weighted UniFrac error	Unweighted UniFrac error	L1 norm error	Completeness (recall)	Purity (precision)	F1 score	True positives	False positives	False negatives	Taxon counts	Jaccard index	Shannon diversity	Shannon equitability	Bray-Curtis distance
Metalign	CAMI_HIGH_S005	8.678532732675233	8537.020767803977	0.7253634507877352	0.925	0.6981132075471698	0.7956989247311829	37.0	16.0	3.0	53.0	0.6607142857142857	2.9917755508942365	0.7535404489232049	0.3626817253938677
Bracken_custom	CAMI_HIGH_S005	7.603642785871928	8043.335277566713	0.6469593736233403	0.95	0.6551724137931034	0.7755102040816326	38.0	20.0	2.0	58.0	0.6333333333333333	3.032694856517551	0.7468876791622393	0.3234796868116702
Bracken_original	CAMI_HIGH_S005	8.36533130917226	13024.703133794545	0.8759673542983458	1.0	0.40816326530612246	0.5797101449275363	40.0	58.0	0.0	98.0	0.40816326530612246	2.9872070252307394	0.6515219658868531	0.437983677149173
