tool	sample	Weighted UniFrac error	Unweighted UniFrac error	L1 norm error	Completeness (recall)	Purity (precision)	F1 score	True positives	False positives	False negatives	Taxon counts	Jaccard index	Shannon diversity	Shannon equitability	Bray-Curtis distance
Metalign	CAMI_HIGH_S005	8.678532732675233	8537.020767803977	0.08904359176208963	0.9166666666666666	0.9166666666666666	0.9166666666666666	11.0	1.0	1.0	12.0	0.8461538461538461	1.2181889279678546	0.4902352883444472	0.04452179588104482
Bracken_custom	CAMI_HIGH_S005	7.603642785871928	8043.335277566713	0.0572983919393729	0.9166666666666666	0.7333333333333333	0.8148148148148148	11.0	4.0	1.0	15.0	0.6875	1.2457387766731445	0.4600131770696545	0.028649195969686438
Bracken_original	CAMI_HIGH_S005	8.36533130917226	13024.703133794545	0.21758896612545628	0.9166666666666666	0.5789473684210527	0.7096774193548387	11.0	8.0	1.0	19.0	0.55	1.1606065775769494	0.39416900325966775	0.1087944830627281
