tool	sample	Weighted UniFrac error	Unweighted UniFrac error	L1 norm error	Completeness (recall)	Purity (precision)	F1 score	True positives	False positives	False negatives	Taxon counts	Jaccard index	Shannon diversity	Shannon equitability	Bray-Curtis distance
Metalign	CAMI_HIGH_S005	8.678532732675233	8537.020767803977	1.7736639335867974	0.6378600823045267	0.1952141057934509	0.29893924783027964	155.0	639.0	88.0	794.0	0.17573696145124718	6.219846649407999	0.93152147722986	0.8868319667933985
Bracken_custom	CAMI_HIGH_S005	7.603642785871928	8043.335277566713	1.7875449654563962	0.6255144032921811	0.2275449101796407	0.3336992316136114	152.0	516.0	91.0	668.0	0.2002635046113307	5.851505541266534	0.8996381133717255	0.8937724827281978
Bracken_original	CAMI_HIGH_S005	8.36533130917226	13024.703133794545	1.9681755442418305	0.06584362139917696	0.011404133998574484	0.019441069258809236	16.0	1387.0	227.0	1403.0	0.0098159509202454	6.1294418390502745	0.8458639930092547	0.9840877721209099
