tool	sample	Weighted UniFrac error	Unweighted UniFrac error	L1 norm error	Completeness (recall)	Purity (precision)	F1 score	True positives	False positives	False negatives	Taxon counts	Jaccard index	Shannon diversity	Shannon equitability	Bray-Curtis distance
Metalign	CAMI_HIGH_S005	8.678532732675233	8537.020767803977	0.05667181150745793	1.0	0.5	0.6666666666666666	2.0	2.0	0.0	4.0	0.5	0.17206211596246507	0.12411658071195505	0.028335905753728966
Bracken_custom	CAMI_HIGH_S005	7.603642785871928	8043.335277566713	0.013359761566243744	1.0	0.6666666666666666	0.8	2.0	1.0	0.0	3.0	0.6666666666666666	0.05612268067609456	0.05108506545483326	0.006679880783121872
Bracken_original	CAMI_HIGH_S005	8.36533130917226	13024.703133794545	0.010098674156320648	1.0	0.5	0.6666666666666666	2.0	2.0	0.0	4.0	0.5	0.1070769273709935	0.07723967605588002	0.005049337078160325
