tool	sample	Weighted UniFrac error	Unweighted UniFrac error	L1 norm error	Completeness (recall)	Purity (precision)	F1 score	True positives	False positives	False negatives	Taxon counts	Jaccard index	Shannon diversity	Shannon equitability	Bray-Curtis distance
Metalign	CAMI_HIGH_S004	8.618228073686744	8632.013160399756	0.17599920630983257	0.9523809523809523	0.8	0.8695652173913043	20.0	5.0	1.0	25.0	0.7692307692307693	2.1031478909347343	0.6533796285915594	0.08799960315491628
Bracken_custom	CAMI_HIGH_S004	7.579511269989885	8109.377753627447	0.12748681162725586	0.9523809523809523	0.7692307692307693	0.8510638297872339	20.0	6.0	1.0	26.0	0.7407407407407407	2.095729972007824	0.643237530733353	0.06374340581362793
Bracken_original	CAMI_HIGH_S004	8.361623901932848	13449.69239357909	0.31911483716033384	1.0	0.5384615384615384	0.7000000000000001	21.0	18.0	0.0	39.0	0.5384615384615384	1.9358568465642891	0.5284084269769056	0.15955741858016692
