tool	sample	Weighted UniFrac error	Unweighted UniFrac error	L1 norm error	Completeness (recall)	Purity (precision)	F1 score	True positives	False positives	False negatives	Taxon counts	Jaccard index	Shannon diversity	Shannon equitability	Bray-Curtis distance
Metalign	CAMI_HIGH_S004	8.618228073686744	8632.013160399756	0.3120963026648569	0.9090909090909091	0.8247422680412371	0.8648648648648649	80.0	17.0	8.0	97.0	0.7619047619047619	3.6143180688272323	0.7900647900623564	0.15604815133242841
Bracken_custom	CAMI_HIGH_S004	7.579511269989885	8109.377753627447	0.26403511141620056	0.9318181818181818	0.7522935779816514	0.8324873096446701	82.0	27.0	6.0	109.0	0.7130434782608696	3.7109937231472854	0.7910293195702996	0.13201755570810025
Bracken_original	CAMI_HIGH_S004	8.361623901932848	13449.69239357909	0.5696449218976037	0.8977272727272727	0.4114583333333333	0.5642857142857143	79.0	113.0	9.0	192.0	0.39303482587064675	3.7332807821910734	0.7100873168721729	0.284822460948802
