tool	sample	Weighted UniFrac error	Unweighted UniFrac error	L1 norm error	Completeness (recall)	Purity (precision)	F1 score	True positives	False positives	False negatives	Taxon counts	Jaccard index	Shannon diversity	Shannon equitability	Bray-Curtis distance
Metalign	CAMI_HIGH_S004	8.618228073686744	8632.013160399756	0.46977717093248794	0.8608247422680413	0.8477157360406091	0.8542199488491048	167.0	30.0	27.0	197.0	0.7455357142857143	4.403845670743976	0.8335559060100705	0.2348885854662442
Bracken_custom	CAMI_HIGH_S004	7.579511269989885	8109.377753627447	0.4089290076448553	0.9020618556701031	0.7172131147540983	0.7990867579908677	175.0	69.0	19.0	244.0	0.6653992395437263	4.480751664417181	0.8151017907366646	0.2044645038224277
Bracken_original	CAMI_HIGH_S004	8.361623901932848	13449.69239357909	1.0248242606207403	0.5979381443298969	0.24066390041493776	0.3431952662721893	116.0	366.0	78.0	482.0	0.20714285714285716	4.71897451579053	0.7638422149300587	0.5124121303103708
