tool	sample	Weighted UniFrac error	Unweighted UniFrac error	L1 norm error	Completeness (recall)	Purity (precision)	F1 score	True positives	False positives	False negatives	Taxon counts	Jaccard index	Shannon diversity	Shannon equitability	Bray-Curtis distance
Metalign	CAMI_HIGH_S004	8.618228073686744	8632.013160399756	0.7015008144897225	0.925	0.6981132075471698	0.7956989247311829	37.0	16.0	3.0	53.0	0.6607142857142857	2.96968398270696	0.7479762313119332	0.3507504072448612
Bracken_custom	CAMI_HIGH_S004	7.579511269989885	8109.377753627447	0.64332401149927	0.925	0.6379310344827587	0.7551020408163266	37.0	21.0	3.0	58.0	0.6065573770491803	3.0155806168092605	0.7426728090941609	0.32166200574963505
Bracken_original	CAMI_HIGH_S004	8.361623901932848	13449.69239357909	0.8777249348677914	1.0	0.40816326530612246	0.5797101449275363	40.0	58.0	0.0	98.0	0.40816326530612246	2.992842563300447	0.6527510995930188	0.43886246743389595
