tool	sample	Weighted UniFrac error	Unweighted UniFrac error	L1 norm error	Completeness (recall)	Purity (precision)	F1 score	True positives	False positives	False negatives	Taxon counts	Jaccard index	Shannon diversity	Shannon equitability	Bray-Curtis distance
Metalign	CAMI_HIGH_S004	8.618228073686744	8632.013160399756	0.07749090911273532	0.9166666666666666	0.9166666666666666	0.9166666666666666	11.0	1.0	1.0	12.0	0.8461538461538461	1.2303435881732059	0.49512668344228244	0.038745454556367666
Bracken_custom	CAMI_HIGH_S004	7.579511269989885	8109.377753627447	0.04969922352640973	0.9166666666666666	0.7333333333333333	0.8148148148148148	11.0	4.0	1.0	15.0	0.6875	1.2511097527569226	0.4619965140408791	0.024849611763204875
Bracken_original	CAMI_HIGH_S004	8.361623901932848	13449.69239357909	0.22829717326505108	0.9166666666666666	0.55	0.6874999999999999	11.0	9.0	1.0	20.0	0.5238095238095238	1.162717895646106	0.38812476866189183	0.11414858663252557
