tool	sample	Weighted UniFrac error	Unweighted UniFrac error	L1 norm error	Completeness (recall)	Purity (precision)	F1 score	True positives	False positives	False negatives	Taxon counts	Jaccard index	Shannon diversity	Shannon equitability	Bray-Curtis distance
Metalign	CAMI_HIGH_S004	8.618228073686744	8632.013160399756	1.769230531149533	0.6419753086419753	0.1937888198757764	0.29770992366412213	156.0	649.0	87.0	805.0	0.17488789237668162	6.203159854275968	0.9271119534847634	0.8846152655747673
Bracken_custom	CAMI_HIGH_S004	7.579511269989885	8109.377753627447	1.7847663053306702	0.6255144032921811	0.22822822822822822	0.33443344334433445	152.0	514.0	91.0	666.0	0.20079260237780713	5.795617536370357	0.8914565924715401	0.892383152665337
Bracken_original	CAMI_HIGH_S004	8.361623901932848	13449.69239357909	1.9724292586243481	0.06584362139917696	0.010862186014935505	0.018648018648018648	16.0	1457.0	227.0	1473.0	0.009411764705882352	6.253071928445573	0.8571656710336566	0.9862146293121783
