tool	sample	Weighted UniFrac error	Unweighted UniFrac error	L1 norm error	Completeness (recall)	Purity (precision)	F1 score	True positives	False positives	False negatives	Taxon counts	Jaccard index	Shannon diversity	Shannon equitability	Bray-Curtis distance
Metalign	CAMI_HIGH_S001	8.61648506972356	13418.98557950964	0.177712185272529	0.9523809523809523	0.7407407407407407	0.8333333333333334	20.0	7.0	1.0	27.0	0.7142857142857143	2.0930726357008043	0.6350656057313654	0.08885609263626451
Bracken+Kraken2	CAMI_HIGH_S001	8.337279694959275	31551.959826566257	0.3107276309340346	1.0	0.2625	0.4158415841584159	21.0	59.0	0.0	80.0	0.2625	1.9366971717491377	0.4336625654386715	0.15536381546701736
CLARK	CAMI_HIGH_S001	8.387101897895695	47277.0244594025	0.300089110642297	1.0	0.17647058823529413	0.3	21.0	98.0	0.0	119.0	0.17647058823529413	1.931171596764434	0.393692847799897	0.15004455532114838
GOTTCHA	CAMI_HIGH_S001	11.88081196530406	10925.150273529749	1.5081600277080724	0.5714285714285714	0.8	0.6666666666666666	12.0	3.0	9.0	15.0	0.5	1.042363086856156	0.38491276359348925	0.7540800138540362
MEGAN+DIAMOND	CAMI_HIGH_S001	10.10652244330006	10220.342485412733	0.3263579038391462	0.8095238095238095	0.8947368421052632	0.8500000000000001	17.0	2.0	4.0	19.0	0.7391304347826086	2.2231063515345544	0.7550186528789629	0.1631789519195731
MetaPhlAn2	CAMI_HIGH_S001	9.645827858167866	10904.955835606275	0.8893149522111536	0.6190476190476191	1.0	0.7647058823529412	13.0	0.0	8.0	13.0	0.6190476190476191	1.8425118647227345	0.7183423950897105	0.44465747610557677
mOTUs2	CAMI_HIGH_S001	7.667788678602339	9283.6965357006	0.07505530373707811	0.9523809523809523	0.8695652173913043	0.909090909090909	20.0	3.0	1.0	23.0	0.8333333333333334	2.1130338873033234	0.6739077611971171	0.037527651868539055
