tool	sample	Weighted UniFrac error	Unweighted UniFrac error	L1 norm error	Completeness (recall)	Purity (precision)	F1 score	True positives	False positives	False negatives	Taxon counts	Jaccard index	Shannon diversity	Shannon equitability	Bray-Curtis distance
Metalign	CAMI_HIGH_S001	8.61648506972353	13418.98557950964	0.177712185272529	0.9523809523809523	0.7407407407407407	0.8333333333333334	20.0	7.0	1.0	27.0	0.7142857142857143	2.0930726357008043	0.6350656057313654	0.0888560926362645
Bracken+Kraken2	CAMI_HIGH_S001	8.337279694959214	31551.95982656626	0.3107276309340345	1.0	0.2625	0.4158415841584159	21.0	59.0	0.0	80.0	0.2625	1.9366971717491375	0.43366256543867143	0.15536381546701736
CLARK	CAMI_HIGH_S001	8.38710189789571	47277.02445940251	0.3000891106422968	1.0	0.17647058823529413	0.3	21.0	98.0	0.0	119.0	0.17647058823529413	1.9311715967644347	0.3936928477998971	0.15004455532114838
GOTTCHA	CAMI_HIGH_S001	11.880811965304046	10925.150273529749	1.5081600277080731	0.5714285714285714	0.8	0.6666666666666666	12.0	3.0	9.0	15.0	0.5	1.042363086856156	0.38491276359348925	0.7540800138540363
MEGAN+DIAMOND	CAMI_HIGH_S001	10.106522443300058	10220.342485412732	0.3263579038391462	0.8095238095238095	0.8947368421052632	0.8500000000000001	17.0	2.0	4.0	19.0	0.7391304347826086	2.223106351534555	0.7550186528789631	0.16317895191957302
MetaBinG2	CAMI_HIGH_S001	11.514055883275951	11500.286724218884	0.6484461646992714	0.23809523809523808	0.8333333333333334	0.37037037037037035	5.0	1.0	16.0	6.0	0.22727272727272727	1.5784080858255272	0.8809263257336398	0.3242230823496357
MetaPhlAn2	CAMI_HIGH_S001	9.645827858167861	10904.955835606275	0.8893149522111536	0.6190476190476191	1.0	0.7647058823529412	13.0	0.0	8.0	13.0	0.6190476190476191	1.8425118647227343	0.7183423950897105	0.4446574761055768
mOTUs2	CAMI_HIGH_S001	7.667788678602335	9283.6965357006	0.07505530373707811	0.9523809523809523	0.8695652173913043	0.909090909090909	20.0	3.0	1.0	23.0	0.8333333333333334	2.113033887303323	0.673907761197117	0.037527651868539055
