tool	sample	Weighted UniFrac error	Unweighted UniFrac error	L1 norm error	Completeness (recall)	Purity (precision)	F1 score	True positives	False positives	False negatives	Taxon counts	Jaccard index	Shannon diversity	Shannon equitability	Bray-Curtis distance
Metalign	CAMI_HIGH_S001	8.61648506972353	13418.98557950964	0.32689812234631915	0.8977272727272727	0.7821782178217822	0.835978835978836	79.0	22.0	9.0	101.0	0.7181818181818181	3.6144090527654393	0.7831667752934998	0.16344906117315958
Bracken+Kraken2	CAMI_HIGH_S001	8.337279694959214	31551.95982656626	0.6141441298911007	0.9545454545454546	0.22105263157894736	0.358974358974359	84.0	296.0	4.0	380.0	0.21875	3.8104393057377512	0.6129452701004795	0.30707206494555056
CLARK	CAMI_HIGH_S001	8.38710189789571	47277.02445940251	0.6259072713965772	0.9659090909090909	0.1720647773279352	0.29209621993127144	85.0	409.0	3.0	494.0	0.1710261569416499	3.6722571262457295	0.5656379338355343	0.3129536356982882
GOTTCHA	CAMI_HIGH_S001	11.880811965304046	10925.150273529749	1.6780214687209065	0.4090909090909091	0.8181818181818182	0.5454545454545455	36.0	8.0	52.0	44.0	0.375	1.2522385105493503	0.3309132553309031	0.8390107343604535
MEGAN+DIAMOND	CAMI_HIGH_S001	10.106522443300058	10220.342485412732	0.3535078814027324	0.7386363636363636	0.8783783783783784	0.802469135802469	65.0	9.0	23.0	74.0	0.6701030927835051	3.6782200916697745	0.8545921151326074	0.1767539407013663
MetaBinG2	CAMI_HIGH_S001	11.514055883275951	11500.286724218884	1.4613920019039748	0.06818181818181818	0.75	0.125	6.0	2.0	82.0	8.0	0.06666666666666667	1.6888677738108502	0.8121737206646991	0.7306960009519878
MetaPhlAn2	CAMI_HIGH_S001	9.645827858167861	10904.955835606275	1.1626634984052493	0.6136363636363636	1.0	0.7605633802816901	54.0	0.0	34.0	54.0	0.6136363636363636	3.0346795700833558	0.7607650305588801	0.5813317492026249
mOTUs2	CAMI_HIGH_S001	7.667788678602335	9283.6965357006	0.2536942866662232	0.875	0.8555555555555555	0.8651685393258427	77.0	13.0	11.0	90.0	0.7623762376237624	3.6481609819701992	0.8107367309387646	0.12684714333311162
