tool	sample	Weighted UniFrac error	Unweighted UniFrac error	L1 norm error	Completeness (recall)	Purity (precision)	F1 score	True positives	False positives	False negatives	Taxon counts	Jaccard index	Shannon diversity	Shannon equitability	Bray-Curtis distance
Metalign	CAMI_HIGH_S001	8.61648506972356	13418.98557950964	0.4328136118128549	0.8402061855670103	0.7511520737327189	0.7931873479318734	163.0	54.0	31.0	217.0	0.657258064516129	4.330498324121419	0.8049406967349588	0.21640680590642747
Bracken+Kraken2	CAMI_HIGH_S001	8.337279694959275	31551.959826566257	1.0114646698672771	0.6443298969072165	0.09976057462090981	0.17277125086385622	125.0	1128.0	69.0	1253.0	0.094553706505295	4.848291971100644	0.640861276086135	0.5057323349336417
CLARK	CAMI_HIGH_S001	8.387101897895695	47277.0244594025	0.9949575375319998	0.634020618556701	0.0823293172690763	0.1457345971563981	123.0	1371.0	71.0	1494.0	0.07859424920127796	4.627218064563517	0.615568988212158	0.49747876876599717
GOTTCHA	CAMI_HIGH_S001	11.88081196530406	10925.150273529749	1.8222431444943092	0.211340206185567	0.640625	0.31782945736434104	41.0	23.0	153.0	64.0	0.1889400921658986	1.3256497583118398	0.3175675069421583	0.9111215722471553
MEGAN+DIAMOND	CAMI_HIGH_S001	10.10652244330006	10220.342485412733	0.47732964036308856	0.6391752577319587	0.9185185185185185	0.7537993920972644	124.0	11.0	70.0	135.0	0.6048780487804878	4.268269785048469	0.8701387746533644	0.23866482018154436
MetaPhlAn2	CAMI_HIGH_S001	9.645827858167866	10904.955835606275	1.4556512292064394	0.31443298969072164	0.782051282051282	0.44852941176470584	61.0	17.0	133.0	78.0	0.2890995260663507	3.152714564214475	0.7236459193464252	0.7278256146032198
mOTUs2	CAMI_HIGH_S001	7.667788678602339	9283.6965357006	0.311377062515246	0.8247422680412371	0.851063829787234	0.8376963350785339	160.0	28.0	34.0	188.0	0.7207207207207207	4.409887344622855	0.8421533888708668	0.15568853125762303
