tool	sample	Weighted UniFrac error	Unweighted UniFrac error	L1 norm error	Completeness (recall)	Purity (precision)	F1 score	True positives	False positives	False negatives	Taxon counts	Jaccard index	Shannon diversity	Shannon equitability	Bray-Curtis distance
Metalign	CAMI_HIGH_S001	8.61648506972353	13418.98557950964	0.4328136118128549	0.8402061855670103	0.7511520737327189	0.7931873479318734	163.0	54.0	31.0	217.0	0.657258064516129	4.33049832412142	0.804940696734959	0.21640680590642752
Bracken+Kraken2	CAMI_HIGH_S001	8.337279694959214	31551.95982656626	1.0114646698672747	0.6443298969072165	0.09976057462090981	0.17277125086385622	125.0	1128.0	69.0	1253.0	0.094553706505295	4.848291971100643	0.6408612760861349	0.5057323349336417
CLARK	CAMI_HIGH_S001	8.38710189789571	47277.02445940251	0.9949575375319982	0.634020618556701	0.0823293172690763	0.1457345971563981	123.0	1371.0	71.0	1494.0	0.07859424920127796	4.627218064563534	0.6155689882121602	0.4974787687659973
GOTTCHA	CAMI_HIGH_S001	11.880811965304046	10925.150273529749	1.8222431444943086	0.211340206185567	0.640625	0.31782945736434104	41.0	23.0	153.0	64.0	0.1889400921658986	1.325649758311841	0.3175675069421586	0.9111215722471551
MEGAN+DIAMOND	CAMI_HIGH_S001	10.106522443300058	10220.342485412732	0.4773296403630888	0.6391752577319587	0.9185185185185185	0.7537993920972644	124.0	11.0	70.0	135.0	0.6048780487804878	4.26826978504847	0.8701387746533646	0.23866482018154442
MetaBinG2	CAMI_HIGH_S001	11.514055883275951	11500.286724218884	1.7291974183091665	0.03608247422680412	0.6363636363636364	0.06829268292682926	7.0	4.0	187.0	11.0	0.03535353535353535	2.029095189234796	0.8461984191940206	0.8645987091545831
MetaPhlAn2	CAMI_HIGH_S001	9.645827858167861	10904.955835606275	1.45565122920644	0.31443298969072164	0.782051282051282	0.44852941176470584	61.0	17.0	133.0	78.0	0.2890995260663507	3.1527145642144743	0.723645919346425	0.7278256146032198
mOTUs2	CAMI_HIGH_S001	7.667788678602335	9283.6965357006	0.31137706251524616	0.8247422680412371	0.851063829787234	0.8376963350785339	160.0	28.0	34.0	188.0	0.7207207207207207	4.409887344622855	0.8421533888708668	0.15568853125762303
