tool	sample	Weighted UniFrac error	Unweighted UniFrac error	L1 norm error	Completeness (recall)	Purity (precision)	F1 score	True positives	False positives	False negatives	Taxon counts	Jaccard index	Shannon diversity	Shannon equitability	Bray-Curtis distance
Metalign	CAMI_HIGH_S001	8.61648506972353	13418.98557950964	0.7057352035161408	0.9	0.631578947368421	0.7422680412371133	36.0	21.0	4.0	57.0	0.5901639344262295	2.9004080779882995	0.7173809793269705	0.3528676017580703
Bracken+Kraken2	CAMI_HIGH_S001	8.337279694959214	31551.95982656626	0.8628758739627732	1.0	0.22099447513812154	0.3619909502262444	40.0	141.0	0.0	181.0	0.22099447513812154	2.981022921072062	0.5664446916059833	0.4314379369813866
CLARK	CAMI_HIGH_S001	8.38710189789571	47277.02445940251	0.8491132717767111	1.0	0.15384615384615385	0.2666666666666667	40.0	220.0	0.0	260.0	0.15384615384615385	2.884984786551428	0.49544256362281686	0.42455663588835485
GOTTCHA	CAMI_HIGH_S001	11.880811965304046	10925.150273529749	1.2394727335482207	0.525	0.75	0.6176470588235295	21.0	7.0	19.0	28.0	0.44680851063829785	2.215257227984456	0.6648023016654462	0.6197363667741104
MEGAN+DIAMOND	CAMI_HIGH_S001	10.106522443300058	10220.342485412732	0.6646832219097013	0.8	0.7272727272727273	0.761904761904762	32.0	12.0	8.0	44.0	0.6153846153846154	3.020699993139528	0.7982422355540905	0.33234161095485065
MetaBinG2	CAMI_HIGH_S001	11.514055883275951	11500.286724218884	1.5316215824386237	0.125	0.625	0.20833333333333334	5.0	3.0	35.0	8.0	0.11627906976744186	1.7700545420568647	0.8512163033094747	0.765810791219312
MetaPhlAn2	CAMI_HIGH_S001	9.645827858167861	10904.955835606275	0.9005582622283389	0.7	1.0	0.8235294117647058	28.0	0.0	12.0	28.0	0.7	2.4735431579255165	0.742314329859502	0.45027913111416956
mOTUs2	CAMI_HIGH_S001	7.667788678602335	9283.6965357006	0.5826101644019059	0.9	0.72	0.7999999999999999	36.0	14.0	4.0	50.0	0.6666666666666666	2.9284588644740994	0.7485791521191727	0.2913050822009529
