tool	sample	Weighted UniFrac error	Unweighted UniFrac error	L1 norm error	Completeness (recall)	Purity (precision)	F1 score	True positives	False positives	False negatives	Taxon counts	Jaccard index	Shannon diversity	Shannon equitability	Bray-Curtis distance
Metalign	CAMI_HIGH_S001	8.61648506972356	13418.98557950964	0.7057352035161408	0.9	0.631578947368421	0.7422680412371133	36.0	21.0	4.0	57.0	0.5901639344262295	2.9004080779882986	0.7173809793269703	0.35286760175807025
Bracken+Kraken2	CAMI_HIGH_S001	8.337279694959275	31551.959826566257	0.8628758739627728	1.0	0.22099447513812154	0.3619909502262444	40.0	141.0	0.0	181.0	0.22099447513812154	2.9810229210720625	0.5664446916059834	0.43143793698138666
CLARK	CAMI_HIGH_S001	8.387101897895695	47277.0244594025	0.8491132717767113	1.0	0.15384615384615385	0.2666666666666667	40.0	220.0	0.0	260.0	0.15384615384615385	2.8849847865514318	0.49544256362281747	0.42455663588835485
GOTTCHA	CAMI_HIGH_S001	11.88081196530406	10925.150273529749	1.2394727335482207	0.525	0.75	0.6176470588235295	21.0	7.0	19.0	28.0	0.44680851063829785	2.2152572279844556	0.664802301665446	0.6197363667741105
MEGAN+DIAMOND	CAMI_HIGH_S001	10.10652244330006	10220.342485412733	0.6646832219097014	0.8	0.7272727272727273	0.761904761904762	32.0	12.0	8.0	44.0	0.6153846153846154	3.0206999931395266	0.7982422355540901	0.33234161095485065
MetaPhlAn2	CAMI_HIGH_S001	9.645827858167866	10904.955835606275	0.9005582622283389	0.7	1.0	0.8235294117647058	28.0	0.0	12.0	28.0	0.7	2.473543157925517	0.7423143298595021	0.4502791311141695
mOTUs2	CAMI_HIGH_S001	7.667788678602339	9283.6965357006	0.5826101644019059	0.9	0.72	0.7999999999999999	36.0	14.0	4.0	50.0	0.6666666666666666	2.928458864474099	0.7485791521191726	0.2913050822009529
