tool	sample	Weighted UniFrac error	Unweighted UniFrac error	L1 norm error	Completeness (recall)	Purity (precision)	F1 score	True positives	False positives	False negatives	Taxon counts	Jaccard index	Shannon diversity	Shannon equitability	Bray-Curtis distance
Metalign	CAMI_HIGH_S001	8.61648506972356	13418.98557950964	0.09532520205316189	0.9166666666666666	0.8461538461538461	0.8799999999999999	11.0	2.0	1.0	13.0	0.7857142857142857	1.2210295435719596	0.476044308641002	0.04766260102658094
Bracken+Kraken2	CAMI_HIGH_S001	8.337279694959275	31551.959826566257	0.2334727454481042	1.0	0.2926829268292683	0.45283018867924524	12.0	29.0	0.0	41.0	0.2926829268292683	1.1501258903567293	0.3021349787241379	0.11673637272405214
CLARK	CAMI_HIGH_S001	8.387101897895695	47277.0244594025	0.21182616957735612	1.0	0.23529411764705882	0.38095238095238093	12.0	39.0	0.0	51.0	0.23529411764705882	1.123278818980655	0.28159521468834625	0.10591308478867804
GOTTCHA	CAMI_HIGH_S001	11.88081196530406	10925.150273529749	0.9108106980447404	0.4166666666666667	1.0	0.5882352941176471	5.0	0.0	7.0	5.0	0.4166666666666667	0.33416154248183344	0.20762624013028894	0.4554053490223701
MEGAN+DIAMOND	CAMI_HIGH_S001	10.10652244330006	10220.342485412733	0.18998033758653776	0.75	1.0	0.8571428571428571	9.0	0.0	3.0	9.0	0.75	1.3182872212788725	0.5999783703844617	0.09499016879326885
MetaPhlAn2	CAMI_HIGH_S001	9.645827858167866	10904.955835606275	0.5136147258023469	0.5	1.0	0.6666666666666666	6.0	0.0	6.0	6.0	0.5	1.0060016010788981	0.5614601838897018	0.2568073629011734
mOTUs2	CAMI_HIGH_S001	7.667788678602339	9283.6965357006	0.059496678975530626	0.9166666666666666	1.0	0.9565217391304348	11.0	0.0	1.0	11.0	0.9166666666666666	1.3052289710971199	0.5443227591728403	0.02974833948776531
