tool	sample	Weighted UniFrac error	Unweighted UniFrac error	L1 norm error	Completeness (recall)	Purity (precision)	F1 score	True positives	False positives	False negatives	Taxon counts	Jaccard index	Shannon diversity	Shannon equitability	Bray-Curtis distance
Metalign	CAMI_HIGH_S001	8.61648506972356	13418.98557950964	1.7749932233132657	0.6255144032921811	0.10475534114403859	0.179456906729634	152.0	1299.0	91.0	1451.0	0.09857328145265888	6.108957446986034	0.8391415551714234	0.8874966116566332
Bracken+Kraken2	CAMI_HIGH_S001	8.337279694959275	31551.959826566257	1.9702427410238457	0.06584362139917696	0.0037905709547500594	0.007168458781362006	16.0	4205.0	227.0	4221.0	0.0035971223021582736	6.593035624114612	0.7434762177138481	0.9851213705119383
CLARK	CAMI_HIGH_S001	8.387101897895695	47277.0244594025	1.9651366049328012	0.07407407407407407	0.003506038176860148	0.006695183187651106	18.0	5116.0	225.0	5134.0	0.003358835603657399	6.1997603216772985	0.7151881890623608	0.9825683024664007
GOTTCHA	CAMI_HIGH_S001	11.88081196530406	10925.150273529749	1.9940852388878327	0.00823045267489712	0.023529411764705882	0.012195121951219513	2.0	83.0	241.0	85.0	0.006134969325153374	1.2903049200558425	0.28746033622965134	0.9970426194439174
MEGAN+DIAMOND	CAMI_HIGH_S001	10.10652244330006	10220.342485412733	1.83411062357995	0.26337448559670784	0.5470085470085471	0.35555555555555557	64.0	53.0	179.0	117.0	0.21621621621621623	4.415467881327953	0.927195844121446	0.9170553117899751
MetaPhlAn2	CAMI_HIGH_S001	9.645827858167866	10904.955835606275	1.9790246617177631	0.01646090534979424	0.08	0.027303754266211608	4.0	46.0	239.0	50.0	0.01384083044982699	2.6413528107890736	0.6751884656925718	0.9895123308588828
mOTUs2	CAMI_HIGH_S001	7.667788678602339	9283.6965357006	1.8254786449263725	0.5020576131687243	0.4178082191780822	0.4560747663551402	122.0	170.0	121.0	292.0	0.29539951573849876	5.05620030437872	0.8906851486774704	0.912739322463187
