tool	sample	Weighted UniFrac error	Unweighted UniFrac error	L1 norm error	Completeness (recall)	Purity (precision)	F1 score	True positives	False positives	False negatives	Taxon counts	Jaccard index	Shannon diversity	Shannon equitability	Bray-Curtis distance
Metalign	CAMI_HIGH_S001	8.61648506972356	13418.98557950964	1.9288673598062362	0.054003724394785846	0.03997243280496209	0.04594059405940594	58.0	1393.0	1016.0	1451.0	0.023510336441021483	6.108957446986026	0.8391415551714223	0.9644336799031191
Bracken+Kraken2	CAMI_HIGH_S001	8.337279694959275	31551.959826566257	na	0.0	0.0	na	0.0	0.0	1074.0	0.0	0.0	na	na	na
CLARK	CAMI_HIGH_S001	8.387101897895695	47277.0244594025	na	0.0	0.0	na	0.0	0.0	1074.0	0.0	0.0	na	na	na
GOTTCHA	CAMI_HIGH_S001	11.88081196530406	10925.150273529749	na	0.0	0.0	na	0.0	0.0	1074.0	0.0	0.0	na	na	na
MEGAN+DIAMOND	CAMI_HIGH_S001	10.10652244330006	10220.342485412733	2.000000000000001	0.0	0.0	na	0.0	58.0	1074.0	58.0	0.0	3.35153503357694	0.8254111743156616	1.0
MetaPhlAn2	CAMI_HIGH_S001	9.645827858167866	10904.955835606275	na	0.0	0.0	na	0.0	0.0	1074.0	0.0	0.0	na	na	na
mOTUs2	CAMI_HIGH_S001	7.667788678602339	9283.6965357006	na	0.0	0.0	na	0.0	0.0	1074.0	0.0	0.0	na	na	na
