tool	sample	Weighted UniFrac error	Unweighted UniFrac error	L1 norm error	Completeness (recall)	Purity (precision)	F1 score	True positives	False positives	False negatives	Taxon counts	Jaccard index	Shannon diversity	Shannon equitability	Bray-Curtis distance
Metalign	CAMI_HIGH_S001	8.61648506972353	13418.98557950964	1.9288673598062374	0.054003724394785846	0.03997243280496209	0.04594059405940594	58.0	1393.0	1016.0	1451.0	0.023510336441021483	6.108957446986029	0.8391415551714226	0.9644336799031192
Bracken+Kraken2	CAMI_HIGH_S001	8.337279694959214	31551.95982656626	na	0.0	0.0	na	0.0	0.0	1074.0	0.0	0.0	na	na	na
CLARK	CAMI_HIGH_S001	8.38710189789571	47277.02445940251	na	0.0	0.0	na	0.0	0.0	1074.0	0.0	0.0	na	na	na
GOTTCHA	CAMI_HIGH_S001	11.880811965304046	10925.150273529749	na	0.0	0.0	na	0.0	0.0	1074.0	0.0	0.0	na	na	na
MEGAN+DIAMOND	CAMI_HIGH_S001	10.106522443300058	10220.342485412732	2.0000000000000013	0.0	0.0	na	0.0	58.0	1074.0	58.0	0.0	3.3515350335769396	0.8254111743156615	1.0
MetaBinG2	CAMI_HIGH_S001	11.514055883275951	11500.286724218884	2.0	0.0	0.0	na	0.0	11.0	1074.0	11.0	0.0	2.029095189234796	0.8461984191940206	1.0
MetaPhlAn2	CAMI_HIGH_S001	9.645827858167861	10904.955835606275	na	0.0	0.0	na	0.0	0.0	1074.0	0.0	0.0	na	na	na
mOTUs2	CAMI_HIGH_S001	7.667788678602335	9283.6965357006	na	0.0	0.0	na	0.0	0.0	1074.0	0.0	0.0	na	na	na
