tool	sample	Weighted UniFrac error	Unweighted UniFrac error	L1 norm error	Completeness (recall)	Purity (precision)	F1 score	True positives	False positives	False negatives	Taxon counts	Jaccard index	Shannon diversity	Shannon equitability	Bray-Curtis distance
Metalign	CAMI_HIGH_S001	8.61648506972353	13418.98557950964	0.032828454350891684	1.0	0.5	0.6666666666666666	2.0	2.0	0.0	4.0	0.5	0.11213491244131085	0.08088824104479865	0.016414227175445842
Bracken+Kraken2	CAMI_HIGH_S001	8.337279694959214	31551.95982656626	0.010731701414794341	1.0	0.5	0.6666666666666666	2.0	2.0	0.0	4.0	0.5	0.08218564071071274	0.05928440814281369	0.0053658507073971705
CLARK	CAMI_HIGH_S001	8.38710189789571	47277.02445940251	0.01874963595090477	1.0	0.5	0.6666666666666666	2.0	2.0	0.0	4.0	0.5	0.09336054192448826	0.06734539542458269	0.009374817975452386
GOTTCHA	CAMI_HIGH_S001	11.880811965304046	10925.150273529749	0.0790658833212024	1.0	1.0	1.0	2.0	0.0	0.0	2.0	1.0	0.19326113792581764	0.2788168852821351	0.0395329416606012
MEGAN+DIAMOND	CAMI_HIGH_S001	10.106522443300058	10220.342485412732	0.00943861738801748	1.0	1.0	1.0	2.0	0.0	0.0	2.0	1.0	0.025938160923313587	0.03742085613384441	0.00471930869400874
MetaBinG2	CAMI_HIGH_S001	11.514055883275951	11500.286724218884	0.017388017388017464	0.5	1.0	0.6666666666666666	1.0	0.0	1.0	1.0	0.5	0.0	0.0	0.008694008694008732
MetaPhlAn2	CAMI_HIGH_S001	9.645827858167861	10904.955835606275	0.10976018261198256	1.0	1.0	1.0	2.0	0.0	0.0	2.0	1.0	0.23669058278606414	0.3414723300105734	0.05488009130599128
mOTUs2	CAMI_HIGH_S001	7.667788678602335	9283.6965357006	0.005518776422463099	1.0	1.0	1.0	2.0	0.0	0.0	2.0	1.0	0.0363434912148667	0.0524325745442798	0.0027593882112315494
