rank	sample	Weighted UniFrac error	Unweighted UniFrac error	L1 norm error	Completeness (recall)	Purity (precision)	F1 score	True positives	False positives	False negatives	Taxon counts	Jaccard index	Shannon diversity	Shannon equitability	Bray-Curtis distance
superkingdom	peabody	3.3328635822772212	708.4087910204261	0.002640264026402665	1.0	0.5	0.6666666666666666	1.0	1.0	0.0	2.0	0.5	0.010071766575217148	0.014530487691056998	0.0013201320132013327
phylum	peabody	3.3328635822772212	708.4087910204261	0.12958227466239877	1.0	0.5	0.6666666666666666	3.0	3.0	0.0	6.0	0.5	0.8844850419894666	0.4936405009599475	0.06479113733119939
class	peabody	3.3328635822772212	708.4087910204261	0.1482511605570673	1.0	0.625	0.7692307692307693	5.0	3.0	0.0	8.0	0.625	1.3628374228603146	0.6553862638328237	0.07412558027853365
order	peabody	3.3328635822772212	708.4087910204261	0.16316270893800383	1.0	0.3076923076923077	0.47058823529411764	8.0	18.0	0.0	26.0	0.3076923076923077	1.982214686699181	0.6083965479742673	0.08158135446900196
family	peabody	3.3328635822772212	708.4087910204261	0.1629166584000039	1.0	0.25	0.4	8.0	24.0	0.0	32.0	0.25	2.004301711011373	0.5783192277842745	0.08145832920000198
genus	peabody	3.3328635822772212	708.4087910204261	0.18118471914915105	1.0	0.18181818181818182	0.3076923076923077	8.0	36.0	0.0	44.0	0.18181818181818182	2.0724304071114155	0.5476550087595796	0.09059235957457556
species	peabody	3.3328635822772212	708.4087910204261	1.5350685516246079	0.2727272727272727	0.04918032786885246	0.08333333333333333	3.0	58.0	8.0	61.0	0.043478260869565216	2.4307822656189475	0.5913054853868092	0.7675342758123037
strain	peabody	3.3328635822772212	708.4087910204261	na	0.0	0.0	na	0.0	0.0	11.0	0.0	0.0	na	na	na
