rank	sample	Weighted UniFrac error	Unweighted UniFrac error	L1 norm error	Completeness (recall)	Purity (precision)	F1 score	True positives	False positives	False negatives	Taxon counts	Jaccard index	Shannon diversity	Shannon equitability	Bray-Curtis distance
superkingdom	peabody	3.3328635822772226	708.4087910204262	0.002640264026402665	1.0	0.5	0.6666666666666666	1.0	1.0	0.0	2.0	0.5	0.010071766575217148	0.014530487691056998	0.0013201320132013327
phylum	peabody	3.3328635822772226	708.4087910204262	0.12958227466239877	1.0	0.5	0.6666666666666666	3.0	3.0	0.0	6.0	0.5	0.8844850419894668	0.49364050095994755	0.0647911373311994
class	peabody	3.3328635822772226	708.4087910204262	0.1482511605570673	1.0	0.625	0.7692307692307693	5.0	3.0	0.0	8.0	0.625	1.3628374228603146	0.6553862638328237	0.07412558027853365
order	peabody	3.3328635822772226	708.4087910204262	0.16316270893800383	1.0	0.3076923076923077	0.47058823529411764	8.0	18.0	0.0	26.0	0.3076923076923077	1.982214686699181	0.6083965479742673	0.08158135446900196
family	peabody	3.3328635822772226	708.4087910204262	0.16291665840000394	1.0	0.25	0.4	8.0	24.0	0.0	32.0	0.25	2.0043017110113728	0.5783192277842744	0.08145832920000201
genus	peabody	3.3328635822772226	708.4087910204262	0.181184719149151	1.0	0.18181818181818182	0.3076923076923077	8.0	36.0	0.0	44.0	0.18181818181818182	2.072430407111415	0.5476550087595795	0.09059235957457556
species	peabody	3.3328635822772226	708.4087910204262	1.5350685516246083	0.2727272727272727	0.04918032786885246	0.08333333333333333	3.0	58.0	8.0	61.0	0.043478260869565216	2.430782265618948	0.5913054853868093	0.7675342758123037
strain	peabody	3.3328635822772226	708.4087910204262	na	0.0	0.0	na	0.0	0.0	11.0	0.0	0.0	na	na	na
