rank	sample	Weighted UniFrac error	Unweighted UniFrac error	L1 norm error	Completeness (recall)	Purity (precision)	F1 score	True positives	False positives	False negatives	Taxon counts	Jaccard index	Shannon diversity	Shannon equitability	Bray-Curtis distance
superkingdom	peabody	3.937283919060431	353.13285073371213	0.0025100286994720385	1.0	0.5	0.6666666666666666	1.0	1.0	0.0	2.0	0.5	0.009638485736407274	0.013905395573593783	0.0012550143497360193
phylum	peabody	3.937283919060431	353.13285073371213	0.12286769072662782	1.0	1.0	1.0	3.0	0.0	0.0	3.0	1.0	0.9353375143502116	0.851380895697205	0.06143384536331391
class	peabody	3.937283919060431	353.13285073371213	0.20308510826472712	1.0	1.0	1.0	5.0	0.0	0.0	5.0	1.0	1.4504852718776706	0.9012371714817933	0.10154255413236357
order	peabody	3.937283919060431	353.13285073371213	0.3078872614185847	1.0	0.4444444444444444	0.6153846153846153	8.0	10.0	0.0	18.0	0.4444444444444444	1.9615676736445116	0.6786558401305068	0.15394363070929243
family	peabody	3.937283919060431	353.13285073371213	0.3062509458820215	1.0	0.4444444444444444	0.6153846153846153	8.0	10.0	0.0	18.0	0.4444444444444444	1.9740739411333346	0.6829827117360909	0.15312547294101084
genus	peabody	3.937283919060431	353.13285073371213	0.33238525072567326	1.0	0.3076923076923077	0.47058823529411764	8.0	18.0	0.0	26.0	0.3076923076923077	2.043361854506819	0.6271643061097493	0.16619262536283663
species	peabody	3.937283919060431	353.13285073371213	1.6585360318384716	0.2727272727272727	0.1	0.14634146341463417	3.0	27.0	8.0	30.0	0.07894736842105263	2.3182469266529844	0.681597292515868	0.8292680159192359
strain	peabody	3.937283919060431	353.13285073371213	na	0.0	0.0	na	0.0	0.0	11.0	0.0	0.0	na	na	na
