rank	sample	Weighted UniFrac error	Unweighted UniFrac error	L1 norm error	Completeness (recall)	Purity (precision)	F1 score	True positives	False positives	False negatives	Taxon counts	Jaccard index	Shannon diversity	Shannon equitability	Bray-Curtis distance
superkingdom	peabody	5.576598054438313	55.813862162837225	0.0	1.0	1.0	1.0	1.0	0.0	0.0	1.0	1.0	0.0	0.0	0.0
phylum	peabody	5.576598054438313	55.813862162837225	0.5000000000000001	0.6666666666666666	1.0	0.8	2.0	0.0	1.0	2.0	0.6666666666666666	0.5513965535140741	0.7954970733180207	0.25000000000000006
class	peabody	5.576598054438313	55.813862162837225	0.6729492383961605	0.8	0.8	0.8000000000000002	4.0	1.0	1.0	5.0	0.6666666666666666	1.1765498827156178	0.7310315443832274	0.33647461919808025
order	peabody	5.576598054438313	55.813862162837225	0.4717917507147705	0.875	1.0	0.9333333333333333	7.0	0.0	1.0	7.0	0.875	1.4968206266265964	0.7692136388482594	0.2358958753573853
family	peabody	5.576598054438313	55.813862162837225	0.39022178894217824	1.0	1.0	1.0	8.0	0.0	0.0	8.0	1.0	1.6946436179991091	0.8149513145871486	0.19511089447108912
genus	peabody	5.576598054438313	55.813862162837225	0.7235552556088716	0.875	0.875	0.875	7.0	1.0	1.0	8.0	0.7777777777777778	1.6946436179991091	0.8149513145871486	0.3617776278044359
species	peabody	5.576598054438313	55.813862162837225	1.5605289909959594	0.2727272727272727	0.3	0.28571428571428564	3.0	7.0	8.0	10.0	0.16666666666666666	2.0788330898504395	0.9028257397199326	0.7802644954979799
strain	peabody	5.576598054438313	55.813862162837225	na	0.0	0.0	na	0.0	0.0	11.0	0.0	0.0	na	na	na
