rank	sample	Weighted UniFrac error	Unweighted UniFrac error	L1 norm error	Completeness (recall)	Purity (precision)	F1 score	True positives	False positives	False negatives	Taxon counts	Jaccard index	Shannon diversity	Shannon equitability	Bray-Curtis distance
superkingdom	peabody	7.279542041973711	349.8576506869076	0.0	1.0	1.0	1.0	1.0	0.0	0.0	1.0	1.0	0.0	0.0	0.0
phylum	peabody	7.279542041973711	349.8576506869076	0.4471225613789162	1.0	1.0	1.0	3.0	0.0	0.0	3.0	1.0	0.6169141885436895	0.5615394938751308	0.2235612806894581
class	peabody	7.279542041973711	349.8576506869076	0.4199853999999999	1.0	1.0	1.0	5.0	0.0	0.0	5.0	1.0	1.219283466701174	0.7575834129923906	0.20999269999999995
order	peabody	7.279542041973711	349.8576506869076	0.3676448333333267	1.0	0.8	0.888888888888889	8.0	2.0	0.0	10.0	0.8	1.8096337654425851	0.7859139585975182	0.18382241666666338
family	peabody	7.279542041973711	349.8576506869076	0.23833163333332663	1.0	0.7272727272727273	0.8421052631578948	8.0	3.0	0.0	11.0	0.7272727272727273	1.9600648824771651	0.8174105452861364	0.11916581666666333
genus	peabody	7.279542041973711	349.8576506869076	0.3221415666666735	1.0	0.5714285714285714	0.7272727272727273	8.0	6.0	0.0	14.0	0.5714285714285714	1.8537251909672376	0.7024194473401181	0.16107078333333674
species	peabody	7.279542041973711	349.8576506869076	1.2322766724654022	0.8181818181818182	0.3333333333333333	0.4736842105263157	9.0	18.0	2.0	27.0	0.3103448275862069	2.4062137897623344	0.7300767263640329	0.6161383362327013
strain	peabody	7.279542041973711	349.8576506869076	1.8196898180310175	0.45454545454545453	0.2	0.2777777777777778	5.0	20.0	6.0	25.0	0.16129032258064516	2.5212175886360457	0.78326028272286	0.909844909015509
