rank	sample	Weighted UniFrac error	Unweighted UniFrac error	L1 norm error	Completeness (recall)	Purity (precision)	F1 score	True positives	False positives	False negatives	Taxon counts	Jaccard index	Shannon diversity	Shannon equitability	Bray-Curtis distance
superkingdom	peabody	4.304105658274857	311.38585959105495	0.0	1.0	1.0	1.0	1.0	0.0	0.0	1.0	1.0	0.0	0.0	0.0
phylum	peabody	4.304105658274857	311.38585959105495	0.0909080730276978	1.0	1.0	1.0	3.0	0.0	0.0	3.0	1.0	0.8948158009174201	0.8144964426005464	0.0454540365138489
class	peabody	4.304105658274857	311.38585959105495	0.10568029962031375	1.0	1.0	1.0	5.0	0.0	0.0	5.0	1.0	1.3610354227046118	0.8456588552994836	0.05284014981015688
order	peabody	4.304105658274857	311.38585959105495	0.14573574635938744	1.0	0.7272727272727273	0.8421052631578948	8.0	3.0	0.0	11.0	0.7272727272727273	1.858053341047762	0.7748684282109589	0.07286787317969373
family	peabody	4.304105658274857	311.38585959105495	0.15047304581556792	1.0	0.6666666666666666	0.8	8.0	4.0	0.0	12.0	0.6666666666666666	1.8684007071313367	0.7518997573976226	0.07523652290778396
genus	peabody	4.304105658274857	311.38585959105495	0.16309893029685354	1.0	0.6666666666666666	0.8	8.0	4.0	0.0	12.0	0.6666666666666666	1.8570213975957426	0.747320386363075	0.08154946514842677
species	peabody	4.304105658274857	311.38585959105495	1.632991148707873	0.2727272727272727	0.07894736842105263	0.12244897959183672	3.0	35.0	8.0	38.0	0.06521739130434782	2.8378625079620714	0.7801499080300909	0.8164955743539366
strain	peabody	4.304105658274857	311.38585959105495	2.0	0.0	0.0	na	0.0	38.0	11.0	38.0	0.0	2.8378625079620705	0.7801499080300907	1.0
