rank	sample	Weighted UniFrac error	Unweighted UniFrac error	L1 norm error	Completeness (recall)	Purity (precision)	F1 score	True positives	False positives	False negatives	Taxon counts	Jaccard index	Shannon diversity	Shannon equitability	Bray-Curtis distance
superkingdom	peabody	3.2632256010587195	80.05507192782261	0.0	1.0	1.0	1.0	1.0	0.0	0.0	1.0	1.0	0.0	0.0	0.0
phylum	peabody	3.2632256010587195	80.05507192782261	0.1284611915259841	1.0	1.0	1.0	3.0	0.0	0.0	3.0	1.0	0.8731980790150184	0.7948191441346704	0.06423059576299206
class	peabody	3.2632256010587195	80.05507192782261	0.1467572687092215	1.0	1.0	1.0	5.0	0.0	0.0	5.0	1.0	1.3511635142739586	0.8395250937207452	0.07337863435461076
order	peabody	3.2632256010587195	80.05507192782261	0.15796205563113394	1.0	0.8888888888888888	0.9411764705882353	8.0	1.0	0.0	9.0	0.8888888888888888	1.9476212777965787	0.8864006428317652	0.07898102781556697
family	peabody	3.2632256010587195	80.05507192782261	0.15080585906776262	1.0	0.8888888888888888	0.9411764705882353	8.0	1.0	0.0	9.0	0.8888888888888888	1.9379863454396622	0.8820155961431845	0.07540292953388134
genus	peabody	3.2632256010587195	80.05507192782261	0.15649159400663062	1.0	0.8	0.888888888888889	8.0	2.0	0.0	10.0	0.8	1.955600812290478	0.8493066415832715	0.07824579700331534
species	peabody	3.2632256010587195	80.05507192782261	1.5227476321179878	0.2727272727272727	0.25	0.2608695652173913	3.0	9.0	8.0	12.0	0.15	2.2725181602626203	0.9145285841850438	0.7613738160589939
strain	peabody	3.2632256010587195	80.05507192782261	na	0.0	0.0	na	0.0	0.0	11.0	0.0	0.0	na	na	na
