rank	sample	Weighted UniFrac error	Unweighted UniFrac error	L1 norm error	Completeness (recall)	Purity (precision)	F1 score	True positives	False positives	False negatives	Taxon counts	Jaccard index	Shannon diversity	Shannon equitability	Bray-Curtis distance
superkingdom	peabody	3.9180411039393124	74.9797420441124	0.0	1.0	1.0	1.0	1.0	0.0	0.0	1.0	1.0	0.0	0.0	0.0
phylum	peabody	3.9180411039393124	74.9797420441124	0.12286769072662782	1.0	1.0	1.0	3.0	0.0	0.0	3.0	1.0	0.9353375143502117	0.8513808956972051	0.06143384536331391
class	peabody	3.9180411039393124	74.9797420441124	0.20308510826472712	1.0	1.0	1.0	5.0	0.0	0.0	5.0	1.0	1.4504852718776706	0.9012371714817933	0.10154255413236357
order	peabody	3.9180411039393124	74.9797420441124	0.3088913816125941	0.875	0.875	0.875	7.0	1.0	1.0	8.0	0.7777777777777778	1.9140800288489335	0.9204779218283202	0.1544456908062971
family	peabody	3.9180411039393124	74.9797420441124	0.30161007835636217	0.875	0.875	0.875	7.0	1.0	1.0	8.0	0.7777777777777778	1.9057740511878842	0.9164835909012101	0.15080503917818114
genus	peabody	3.9180411039393124	74.9797420441124	0.3149201449789919	0.875	0.7777777777777778	0.823529411764706	7.0	2.0	1.0	9.0	0.7	1.9325907420861632	0.8795599512313474	0.15746007248949595
species	peabody	3.9180411039393124	74.9797420441124	1.6666667000000104	0.18181818181818182	0.2	0.1904761904761905	2.0	8.0	9.0	10.0	0.10526315789473684	2.1473055238801297	0.9325629399815116	0.8333333500000051
strain	peabody	3.9180411039393124	74.9797420441124	na	0.0	0.0	na	0.0	0.0	11.0	0.0	0.0	na	na	na
