rank	sample	Weighted UniFrac error	Unweighted UniFrac error	L1 norm error	Completeness (recall)	Purity (precision)	F1 score	True positives	False positives	False negatives	Taxon counts	Jaccard index	Shannon diversity	Shannon equitability	Bray-Curtis distance
superkingdom	peabody	7.287617516625803	270.8173772084907	0.0	1.0	1.0	1.0	1.0	0.0	0.0	1.0	1.0	0.0	0.0	0.0
phylum	peabody	7.287617516625803	270.8173772084907	0.44712256137891615	1.0	1.0	1.0	3.0	0.0	0.0	3.0	1.0	0.6169141885436895	0.5615394938751308	0.22356128068945808
class	peabody	7.287617516625803	270.8173772084907	0.4199853999999999	1.0	1.0	1.0	5.0	0.0	0.0	5.0	1.0	1.219283466701174	0.7575834129923906	0.20999269999999995
order	peabody	7.287617516625803	270.8173772084907	0.3668719117143542	1.0	0.8888888888888888	0.9411764705882353	8.0	1.0	0.0	9.0	0.8888888888888888	1.8037022466176647	0.820900269013176	0.1834359558571771
family	peabody	7.287617516625803	270.8173772084907	0.23610983592383178	1.0	0.8888888888888888	0.9411764705882353	8.0	1.0	0.0	9.0	0.8888888888888888	1.9463213137822246	0.885809003712231	0.11805491796191588
genus	peabody	7.287617516625803	270.8173772084907	0.3186348743687988	1.0	0.8888888888888888	0.9411764705882353	8.0	1.0	0.0	9.0	0.8888888888888888	1.8147190336947003	0.8259142248876328	0.15931743718439942
species	peabody	7.287617516625803	270.8173772084907	1.2302639601027963	0.7272727272727273	0.47058823529411764	0.5714285714285714	8.0	9.0	3.0	17.0	0.4	2.2597628975714654	0.7975971531802257	0.6151319800513984
strain	peabody	7.287617516625803	270.8173772084907	1.8196898180310177	0.45454545454545453	0.2	0.2777777777777778	5.0	20.0	6.0	25.0	0.16129032258064516	2.521217588636046	0.7832602827228601	0.9098449090155091
