rank	sample	Weighted UniFrac error	Unweighted UniFrac error	L1 norm error	Completeness (recall)	Purity (precision)	F1 score	True positives	False positives	False negatives	Taxon counts	Jaccard index	Shannon diversity	Shannon equitability	Bray-Curtis distance
superkingdom	peabody	4.255978810343979	96.32630335944322	0.0	1.0	1.0	1.0	1.0	0.0	0.0	1.0	1.0	0.0	0.0	0.0
phylum	peabody	4.255978810343979	96.32630335944322	0.0909080730276978	1.0	1.0	1.0	3.0	0.0	0.0	3.0	1.0	0.8948158009174201	0.8144964426005464	0.0454540365138489
class	peabody	4.255978810343979	96.32630335944322	0.10568029962031376	1.0	1.0	1.0	5.0	0.0	0.0	5.0	1.0	1.3610354227046118	0.8456588552994836	0.05284014981015689
order	peabody	4.255978810343979	96.32630335944322	0.1378239829354939	1.0	1.0	1.0	8.0	0.0	0.0	8.0	1.0	1.8277001813273865	0.8789379959442933	0.06891199146774694
family	peabody	4.255978810343979	96.32630335944322	0.1397468193207073	1.0	1.0	1.0	8.0	0.0	0.0	8.0	1.0	1.8256890412913382	0.8779708420254466	0.06987340966035366
genus	peabody	4.255978810343979	96.32630335944322	0.15308575134403665	1.0	1.0	1.0	8.0	0.0	0.0	8.0	1.0	1.8136807585845462	0.8721960787218861	0.07654287567201834
species	peabody	4.255978810343979	96.32630335944322	1.6126729539786606	0.2727272727272727	0.17647058823529413	0.21428571428571427	3.0	14.0	8.0	17.0	0.12	2.639747386288427	0.9317150054464975	0.8063364769893304
strain	peabody	4.255978810343979	96.32630335944322	1.9999999999999998	0.0	0.0	na	0.0	17.0	11.0	17.0	0.0	2.6397473862884273	0.9317150054464977	1.0
