rank	sample	Weighted UniFrac error	Unweighted UniFrac error	L1 norm error	Completeness (recall)	Purity (precision)	F1 score	True positives	False positives	False negatives	Taxon counts	Jaccard index	Shannon diversity	Shannon equitability	Bray-Curtis distance
superkingdom	peabody	5.127840671731078	79.98850682381897	0.0	1.0	1.0	1.0	1.0	0.0	0.0	1.0	1.0	0.0	0.0	0.0
phylum	peabody	5.127840671731078	79.98850682381897	0.17000459692835185	1.0	1.0	1.0	3.0	0.0	0.0	3.0	1.0	0.889850331762917	0.8099766777975121	0.08500229846417592
class	peabody	5.127840671731078	79.98850682381897	0.18701656258606966	1.0	1.0	1.0	5.0	0.0	0.0	5.0	1.0	1.4731162221951632	0.9152985715163344	0.09350828129303485
order	peabody	5.127840671731078	79.98850682381897	0.41906729482495836	0.75	1.0	0.8571428571428571	6.0	0.0	2.0	6.0	0.75	1.5733252048911368	0.8780895158706619	0.20953364741247918
family	peabody	5.127840671731078	79.98850682381897	0.6843033393796679	0.625	1.0	0.7692307692307693	5.0	0.0	3.0	5.0	0.625	1.3568554293837458	0.8430616794230037	0.342151669689834
genus	peabody	5.127840671731078	79.98850682381897	0.834115528012025	0.5	0.8	0.6153846153846154	4.0	1.0	4.0	5.0	0.4444444444444444	1.2348289149483571	0.767242343061754	0.41705776400601263
species	peabody	5.127840671731078	79.98850682381897	1.8333333500000049	0.09090909090909091	0.3333333333333333	0.14285714285714288	1.0	2.0	10.0	3.0	0.07692307692307693	0.8740456560852583	0.7955906420315921	0.9166666750000025
strain	peabody	5.127840671731078	79.98850682381897	na	0.0	0.0	na	0.0	0.0	11.0	0.0	0.0	na	na	na
