rank	sample	Weighted UniFrac error	Unweighted UniFrac error	L1 norm error	Completeness (recall)	Purity (precision)	F1 score	True positives	False positives	False negatives	Taxon counts	Jaccard index	Shannon diversity	Shannon equitability	Bray-Curtis distance
superkingdom	CAMI_MED_S001	8.646900150161358	17698.496649058456	0.7125986582986893	1.0	0.75	0.8571428571428571	3.0	1.0	0.0	4.0	0.75	0.022865500873074672	0.016493972358513548	0.35629932914934465
phylum	CAMI_MED_S001	8.646900150161358	17698.496649058456	0.1341283137391988	1.0	0.16216216216216217	0.27906976744186046	6.0	31.0	0.0	37.0	0.16216216216216217	0.9274624461118139	0.17640765811156534	0.06706415686959943
class	CAMI_MED_S001	8.646900150161358	17698.496649058456	0.18852658826924448	1.0	0.22388059701492538	0.36585365853658536	15.0	52.0	0.0	67.0	0.22388059701492538	1.5390149853341215	0.2924388345296791	0.09426329413462228
order	CAMI_MED_S001	8.646900150161358	17698.496649058456	0.5955720184767267	0.9655172413793104	0.208955223880597	0.3435582822085889	28.0	106.0	1.0	134.0	0.2074074074074074	2.2866010505996437	0.3811677331452945	0.2977860092383634
family	CAMI_MED_S001	8.646900150161358	17698.496649058456	0.4644272350256868	0.9811320754716981	0.2184873949579832	0.35738831615120276	52.0	186.0	1.0	238.0	0.2175732217573222	3.0218275552192755	0.4466829482566193	0.23221361751284358
genus	CAMI_MED_S001	8.646900150161358	17698.496649058456	0.9587800470060237	0.9859154929577465	0.12567324955116696	0.22292993630573246	70.0	487.0	1.0	557.0	0.12544802867383512	3.476675035946993	0.4277097367186134	0.47939002350301324
species	CAMI_MED_S001	8.646900150161358	17698.496649058456	1.6971894408512276	0.75	0.02453430258973194	0.0475142982842059	54.0	2147.0	18.0	2201.0	0.02433528616493916	4.308984523454098	0.42628164365380294	0.8485947204256086
strain	CAMI_MED_S001	8.646900150161358	17698.496649058456	na	0.0	0.0	na	0.0	0.0	232.0	0.0	0.0	na	na	na
