rank	sample	Weighted UniFrac error	Unweighted UniFrac error	L1 norm error	Completeness (recall)	Purity (precision)	F1 score	True positives	False positives	False negatives	Taxon counts	Jaccard index	Shannon diversity	Shannon equitability	Bray-Curtis distance
superkingdom	CAMI_MED_S002	7.991999175234554	9776.969255423084	0.6616863789487156	1.0	0.75	0.8571428571428571	3.0	1.0	0.0	4.0	0.75	0.1224433697134241	0.08832422113764542	0.3308431894743578
phylum	CAMI_MED_S002	7.991999175234554	9776.969255423084	0.23346988391541487	1.0	0.2222222222222222	0.3636363636363636	6.0	21.0	0.0	27.0	0.2222222222222222	1.3259386854976516	0.2527029926416347	0.11673494195770745
class	CAMI_MED_S002	7.991999175234554	9776.969255423084	0.27487605548289173	1.0	0.3191489361702128	0.48387096774193555	15.0	32.0	0.0	47.0	0.3191489361702128	1.988388301812238	0.38049841026820586	0.13743802774144587
order	CAMI_MED_S002	7.991999175234554	9776.969255423084	0.7913798763336706	0.9655172413793104	0.2978723404255319	0.4552845528455285	28.0	66.0	1.0	94.0	0.29473684210526313	2.781671734205425	0.4654465201964185	0.3956899381668355
family	CAMI_MED_S002	7.991999175234554	9776.969255423084	0.3449575622457256	0.9622641509433962	0.31875	0.4788732394366197	51.0	109.0	2.0	160.0	0.3148148148148148	3.1005381322924954	0.4597436123611972	0.17247878112286313
genus	CAMI_MED_S002	7.991999175234554	9776.969255423084	0.4477952552104854	0.971830985915493	0.18253968253968253	0.30734966592427615	69.0	309.0	2.0	378.0	0.18157894736842106	3.51641503305824	0.4334389018216178	0.22389762760524368
species	CAMI_MED_S002	7.991999175234554	9776.969255423084	1.5642950377883265	0.7777777777777778	0.04686192468619247	0.08839779005524863	56.0	1139.0	16.0	1195.0	0.046242774566473986	3.894062796484107	0.387754557363342	0.7821475188941728
strain	CAMI_MED_S002	7.991999175234554	9776.969255423084	na	0.0	0.0	na	0.0	0.0	232.0	0.0	0.0	na	na	na
