rank	sample	Weighted UniFrac error	Unweighted UniFrac error	L1 norm error	Completeness (recall)	Purity (precision)	F1 score	True positives	False positives	False negatives	Taxon counts	Jaccard index	Shannon diversity	Shannon equitability	Bray-Curtis distance
superkingdom	CAMI_HIGH_S004	7.6847978533980035	9781.003695068779	0.011482888013010457	1.0	0.6666666666666666	0.8	2.0	1.0	0.0	3.0	0.6666666666666666	0.05056823806837666	0.04602919391124097	0.005741444006505229
phylum	CAMI_HIGH_S004	7.6847978533980035	9781.003695068779	0.050363487251962775	0.6666666666666666	1.0	0.8	8.0	0.0	4.0	8.0	0.6666666666666666	1.2361270768653603	0.594451467900742	0.025181743625981398
class	CAMI_HIGH_S004	7.6847978533980035	9781.003695068779	0.12889088187005765	0.7619047619047619	0.8421052631578947	0.8	16.0	3.0	5.0	19.0	0.6666666666666666	2.0823490434478864	0.7072141953634209	0.06444544093502884
order	CAMI_HIGH_S004	7.6847978533980035	9781.003695068779	0.6446923365399819	0.8	0.7111111111111111	0.7529411764705882	32.0	13.0	8.0	45.0	0.6037735849056604	2.9889992809002615	0.785202073714869	0.3223461682699911
family	CAMI_HIGH_S004	7.6847978533980035	9781.003695068779	0.2689149216773838	0.7159090909090909	0.863013698630137	0.782608695652174	63.0	10.0	25.0	73.0	0.6428571428571429	3.622039853226559	0.8442079229298293	0.13445746083869184
genus	CAMI_HIGH_S004	7.6847978533980035	9781.003695068779	0.4273253675066833	0.6752577319587629	0.8972602739726028	0.7705882352941177	131.0	15.0	63.0	146.0	0.6267942583732058	4.303736640419546	0.86357872262082	0.21366268375334196
species	CAMI_HIGH_S004	7.6847978533980035	9781.003695068779	1.814010989949216	0.41975308641975306	0.3849056603773585	0.4015748031496063	102.0	163.0	141.0	265.0	0.2512315270935961	5.227179346676892	0.9368158512501067	0.9070054949746085
strain	CAMI_HIGH_S004	7.6847978533980035	9781.003695068779	na	0.0	0.0	na	0.0	0.0	1074.0	0.0	0.0	na	na	na
