rank	sample	Weighted UniFrac error	Unweighted UniFrac error	L1 norm error	Completeness (recall)	Purity (precision)	F1 score	True positives	False positives	False negatives	Taxon counts	Jaccard index	Shannon diversity	Shannon equitability	Bray-Curtis distance
superkingdom	CAMI_MED_S002	8.926871393117857	28557.224270846364	0.6444758702283021	1.0	0.75	0.8571428571428571	3.0	1.0	0.0	4.0	0.75	0.1960021281694215	0.1413856491568537	0.32223793511415105
phylum	CAMI_MED_S002	8.926871393117857	28557.224270846364	0.11183033083814095	1.0	0.14285714285714285	0.25	6.0	36.0	0.0	42.0	0.14285714285714285	1.4036480387039776	0.3687345653774177	0.05591516541907048
class	CAMI_MED_S002	8.926871393117857	28557.224270846364	0.3210758844902503	1.0	0.18518518518518517	0.3125	15.0	66.0	0.0	81.0	0.18518518518518517	1.9344029460959704	0.43314884558770006	0.1605379422451252
order	CAMI_MED_S002	8.926871393117857	28557.224270846364	0.9583488728431466	0.9655172413793104	0.1590909090909091	0.27317073170731704	28.0	148.0	1.0	176.0	0.15819209039548024	2.904922122206425	0.5525296584495167	0.4791744364215737
family	CAMI_MED_S002	8.926871393117857	28557.224270846364	0.6067434217076692	0.9811320754716981	0.13978494623655913	0.2447058823529411	52.0	320.0	1.0	372.0	0.13941018766756033	3.403350264380295	0.5503344638690233	0.3033717108538349
genus	CAMI_MED_S002	8.926871393117857	28557.224270846364	0.7619319761159659	0.7605633802816901	0.045531197301854974	0.08591885441527447	54.0	1132.0	17.0	1186.0	0.04488778054862843	4.038623100401991	0.5363800085727042	0.3809659880579855
species	CAMI_MED_S002	8.926871393117857	28557.224270846364	1.7479755981765193	0.2916666666666667	0.005545286506469501	0.010883648613630474	21.0	3766.0	51.0	3787.0	0.0054715997915581035	4.868958265640704	0.5531510573033098	0.8739877990882492
strain	CAMI_MED_S002	8.926871393117857	28557.224270846364	na	0.0	0.0	na	0.0	0.0	232.0	0.0	0.0	na	na	na
