rank	sample	Weighted UniFrac error	Unweighted UniFrac error	L1 norm error	Completeness (recall)	Purity (precision)	F1 score	True positives	False positives	False negatives	Taxon counts	Jaccard index	Shannon diversity	Shannon equitability	Bray-Curtis distance
superkingdom	CAMI_MED_S002	9.164687092311357	44931.289501101426	0.6454309645944926	1.0	0.75	0.8571428571428571	3.0	1.0	0.0	4.0	0.75	0.22152984661210767	0.15980000555809024	0.3227154822972463
phylum	CAMI_MED_S002	9.164687092311357	44931.289501101426	0.18276110651080593	1.0	0.12	0.21428571428571425	6.0	44.0	0.0	50.0	0.12	1.3634867814828942	0.34181304451625216	0.091380553255403
class	CAMI_MED_S002	9.164687092311357	44931.289501101426	0.35302012164342744	1.0	0.13392857142857142	0.23622047244094488	15.0	97.0	0.0	112.0	0.13392857142857142	1.8045050818168171	0.37190721897086504	0.17651006082171364
order	CAMI_MED_S002	9.164687092311357	44931.289501101426	1.0032674929349772	0.9655172413793104	0.11067193675889328	0.19858156028368795	28.0	225.0	1.0	253.0	0.11023622047244094	2.6217148960066488	0.4557465086684872	0.5016337464674891
family	CAMI_MED_S002	9.164687092311357	44931.289501101426	0.7119372526471497	0.9811320754716981	0.10743801652892562	0.19366852886405958	52.0	432.0	1.0	484.0	0.10721649484536082	2.949109085973558	0.4595967162306016	0.35596862632357534
genus	CAMI_MED_S002	9.164687092311357	44931.289501101426	0.8396175295491536	0.7746478873239436	0.03790489317711923	0.07227332457293036	55.0	1396.0	16.0	1451.0	0.03749147920927062	3.3578074271823555	0.45077798983874795	0.4198087647745793
species	CAMI_MED_S002	9.164687092311357	44931.289501101426	1.761597488534936	0.3333333333333333	0.004914004914004914	0.009685230024213076	24.0	4860.0	48.0	4884.0	0.004866180048661801	3.8494653595744035	0.4465960240399311	0.8807987442674701
strain	CAMI_MED_S002	9.164687092311357	44931.289501101426	na	0.0	0.0	na	0.0	0.0	232.0	0.0	0.0	na	na	na
