rank	sample	Weighted UniFrac error	Unweighted UniFrac error	L1 norm error	Completeness (recall)	Purity (precision)	F1 score	True positives	False positives	False negatives	Taxon counts	Jaccard index	Shannon diversity	Shannon equitability	Bray-Curtis distance
superkingdom	CAMI_MED_S002	8.926871393117874	28557.224270846356	0.6444758702283021	1.0	0.75	0.8571428571428571	3.0	1.0	0.0	4.0	0.75	0.1960021281694215	0.1413856491568537	0.32223793511415105
phylum	CAMI_MED_S002	8.926871393117874	28557.224270846356	0.11183033083814095	1.0	0.14285714285714285	0.25	6.0	36.0	0.0	42.0	0.14285714285714285	1.4036480387039785	0.36873456537741794	0.05591516541907047
class	CAMI_MED_S002	8.926871393117874	28557.224270846356	0.32107588449025015	1.0	0.18518518518518517	0.3125	15.0	66.0	0.0	81.0	0.18518518518518517	1.9344029460959697	0.43314884558769995	0.1605379422451251
order	CAMI_MED_S002	8.926871393117874	28557.224270846356	0.9583488728431472	0.9655172413793104	0.1590909090909091	0.27317073170731704	28.0	148.0	1.0	176.0	0.15819209039548024	2.904922122206424	0.5525296584495165	0.47917443642157365
family	CAMI_MED_S002	8.926871393117874	28557.224270846356	0.6067434217076688	0.9811320754716981	0.13978494623655913	0.2447058823529411	52.0	320.0	1.0	372.0	0.13941018766756033	3.403350264380296	0.5503344638690235	0.303371710853835
genus	CAMI_MED_S002	8.926871393117874	28557.224270846356	0.7619319761159666	0.7605633802816901	0.045531197301854974	0.08591885441527447	54.0	1132.0	17.0	1186.0	0.04488778054862843	4.038623100402	0.5363800085727054	0.38096598805798554
species	CAMI_MED_S002	8.926871393117874	28557.224270846356	1.7479755981765361	0.2916666666666667	0.005545286506469501	0.010883648613630474	21.0	3766.0	51.0	3787.0	0.0054715997915581035	4.868958265640721	0.5531510573033117	0.8739877990882492
strain	CAMI_MED_S002	8.926871393117874	28557.224270846356	na	0.0	0.0	na	0.0	0.0	232.0	0.0	0.0	na	na	na
