rank	sample	Weighted UniFrac error	Unweighted UniFrac error	L1 norm error	Completeness (recall)	Purity (precision)	F1 score	True positives	False positives	False negatives	Taxon counts	Jaccard index	Shannon diversity	Shannon equitability	Bray-Curtis distance
superkingdom	CAMI_MED_S002	10.091013211169724	2155.156186547174	0.6587927789487157	1.0	1.0	1.0	3.0	0.0	0.0	3.0	1.0	0.12571370226054665	0.11442954312203647	0.32939638947435784
phylum	CAMI_MED_S002	10.091013211169724	2155.156186547174	0.20762394493514505	1.0	1.0	1.0	6.0	0.0	0.0	6.0	1.0	1.408881806694368	0.7863119078708469	0.10381197246757252
class	CAMI_MED_S002	10.091013211169724	2155.156186547174	0.30040502928035645	1.0	0.9375	0.967741935483871	15.0	1.0	0.0	16.0	0.9375	2.107440929300591	0.7600986444170978	0.15020251464017825
order	CAMI_MED_S002	10.091013211169724	2155.156186547174	0.7459282071737563	0.896551724137931	0.8387096774193549	0.8666666666666666	26.0	5.0	3.0	31.0	0.7647058823529411	2.66182186051525	0.7751402966902825	0.3729641035868783
family	CAMI_MED_S002	10.091013211169724	2155.156186547174	0.3781532836691264	0.8113207547169812	0.9148936170212766	0.8600000000000001	43.0	4.0	10.0	47.0	0.7543859649122807	2.9309872237316434	0.7612661972828869	0.18907664183456316
genus	CAMI_MED_S002	10.091013211169724	2155.156186547174	0.3744970813062687	0.7605633802816901	0.84375	0.8	54.0	10.0	17.0	64.0	0.6666666666666666	3.1288207086513653	0.7523223533670029	0.18724854065313426
species	CAMI_MED_S002	10.091013211169724	2155.156186547174	1.5804587549167837	0.4583333333333333	0.6	0.5196850393700787	33.0	22.0	39.0	55.0	0.35106382978723405	3.00646516230183	0.7502408767459202	0.7902293774583915
strain	CAMI_MED_S002	10.091013211169724	2155.156186547174	2.0000000000000004	0.0	0.0	na	0.0	34.0	232.0	34.0	0.0	2.3560367930058175	0.6681213609780492	1.0
