rank	sample	Weighted UniFrac error	Unweighted UniFrac error	L1 norm error	Completeness (recall)	Purity (precision)	F1 score	True positives	False positives	False negatives	Taxon counts	Jaccard index	Shannon diversity	Shannon equitability	Bray-Curtis distance
superkingdom	CAMI_MED_S002	8.951704919446886	2911.2663775319947	0.6633973200293463	1.0	1.0	1.0	3.0	0.0	0.0	3.0	1.0	0.11486612558790985	0.10455565332076022	0.33169866001467313
phylum	CAMI_MED_S002	8.951704919446886	2911.2663775319947	0.23150069194557163	1.0	1.0	1.0	6.0	0.0	0.0	6.0	1.0	1.3151535759589528	0.7340011862895645	0.11575034597278581
class	CAMI_MED_S002	8.951704919446886	2911.2663775319947	0.2712520195527768	1.0	0.9375	0.967741935483871	15.0	1.0	0.0	16.0	0.9375	1.9675862469082948	0.7096567302339811	0.13562600977638836
order	CAMI_MED_S002	8.951704919446886	2911.2663775319947	0.7857506340615588	0.8620689655172413	0.8064516129032258	0.8333333333333334	25.0	6.0	4.0	31.0	0.7142857142857143	2.74288580408373	0.7987466582581422	0.3928753170307793
family	CAMI_MED_S002	8.951704919446886	2911.2663775319947	0.3446590833214641	0.8301886792452831	0.8979591836734694	0.8627450980392157	44.0	5.0	9.0	49.0	0.7586206896551724	3.0343124076181183	0.7796640582534592	0.17232954166073194
genus	CAMI_MED_S002	8.951704919446886	2911.2663775319947	0.4248546308454091	0.8450704225352113	0.759493670886076	0.8	60.0	19.0	11.0	79.0	0.6666666666666666	3.3540357662372333	0.7676108926082092	0.21242731542270443
species	CAMI_MED_S002	8.951704919446886	2911.2663775319947	1.542270676104106	0.6666666666666666	0.1563517915309446	0.2532981530343008	48.0	259.0	24.0	307.0	0.14501510574018128	3.5831879431316747	0.6256824174592948	0.7711353380520529
strain	CAMI_MED_S002	8.951704919446886	2911.2663775319947	1.9011732093856741	0.05603448275862069	0.04234527687296417	0.04823747680890538	13.0	294.0	219.0	307.0	0.024714828897338403	3.5831879431316755	0.625682417459295	0.9505866046928374
