rank	sample	Weighted UniFrac error	Unweighted UniFrac error	L1 norm error	Completeness (recall)	Purity (precision)	F1 score	True positives	False positives	False negatives	Taxon counts	Jaccard index	Shannon diversity	Shannon equitability	Bray-Curtis distance
superkingdom	CAMI_MED_S002	10.48230238993435	2482.382753152192	0.5585466702283021	1.0	1.0	1.0	3.0	0.0	0.0	3.0	1.0	0.5356487124525035	0.4875684697664279	0.27927333511415103
phylum	CAMI_MED_S002	10.48230238993435	2482.382753152192	0.8048223426970503	0.8333333333333334	1.0	0.9090909090909091	5.0	0.0	1.0	5.0	0.8333333333333334	1.034506037560119	0.6427747411489398	0.4024111713485251
class	CAMI_MED_S002	10.48230238993435	2482.382753152192	0.8634971038391446	0.6666666666666666	1.0	0.8	10.0	0.0	5.0	10.0	0.6666666666666666	1.5141429516492992	0.6575839287139928	0.4317485519195723
order	CAMI_MED_S002	10.48230238993435	2482.382753152192	1.0443049324477807	0.6551724137931034	0.95	0.7755102040816326	19.0	1.0	10.0	20.0	0.6333333333333333	2.0253124569880323	0.6760659071130213	0.5221524662238902
family	CAMI_MED_S002	10.48230238993435	2482.382753152192	1.1233030780758841	0.6226415094339622	0.9705882352941176	0.7586206896551724	33.0	1.0	20.0	34.0	0.6111111111111112	2.083313597717425	0.5907829285107455	0.5616515390379422
genus	CAMI_MED_S002	10.48230238993435	2482.382753152192	1.2023206282278631	0.4084507042253521	0.6904761904761905	0.5132743362831858	29.0	13.0	42.0	42.0	0.34523809523809523	2.114676787848494	0.5657741330331171	0.6011603141139313
species	CAMI_MED_S002	10.48230238993435	2482.382753152192	1.7768108670419367	0.3055555555555556	0.5945945945945946	0.4036697247706422	22.0	15.0	50.0	37.0	0.25287356321839083	1.9519699194989293	0.5405744375034904	0.8884054335209683
strain	CAMI_MED_S002	10.48230238993435	2482.382753152192	na	0.0	0.0	na	0.0	0.0	232.0	0.0	0.0	na	na	na
