rank	sample	Weighted UniFrac error	Unweighted UniFrac error	L1 norm error	Completeness (recall)	Purity (precision)	F1 score	True positives	False positives	False negatives	Taxon counts	Jaccard index	Shannon diversity	Shannon equitability	Bray-Curtis distance
superkingdom	CAMI_MED_S002	8.34696711759587	1997.481316708777	0.645715870228302	0.6666666666666666	1.0	0.8	2.0	0.0	1.0	2.0	0.6666666666666666	0.2087156410677028	0.3011130203243357	0.322857935114151
phylum	CAMI_MED_S002	8.34696711759587	1997.481316708777	0.105935700390107	1.0	1.0	1.0	6.0	0.0	0.0	6.0	1.0	1.3289497109964894	0.7417009558593497	0.05296785019505349
class	CAMI_MED_S002	8.34696711759587	1997.481316708777	0.13592789153841053	1.0	0.9375	0.967741935483871	15.0	1.0	0.0	16.0	0.9375	1.9434001409898023	0.7009334364672251	0.06796394576920528
order	CAMI_MED_S002	8.34696711759587	1997.481316708777	0.6609599901762283	0.896551724137931	0.8387096774193549	0.8666666666666666	26.0	5.0	3.0	31.0	0.7647058823529411	2.630397997334502	0.765989457939426	0.33047999508811415
family	CAMI_MED_S002	8.34696711759587	1997.481316708777	0.2671050178305373	0.8679245283018868	0.9583333333333334	0.910891089108911	46.0	2.0	7.0	48.0	0.8363636363636363	2.8805066392955885	0.7440860423365201	0.13355250891526865
genus	CAMI_MED_S002	8.34696711759587	1997.481316708777	0.2501262571693637	0.8591549295774648	0.7625	0.8079470198675496	61.0	19.0	10.0	80.0	0.6777777777777778	3.16551285269976	0.722385580145006	0.12506312858468177
species	CAMI_MED_S002	8.34696711759587	1997.481316708777	1.6173399373979118	0.6111111111111112	0.4489795918367347	0.5176470588235293	44.0	54.0	28.0	98.0	0.3492063492063492	3.0000556208515086	0.6543242966952048	0.8086699686989556
strain	CAMI_MED_S002	8.34696711759587	1997.481316708777	na	0.0	0.0	na	0.0	0.0	232.0	0.0	0.0	na	na	na
