tool	sample	Weighted UniFrac error	Unweighted UniFrac error	L1 norm error	Completeness (recall)	Purity (precision)	F1 score	True positives	False positives	False negatives	Taxon counts	Jaccard index	Shannon diversity	Shannon equitability	Bray-Curtis distance
Metalign	CAMI_low_S001	8.578845467914762	635.0473644546414	0.6275102266851921	0.8333333333333334	0.9090909090909091	0.8695652173913043	10.0	1.0	2.0	11.0	0.7692307692307693	2.229814360383841	0.9299048151429995	0.31375511334259604
Bracken+Kraken2	CAMI_low_S001	11.553564076742642	1185.0359087775764	1.1082628519477915	0.9166666666666666	0.5238095238095238	0.6666666666666667	11.0	10.0	1.0	21.0	0.5	2.0236545016314387	0.6646870052777964	0.5541314259738959
CLARK	CAMI_low_S001	11.30133168648149	767.6228546631974	1.1344841344841345	0.6666666666666666	1.0	0.8	8.0	0.0	4.0	8.0	0.6666666666666666	1.820571858851087	0.8755099974488219	0.5672420672420673
GOTTCHA	CAMI_low_S001	12.253603795813214	787.825052025075	1.651629508643807	0.4166666666666667	1.0	0.5882352941176471	5.0	0.0	7.0	5.0	0.4166666666666667	0.7756299750865061	0.4819259998128476	0.8258147543219035
MEGAN+DIAMOND	CAMI_low_S001	9.943963041066112	637.0830482838543	0.9960249760318278	0.8333333333333334	0.9090909090909091	0.8695652173913043	10.0	1.0	2.0	11.0	0.7692307692307693	2.14863545041739	0.8960505801864768	0.49801248801591397
MetaPhlAn2	CAMI_low_S001	11.823753531188272	774.7699022116466	1.437495559946872	0.5	1.0	0.6666666666666666	6.0	0.0	6.0	6.0	0.5	1.3911730545157543	0.7764284650970001	0.7187477799734361
mOTUs2	CAMI_low_S001	9.72087294947103	669.7618315396937	0.6744317837012936	0.75	0.9	0.8181818181818182	9.0	1.0	3.0	10.0	0.6923076923076923	1.7518820176821102	0.7608326932248755	0.3372158918506468
