tool	sample	Weighted UniFrac error	Unweighted UniFrac error	L1 norm error	Completeness (recall)	Purity (precision)	F1 score	True positives	False positives	False negatives	Taxon counts	Jaccard index	Shannon diversity	Shannon equitability	Bray-Curtis distance
Metalign	CAMI_low_S001	8.578845467914755	635.0473644546415	0.627510226685192	0.8333333333333334	0.9090909090909091	0.8695652173913043	10.0	1.0	2.0	11.0	0.7692307692307693	2.229814360383841	0.9299048151429995	0.313755113342596
Bracken+Kraken2	CAMI_low_S001	11.553564076742632	1185.0359087775764	1.1082628519477917	0.9166666666666666	0.5238095238095238	0.6666666666666667	11.0	10.0	1.0	21.0	0.5	2.0236545016314387	0.6646870052777964	0.5541314259738958
CLARK	CAMI_low_S001	11.30133168648149	767.6228546631971	1.1344841344841345	0.6666666666666666	1.0	0.8	8.0	0.0	4.0	8.0	0.6666666666666666	1.820571858851087	0.8755099974488219	0.5672420672420673
GOTTCHA	CAMI_low_S001	12.253603795813214	787.825052025075	1.6516295086438069	0.4166666666666667	1.0	0.5882352941176471	5.0	0.0	7.0	5.0	0.4166666666666667	0.7756299750865061	0.4819259998128476	0.8258147543219035
MEGAN+DIAMOND	CAMI_low_S001	9.943963041066112	637.0830482838543	0.9960249760318279	0.8333333333333334	0.9090909090909091	0.8695652173913043	10.0	1.0	2.0	11.0	0.7692307692307693	2.14863545041739	0.8960505801864768	0.4980124880159141
MetaBinG2	CAMI_low_S001	12.617046928617889	801.5674952968127	1.2925365122203356	0.5833333333333334	0.875	0.7000000000000001	7.0	1.0	5.0	8.0	0.5384615384615384	1.9268034786383876	0.9265966077997353	0.646268256110168
MetaPhlAn2	CAMI_low_S001	11.82375353118827	774.7699022116465	1.4374955599468722	0.5	1.0	0.6666666666666666	6.0	0.0	6.0	6.0	0.5	1.3911730545157543	0.7764284650970001	0.7187477799734362
mOTUs2	CAMI_low_S001	9.72087294947103	669.7618315396938	0.6744317837012936	0.75	0.9	0.8181818181818182	9.0	1.0	3.0	10.0	0.6923076923076923	1.7518820176821104	0.7608326932248756	0.3372158918506468
