tool	sample	Weighted UniFrac error	Unweighted UniFrac error	L1 norm error	Completeness (recall)	Purity (precision)	F1 score	True positives	False positives	False negatives	Taxon counts	Jaccard index	Shannon diversity	Shannon equitability	Bray-Curtis distance
Metalign	CAMI_low_S001	8.578845467914755	635.0473644546415	0.7213000708490499	0.8125	0.8125	0.8125	13.0	3.0	3.0	16.0	0.6842105263157895	2.2273318795580317	0.8033401642630665	0.36065003542452495
Bracken+Kraken2	CAMI_low_S001	11.553564076742632	1185.0359087775764	1.4667430121440919	0.75	0.19047619047619047	0.3037974683544304	12.0	51.0	4.0	63.0	0.1791044776119403	2.7964262614329383	0.6749542185099273	0.7333715060720457
CLARK	CAMI_low_S001	11.30133168648149	767.6228546631971	1.362666786612404	0.5	0.5714285714285714	0.5333333333333333	8.0	6.0	8.0	14.0	0.36363636363636365	1.9926863633628138	0.7550750569156156	0.6813333933062021
GOTTCHA	CAMI_low_S001	12.253603795813214	787.825052025075	1.7046336448324224	0.3125	0.8333333333333334	0.45454545454545453	5.0	1.0	11.0	6.0	0.29411764705882354	0.8698013099710731	0.48544535408305123	0.8523168224162113
MEGAN+DIAMOND	CAMI_low_S001	9.943963041066112	637.0830482838543	0.8468014130511707	0.8125	0.8125	0.8125	13.0	3.0	3.0	16.0	0.6842105263157895	2.2259846684144344	0.802854260554092	0.42340070652558554
MetaBinG2	CAMI_low_S001	12.617046928617889	801.5674952968127	1.7347065412904945	0.4375	0.7777777777777778	0.56	7.0	2.0	9.0	9.0	0.3888888888888889	1.8696302152457238	0.8509053806017175	0.8673532706452473
MetaPhlAn2	CAMI_low_S001	11.82375353118827	774.7699022116465	1.559748717122673	0.375	1.0	0.5454545454545454	6.0	0.0	10.0	6.0	0.375	1.2999544793970828	0.7255184089844063	0.7798743585613364
mOTUs2	CAMI_low_S001	9.72087294947103	669.7618315396938	1.243716850007624	0.8125	0.8125	0.8125	13.0	3.0	3.0	16.0	0.6842105263157895	1.7428994227585615	0.6286180884955034	0.6218584250038122
