tool	sample	Weighted UniFrac error	Unweighted UniFrac error	L1 norm error	Completeness (recall)	Purity (precision)	F1 score	True positives	False positives	False negatives	Taxon counts	Jaccard index	Shannon diversity	Shannon equitability	Bray-Curtis distance
Metalign	CAMI_low_S001	8.578845467914755	635.0473644546415	0.579161343093562	0.7272727272727273	0.8	0.761904761904762	16.0	4.0	6.0	20.0	0.6153846153846154	2.416711581216277	0.8067181445253812	0.289580671546781
Bracken+Kraken2	CAMI_low_S001	11.553564076742632	1185.0359087775764	1.720916221363848	0.4090909090909091	0.10843373493975904	0.17142857142857143	9.0	74.0	13.0	83.0	0.09375	2.8010938716582165	0.6338979203540334	0.8604581106819239
CLARK	CAMI_low_S001	11.30133168648149	767.6228546631971	1.7313124115862206	0.22727272727272727	0.38461538461538464	0.2857142857142857	5.0	8.0	17.0	13.0	0.16666666666666666	2.03933350946794	0.7950774948189289	0.8656562057931102
GOTTCHA	CAMI_low_S001	12.253603795813214	787.825052025075	1.8456146879203894	0.18181818181818182	0.5714285714285714	0.27586206896551724	4.0	3.0	18.0	7.0	0.16	0.9892936195249387	0.5083963511908368	0.9228073439601944
MEGAN+DIAMOND	CAMI_low_S001	9.943963041066112	637.0830482838543	0.6018953080599465	0.7272727272727273	0.7619047619047619	0.7441860465116279	16.0	5.0	6.0	21.0	0.5925925925925926	2.4329231125299975	0.7991148570247503	0.3009476540299733
MetaBinG2	CAMI_low_S001	12.617046928617889	801.5674952968127	1.9141037152499425	0.09090909090909091	0.2	0.12500000000000003	2.0	8.0	20.0	10.0	0.06666666666666667	2.000154395639775	0.8686560169808878	0.9570518576249711
MetaPhlAn2	CAMI_low_S001	11.82375353118827	774.7699022116465	1.7238093770061462	0.2727272727272727	0.6666666666666666	0.3870967741935484	6.0	3.0	16.0	9.0	0.24	1.535159920139544	0.6986813892281679	0.861904688503073
mOTUs2	CAMI_low_S001	9.72087294947103	669.7618315396938	0.9112993429934915	0.6363636363636364	0.7777777777777778	0.7000000000000001	14.0	4.0	8.0	18.0	0.5384615384615384	1.909314168818302	0.6605773681542086	0.45564967149674573
