tool	sample	Weighted UniFrac error	Unweighted UniFrac error	L1 norm error	Completeness (recall)	Purity (precision)	F1 score	True positives	False positives	False negatives	Taxon counts	Jaccard index	Shannon diversity	Shannon equitability	Bray-Curtis distance
Metalign	CAMI_low_S001	8.578845467914755	635.0473644546415	0.8910882087115786	0.7857142857142857	0.7857142857142857	0.7857142857142857	11.0	3.0	3.0	14.0	0.6470588235294118	2.30832959148328	0.8746795931939099	0.4455441043557893
Bracken+Kraken2	CAMI_low_S001	11.553564076742632	1185.0359087775764	1.3873687979713925	0.8571428571428571	0.2857142857142857	0.42857142857142855	12.0	30.0	2.0	42.0	0.2727272727272727	2.547416867364014	0.6815521775661885	0.6936843989856963
CLARK	CAMI_low_S001	11.30133168648149	767.6228546631971	1.417233377550199	0.5714285714285714	0.6153846153846154	0.5925925925925927	8.0	5.0	6.0	13.0	0.42105263157894735	2.0878462085257987	0.8139912012111169	0.7086166887750995
GOTTCHA	CAMI_low_S001	12.253603795813214	787.825052025075	1.6605932513811155	0.42857142857142855	0.8571428571428571	0.5714285714285714	6.0	1.0	8.0	7.0	0.4	0.99145148092707	0.5095052725884558	0.8302966256905578
MEGAN+DIAMOND	CAMI_low_S001	9.943963041066112	637.0830482838543	1.0411384649848954	0.7857142857142857	0.7857142857142857	0.7857142857142857	11.0	3.0	3.0	14.0	0.6470588235294118	2.2883837541838172	0.8671216530629272	0.5205692324924477
MetaBinG2	CAMI_low_S001	12.617046928617889	801.5674952968127	1.4910187066461296	0.5714285714285714	0.8	0.6666666666666666	8.0	2.0	6.0	10.0	0.5	2.000154395639775	0.8686560169808878	0.745509353323065
MetaPhlAn2	CAMI_low_S001	11.82375353118827	774.7699022116465	1.4374940673741632	0.5	1.0	0.6666666666666666	7.0	0.0	7.0	7.0	0.5	1.5042603689907061	0.7730369101168334	0.7187470336870816
mOTUs2	CAMI_low_S001	9.72087294947103	669.7618315396938	0.9472463900711758	0.7142857142857143	0.7692307692307693	0.7407407407407408	10.0	3.0	4.0	13.0	0.5882352941176471	1.8575975303855388	0.7242238623471126	0.47362319503558786
