tool	sample	Weighted UniFrac error	Unweighted UniFrac error	L1 norm error	Completeness (recall)	Purity (precision)	F1 score	True positives	False positives	False negatives	Taxon counts	Jaccard index	Shannon diversity	Shannon equitability	Bray-Curtis distance
Metalign	CAMI_low_S001	8.578845467914762	635.0473644546414	0.31366591379620373	1.0	1.0	1.0	6.0	0.0	0.0	6.0	1.0	1.6510339508687808	0.9214595927767565	0.15683295689810187
Bracken+Kraken2	CAMI_low_S001	11.553564076742642	1185.0359087775764	0.8897427775508909	1.0	0.5	0.6666666666666666	6.0	6.0	0.0	12.0	0.5	1.112329621137691	0.44763436937664813	0.4448713887754454
CLARK	CAMI_low_S001	11.30133168648149	767.6228546631974	1.0287830763592678	0.6666666666666666	1.0	0.8	4.0	0.0	2.0	4.0	0.6666666666666666	0.8844500992670064	0.6379958860631307	0.5143915381796339
GOTTCHA	CAMI_low_S001	12.253603795813214	787.825052025075	1.4899965825965829	0.5	1.0	0.6666666666666666	3.0	0.0	3.0	3.0	0.5	0.2078166599963056	0.1891628758752096	0.7449982912982914
MEGAN+DIAMOND	CAMI_low_S001	9.943963041066112	637.0830482838543	0.7047801667284204	1.0	1.0	1.0	6.0	0.0	0.0	6.0	1.0	1.3679527235139226	0.7634689516128405	0.3523900833642102
MetaPhlAn2	CAMI_low_S001	11.823753531188272	774.7699022116466	1.3455019825965826	0.5	1.0	0.6666666666666666	3.0	0.0	3.0	3.0	0.5	0.39210906836807224	0.35691305514472377	0.6727509912982912
mOTUs2	CAMI_low_S001	9.72087294947103	669.7618315396937	0.638055413334881	0.6666666666666666	1.0	0.8	4.0	0.0	2.0	4.0	0.6666666666666666	1.0818336998136364	0.7803780568938464	0.3190277066674405
