tool	sample	Weighted UniFrac error	Unweighted UniFrac error	L1 norm error	Completeness (recall)	Purity (precision)	F1 score	True positives	False positives	False negatives	Taxon counts	Jaccard index	Shannon diversity	Shannon equitability	Bray-Curtis distance
Metalign	CAMI_low_S001	8.578845467914762	635.0473644546414	1.547983905295749	0.6956521739130435	0.7619047619047619	0.7272727272727272	16.0	5.0	7.0	21.0	0.5714285714285714	2.4242506295972666	0.7962663042188082	0.7739919526478746
Bracken+Kraken2	CAMI_low_S001	11.553564076742642	1185.0359087775764	1.9444123327015534	0.17391304347826086	0.07407407407407407	0.10389610389610389	4.0	50.0	19.0	54.0	0.0547945205479452	2.623681871711939	0.657731853796639	0.9722061663507767
CLARK	CAMI_low_S001	11.30133168648149	767.6228546631974	1.9449500176987982	0.13043478260869565	0.17647058823529413	0.15	3.0	14.0	20.0	17.0	0.08108108108108109	2.1485536186690557	0.758345157161036	0.972475008849399
GOTTCHA	CAMI_low_S001	12.253603795813214	787.825052025075	1.9340932614627724	0.21739130434782608	0.7142857142857143	0.3333333333333333	5.0	2.0	18.0	7.0	0.2	0.9892936195249387	0.5083963511908368	0.9670466307313859
MEGAN+DIAMOND	CAMI_low_S001	9.943963041066112	637.0830482838543	1.5241648831867602	0.7391304347826086	0.68	0.7083333333333334	17.0	8.0	6.0	25.0	0.5483870967741935	2.2683278221560443	0.7046956594695364	0.7620824415933799
MetaPhlAn2	CAMI_low_S001	11.823753531188272	774.7699022116466	1.9340932614627717	0.21739130434782608	1.0	0.3571428571428571	5.0	0.0	18.0	5.0	0.21739130434782608	1.112005249527211	0.6909277089449345	0.9670466307313859
mOTUs2	CAMI_low_S001	9.72087294947103	669.7618315396937	1.7962733948982654	0.5652173913043478	0.8666666666666667	0.6842105263157895	13.0	2.0	10.0	15.0	0.52	1.3973411961736721	0.515995307474336	0.8981366974491328
