tool	sample	Weighted UniFrac error	Unweighted UniFrac error	L1 norm error	Completeness (recall)	Purity (precision)	F1 score	True positives	False positives	False negatives	Taxon counts	Jaccard index	Shannon diversity	Shannon equitability	Bray-Curtis distance
Metalign	CAMI_low_S001	8.578845467914755	635.0473644546415	1.8415149509102948	0.13333333333333333	0.38095238095238093	0.19753086419753085	8.0	13.0	52.0	21.0	0.1095890410958904	2.424250629597266	0.7962663042188081	0.9207574754551473
Bracken+Kraken2	CAMI_low_S001	11.553564076742632	1185.0359087775764	na	0.0	0.0	na	0.0	0.0	60.0	0.0	0.0	na	na	na
CLARK	CAMI_low_S001	11.30133168648149	767.6228546631971	na	0.0	0.0	na	0.0	0.0	60.0	0.0	0.0	na	na	na
GOTTCHA	CAMI_low_S001	12.253603795813214	787.825052025075	na	0.0	0.0	na	0.0	0.0	60.0	0.0	0.0	na	na	na
MEGAN+DIAMOND	CAMI_low_S001	9.943963041066112	637.0830482838543	2.0000000000000004	0.0	0.0	na	0.0	14.0	60.0	14.0	0.0	1.4940964536031955	0.5661477819509955	1.0
MetaBinG2	CAMI_low_S001	12.617046928617889	801.5674952968127	2.000000000000001	0.0	0.0	na	0.0	9.0	60.0	9.0	0.0	1.8696302152457238	0.8509053806017175	1.0
MetaPhlAn2	CAMI_low_S001	11.82375353118827	774.7699022116465	na	0.0	0.0	na	0.0	0.0	60.0	0.0	0.0	na	na	na
mOTUs2	CAMI_low_S001	9.72087294947103	669.7618315396938	na	0.0	0.0	na	0.0	0.0	60.0	0.0	0.0	na	na	na
