rank	sample	Weighted UniFrac error	Unweighted UniFrac error	L1 norm error	Completeness (recall)	Purity (precision)	F1 score	True positives	False positives	False negatives	Taxon counts	Jaccard index	Shannon diversity	Shannon equitability	Bray-Curtis distance
superkingdom	CAMI_HIGH_S004	8.361623901932862	13449.692393579102	0.011395974295974366	1.0	0.5	0.6666666666666666	2.0	2.0	0.0	4.0	0.5	0.10139439372516573	0.07314059450061981	0.005697987147987183
phylum	CAMI_HIGH_S004	8.361623901932862	13449.692393579102	0.22829717326505106	0.9166666666666666	0.55	0.6874999999999999	11.0	9.0	1.0	20.0	0.5238095238095238	1.1627178956461062	0.3881247686618919	0.11414858663252553
class	CAMI_HIGH_S004	8.361623901932862	13449.692393579102	0.3191148371603338	1.0	0.5384615384615384	0.7000000000000001	21.0	18.0	0.0	39.0	0.5384615384615384	1.9358568465642887	0.5284084269769055	0.1595574185801669
order	CAMI_HIGH_S004	8.361623901932862	13449.692393579102	0.8777249348677908	1.0	0.40816326530612246	0.5797101449275363	40.0	58.0	0.0	98.0	0.40816326530612246	2.992842563300447	0.6527510995930188	0.43886246743389595
family	CAMI_HIGH_S004	8.361623901932862	13449.692393579102	0.5696449218976037	0.8977272727272727	0.4114583333333333	0.5642857142857143	79.0	113.0	9.0	192.0	0.39303482587064675	3.7332807821910743	0.710087316872173	0.2848224609488019
genus	CAMI_HIGH_S004	8.361623901932862	13449.692393579102	1.0248242606207416	0.5979381443298969	0.24066390041493776	0.3431952662721893	116.0	366.0	78.0	482.0	0.20714285714285716	4.718974515790526	0.7638422149300581	0.5124121303103709
species	CAMI_HIGH_S004	8.361623901932862	13449.692393579102	1.9724292586243433	0.06584362139917696	0.010862186014935505	0.018648018648018648	16.0	1457.0	227.0	1473.0	0.009411764705882352	6.253071928445562	0.857165671033655	0.9862146293121783
strain	CAMI_HIGH_S004	8.361623901932862	13449.692393579102	na	0.0	0.0	na	0.0	0.0	1074.0	0.0	0.0	na	na	na
