rank	sample	Weighted UniFrac error	Unweighted UniFrac error	L1 norm error	Completeness (recall)	Purity (precision)	F1 score	True positives	False positives	False negatives	Taxon counts	Jaccard index	Shannon diversity	Shannon equitability	Bray-Curtis distance
superkingdom	CAMI_HIGH_S004	8.443743514637447	9326.679252166925	0.026655154559162612	1.0	0.6666666666666666	0.8	2.0	1.0	0.0	3.0	0.6666666666666666	0.12367682128517728	0.11257549415828534	0.013327577279581304
phylum	CAMI_HIGH_S004	8.443743514637447	9326.679252166925	0.21863587669553677	0.4166666666666667	0.7142857142857143	0.5263157894736842	5.0	2.0	7.0	7.0	0.35714285714285715	1.121316437313425	0.5762426584073236	0.10931793834776841
class	CAMI_HIGH_S004	8.443743514637447	9326.679252166925	0.3156045879329963	0.6190476190476191	0.8125	0.7027027027027026	13.0	3.0	8.0	16.0	0.5416666666666666	1.922338571211752	0.6933370808991925	0.15780229396649817
order	CAMI_HIGH_S004	8.443743514637447	9326.679252166925	0.9030007948699291	0.7	0.6363636363636364	0.6666666666666666	28.0	16.0	12.0	44.0	0.5	2.8631634324294897	0.7566120383520226	0.45150039743496456
family	CAMI_HIGH_S004	8.443743514637447	9326.679252166925	0.5901928246734995	0.6477272727272727	0.6705882352941176	0.6589595375722542	57.0	28.0	31.0	85.0	0.49137931034482757	3.5174699165953145	0.7917501765317737	0.2950964123367498
genus	CAMI_HIGH_S004	8.443743514637447	9326.679252166925	1.0129396274527387	0.4896907216494845	0.4634146341463415	0.4761904761904762	95.0	110.0	99.0	205.0	0.3125	4.2787682167416525	0.8038249474471625	0.5064698137263693
species	CAMI_HIGH_S004	8.443743514637447	9326.679252166925	1.9711967884615365	0.05761316872427984	0.03608247422680412	0.044374009508716325	14.0	374.0	229.0	388.0	0.022690437601296597	5.193685880935965	0.8712768375517339	0.9855983942307673
strain	CAMI_HIGH_S004	8.443743514637447	9326.679252166925	na	0.0	0.0	na	0.0	0.0	1074.0	0.0	0.0	na	na	na
