rank	sample	Weighted UniFrac error	Unweighted UniFrac error	L1 norm error	Completeness (recall)	Purity (precision)	F1 score	True positives	False positives	False negatives	Taxon counts	Jaccard index	Shannon diversity	Shannon equitability	Bray-Curtis distance
superkingdom	CAMI_HIGH_S004	11.20281588756861	11117.632975016928	0.283591173478814	1.0	1.0	1.0	2.0	0.0	0.0	2.0	1.0	0.4306868214568969	0.6213497414920955	0.141795586739407
phylum	CAMI_HIGH_S004	11.20281588756861	11117.632975016928	0.693636446185254	0.4166666666666667	1.0	0.5882352941176471	5.0	0.0	7.0	5.0	0.4166666666666667	0.8551560568495622	0.5313383326208785	0.346818223092627
class	CAMI_HIGH_S004	11.20281588756861	11117.632975016928	1.3848499195033848	0.5714285714285714	0.8	0.6666666666666666	12.0	3.0	9.0	15.0	0.5	1.4381825727404656	0.5310767769944248	0.6924249597516925
order	CAMI_HIGH_S004	11.20281588756861	11117.632975016928	1.2454004515010282	0.575	0.7666666666666667	0.6571428571428571	23.0	7.0	17.0	30.0	0.48936170212765956	2.146672517849943	0.6311519964774495	0.6227002257505143
family	CAMI_HIGH_S004	11.20281588756861	11117.632975016928	1.5406996738019574	0.4659090909090909	0.8367346938775511	0.5985401459854014	41.0	8.0	47.0	49.0	0.4270833333333333	1.9041334428910126	0.4892655099762489	0.7703498369009787
genus	CAMI_HIGH_S004	11.20281588756861	11117.632975016928	1.7573927211868285	0.2422680412371134	0.6527777777777778	0.3533834586466165	47.0	25.0	147.0	72.0	0.2146118721461187	2.0759149382038684	0.4854049580754927	0.8786963605934144
species	CAMI_HIGH_S004	11.20281588756861	11117.632975016928	1.9912255081390347	0.00823045267489712	0.02	0.011661807580174927	2.0	98.0	241.0	100.0	0.005865102639296188	2.032562314377982	0.44136529862943	0.9956127540695165
strain	CAMI_HIGH_S004	11.20281588756861	11117.632975016928	na	0.0	0.0	na	0.0	0.0	1074.0	0.0	0.0	na	na	na
