rank	sample	Weighted UniFrac error	Unweighted UniFrac error	L1 norm error	Completeness (recall)	Purity (precision)	F1 score	True positives	False positives	False negatives	Taxon counts	Jaccard index	Shannon diversity	Shannon equitability	Bray-Curtis distance
superkingdom	CAMI_HIGH_S004	10.162211120422223	10183.447254720024	0.01383042570402561	1.0	1.0	1.0	2.0	0.0	0.0	2.0	1.0	0.03635465211978363	0.052448676326455286	0.006915212852012805
phylum	CAMI_HIGH_S004	10.162211120422223	10183.447254720024	0.1843157506637779	0.75	1.0	0.8571428571428571	9.0	0.0	3.0	9.0	0.75	1.2989947457617108	0.5911979863872324	0.09215787533188896
class	CAMI_HIGH_S004	10.162211120422223	10183.447254720024	0.3203647021429402	0.8095238095238095	0.85	0.8292682926829269	17.0	3.0	4.0	20.0	0.7083333333333334	2.206186511899039	0.7364431499353334	0.16018235107147008
order	CAMI_HIGH_S004	10.162211120422223	10183.447254720024	0.6642119143045392	0.85	0.6938775510204082	0.7640449438202247	34.0	15.0	6.0	49.0	0.6181818181818182	3.0609595470526534	0.7865110186456108	0.3321059571522697
family	CAMI_HIGH_S004	10.162211120422223	10183.447254720024	0.3217701042613885	0.8409090909090909	0.8505747126436781	0.8457142857142856	74.0	13.0	14.0	87.0	0.7326732673267327	3.7471914502008663	0.8390659526890937	0.1608850521306942
genus	CAMI_HIGH_S004	10.162211120422223	10183.447254720024	0.5085422368976764	0.7371134020618557	0.910828025477707	0.8148148148148148	143.0	14.0	51.0	157.0	0.6875	4.426091728222266	0.875371154531394	0.2542711184488381
species	CAMI_HIGH_S004	10.162211120422223	10183.447254720024	1.8372749843756944	0.3292181069958848	0.6060606060606061	0.4266666666666667	80.0	52.0	163.0	132.0	0.2711864406779661	4.6142193590964204	0.9449941718406458	0.9186374921878471
strain	CAMI_HIGH_S004	10.162211120422223	10183.447254720024	2.0000000000000036	0.0	0.0	na	0.0	56.0	1074.0	56.0	0.0	3.346187535431958	0.8312783062244293	1.0
