rank	sample	Weighted UniFrac error	Unweighted UniFrac error	L1 norm error	Completeness (recall)	Purity (precision)	F1 score	True positives	False positives	False negatives	Taxon counts	Jaccard index	Shannon diversity	Shannon equitability	Bray-Curtis distance
superkingdom	CAMI_HIGH_S004	9.684196442674741	11115.885025257836	0.16348297429597433	1.0	1.0	1.0	2.0	0.0	0.0	2.0	1.0	0.3130386134139046	0.45161925517899754	0.08174148714798717
phylum	CAMI_HIGH_S004	9.684196442674741	11115.885025257836	0.44284563984267145	0.4166666666666667	1.0	0.5882352941176471	5.0	0.0	7.0	5.0	0.4166666666666667	1.1147006590829416	0.6926024610648557	0.22142281992133572
class	CAMI_HIGH_S004	9.684196442674741	11115.885025257836	0.9193590030754497	0.6190476190476191	1.0	0.7647058823529412	13.0	0.0	8.0	13.0	0.6190476190476191	1.9318765656777246	0.7531831223325408	0.45967950153772497
order	CAMI_HIGH_S004	9.684196442674741	11115.885025257836	0.9229740652152446	0.675	1.0	0.8059701492537313	27.0	0.0	13.0	27.0	0.675	2.5423186020042263	0.7713727060424498	0.46148703260762275
family	CAMI_HIGH_S004	9.684196442674741	11115.885025257836	1.1964180350288192	0.5568181818181818	0.98	0.7101449275362319	49.0	1.0	39.0	50.0	0.550561797752809	2.9970217457575266	0.7661053479488732	0.5982090175144095
genus	CAMI_HIGH_S004	9.684196442674741	11115.885025257836	1.4926216557432122	0.26288659793814434	0.75	0.3893129770992367	51.0	17.0	143.0	68.0	0.24170616113744076	3.1331553116127395	0.7425404882586826	0.7463108278716066
species	CAMI_HIGH_S004	9.684196442674741	11115.885025257836	1.9707230667126572	0.01646090534979424	0.10526315789473684	0.028469750889679714	4.0	34.0	239.0	38.0	0.01444043321299639	2.3852000119075303	0.6557095577048659	0.9853615333563286
strain	CAMI_HIGH_S004	9.684196442674741	11115.885025257836	na	0.0	0.0	na	0.0	0.0	1074.0	0.0	0.0	na	na	na
