rank	sample	Weighted UniFrac error	Unweighted UniFrac error	L1 norm error	Completeness (recall)	Purity (precision)	F1 score	True positives	False positives	False negatives	Taxon counts	Jaccard index	Shannon diversity	Shannon equitability	Bray-Curtis distance
superkingdom	CAMI_HIGH_S004	9.68419644267473	11115.885025257838	0.16348297429597433	1.0	1.0	1.0	2.0	0.0	0.0	2.0	1.0	0.3130386134139046	0.45161925517899754	0.08174148714798717
phylum	CAMI_HIGH_S004	9.68419644267473	11115.885025257838	0.4428456398426715	0.4166666666666667	1.0	0.5882352941176471	5.0	0.0	7.0	5.0	0.4166666666666667	1.1147006590829416	0.6926024610648557	0.22142281992133575
class	CAMI_HIGH_S004	9.68419644267473	11115.885025257838	0.9193590030754499	0.6190476190476191	1.0	0.7647058823529412	13.0	0.0	8.0	13.0	0.6190476190476191	1.9318765656777244	0.7531831223325407	0.4596795015377249
order	CAMI_HIGH_S004	9.68419644267473	11115.885025257838	0.9229740652152452	0.675	1.0	0.8059701492537313	27.0	0.0	13.0	27.0	0.675	2.5423186020042254	0.7713727060424496	0.4614870326076227
family	CAMI_HIGH_S004	9.68419644267473	11115.885025257838	1.1964180350288185	0.5568181818181818	0.98	0.7101449275362319	49.0	1.0	39.0	50.0	0.550561797752809	2.9970217457575257	0.766105347948873	0.5982090175144094
genus	CAMI_HIGH_S004	9.68419644267473	11115.885025257838	1.492621655743212	0.26288659793814434	0.75	0.3893129770992367	51.0	17.0	143.0	68.0	0.24170616113744076	3.1331553116127404	0.7425404882586828	0.7463108278716066
species	CAMI_HIGH_S004	9.68419644267473	11115.885025257838	1.9707230667126574	0.01646090534979424	0.10526315789473684	0.028469750889679714	4.0	34.0	239.0	38.0	0.01444043321299639	2.385200011907531	0.6557095577048662	0.9853615333563287
strain	CAMI_HIGH_S004	9.68419644267473	11115.885025257838	na	0.0	0.0	na	0.0	0.0	1074.0	0.0	0.0	na	na	na
