rank	sample	Weighted UniFrac error	Unweighted UniFrac error	L1 norm error	Completeness (recall)	Purity (precision)	F1 score	True positives	False positives	False negatives	Taxon counts	Jaccard index	Shannon diversity	Shannon equitability	Bray-Curtis distance
superkingdom	CAMI_HIGH_S004	11.756104685778103	11644.369838545434	0.025704025704025676	0.5	1.0	0.6666666666666666	1.0	0.0	1.0	1.0	0.5	0.0	0.0	0.012852012852012838
phylum	CAMI_HIGH_S004	11.756104685778103	11644.369838545434	0.3426133807038599	0.3333333333333333	1.0	0.5	4.0	0.0	8.0	4.0	0.3333333333333333	1.0507133299665412	0.7579294552693291	0.17130669035192994
class	CAMI_HIGH_S004	11.756104685778103	11644.369838545434	0.7411384416680632	0.23809523809523808	0.7142857142857143	0.35714285714285715	5.0	2.0	16.0	7.0	0.21739130434782608	1.456053145218375	0.7482632977299848	0.3705692208340316
order	CAMI_HIGH_S004	11.756104685778103	11644.369838545434	1.64576845851855	0.1	0.5714285714285714	0.1702127659574468	4.0	3.0	36.0	7.0	0.09302325581395349	1.4560531452183751	0.7482632977299849	0.8228842292592751
family	CAMI_HIGH_S004	11.756104685778103	11644.369838545434	1.5714194956293286	0.06818181818181818	0.8571428571428571	0.1263157894736842	6.0	1.0	82.0	7.0	0.06741573033707865	1.2930814283113201	0.664512402558297	0.7857097478146646
genus	CAMI_HIGH_S004	11.756104685778103	11644.369838545434	1.7590938328820758	0.03608247422680412	0.7777777777777778	0.06896551724137931	7.0	2.0	187.0	9.0	0.03571428571428571	1.7184799100557477	0.7821139121514504	0.8795469164410376
species	CAMI_HIGH_S004	11.756104685778103	11644.369838545434	1.9948158039431307	0.00411522633744856	0.1111111111111111	0.007936507936507938	1.0	8.0	242.0	9.0	0.00398406374501992	1.7184799100557475	0.7821139121514503	0.9974079019715654
strain	CAMI_HIGH_S004	11.756104685778103	11644.369838545434	2.000000000000002	0.0	0.0	na	0.0	8.0	1074.0	8.0	0.0	1.7035232957558775	0.8192215369419426	1.0
