rank	sample	Weighted UniFrac error	Unweighted UniFrac error	L1 norm error	Completeness (recall)	Purity (precision)	F1 score	True positives	False positives	False negatives	Taxon counts	Jaccard index	Shannon diversity	Shannon equitability	Bray-Curtis distance
superkingdom	CAMI_HIGH_S004	7.687453810474469	9839.38489909068	0.005294372502208926	1.0	1.0	1.0	2.0	0.0	0.0	2.0	1.0	0.056940632424614494	0.08214796802407265	0.002647186251104463
phylum	CAMI_HIGH_S004	7.687453810474469	9839.38489909068	0.06469378852937618	0.9166666666666666	1.0	0.9565217391304348	11.0	0.0	1.0	11.0	0.9166666666666666	1.2876944729696451	0.5370103054863156	0.03234689426468809
class	CAMI_HIGH_S004	7.687453810474469	9839.38489909068	0.09799148250634421	0.9523809523809523	0.8695652173913043	0.909090909090909	20.0	3.0	1.0	23.0	0.8333333333333334	2.0981753155422607	0.6691689319288068	0.048995741253172104
order	CAMI_HIGH_S004	7.687453810474469	9839.38489909068	0.6281191470049123	0.9	0.72	0.7999999999999999	36.0	14.0	4.0	50.0	0.6666666666666666	2.9396509705854674	0.7514401031145627	0.31405957350245617
family	CAMI_HIGH_S004	7.687453810474469	9839.38489909068	0.2744985584838928	0.875	0.8555555555555555	0.8651685393258427	77.0	13.0	11.0	90.0	0.7623762376237624	3.647900399685184	0.8106788213150014	0.13724927924194633
genus	CAMI_HIGH_S004	7.687453810474469	9839.38489909068	0.3967820039727791	0.8041237113402062	0.8764044943820225	0.8387096774193549	156.0	22.0	38.0	178.0	0.7222222222222222	4.4489425906822655	0.858573606462487	0.1983910019863895
species	CAMI_HIGH_S004	7.687453810474469	9839.38489909068	1.8219379192373344	0.49794238683127573	0.4201388888888889	0.45574387947269307	121.0	167.0	122.0	288.0	0.2951219512195122	5.211175575691648	0.9202210741132609	0.9109689596186679
strain	CAMI_HIGH_S004	7.687453810474469	9839.38489909068	na	0.0	0.0	na	0.0	0.0	1074.0	0.0	0.0	na	na	na
