rank	sample	Weighted UniFrac error	Unweighted UniFrac error	L1 norm error	Completeness (recall)	Purity (precision)	F1 score	True positives	False positives	False negatives	Taxon counts	Jaccard index	Shannon diversity	Shannon equitability	Bray-Curtis distance
superkingdom	CAMI_low_S001	11.553564076742642	1185.0359087775764	0.3635051463723374	0.5	0.3333333333333333	0.4	1.0	2.0	1.0	3.0	0.25	0.05327247858370592	0.04849069970652723	0.18175257318616872
phylum	CAMI_low_S001	11.553564076742642	1185.0359087775764	0.8897427775508909	1.0	0.5	0.6666666666666666	6.0	6.0	0.0	12.0	0.5	1.112329621137691	0.44763436937664813	0.4448713887754454
class	CAMI_low_S001	11.553564076742642	1185.0359087775764	1.1082628519477915	0.9166666666666666	0.5238095238095238	0.6666666666666667	11.0	10.0	1.0	21.0	0.5	2.0236545016314387	0.6646870052777964	0.5541314259738959
order	CAMI_low_S001	11.553564076742642	1185.0359087775764	1.3873687979713925	0.8571428571428571	0.2857142857142857	0.42857142857142855	12.0	30.0	2.0	42.0	0.2727272727272727	2.547416867364014	0.6815521775661885	0.6936843989856963
family	CAMI_low_S001	11.553564076742642	1185.0359087775764	1.4667430121440912	0.75	0.19047619047619047	0.3037974683544304	12.0	51.0	4.0	63.0	0.1791044776119403	2.7964262614329374	0.6749542185099271	0.7333715060720456
genus	CAMI_low_S001	11.553564076742642	1185.0359087775764	1.7209162213638485	0.4090909090909091	0.10843373493975904	0.17142857142857143	9.0	74.0	13.0	83.0	0.09375	2.8010938716582157	0.6338979203540331	0.8604581106819242
species	CAMI_low_S001	11.553564076742642	1185.0359087775764	1.9444123327015534	0.17391304347826086	0.07407407407407407	0.10389610389610389	4.0	50.0	19.0	54.0	0.0547945205479452	2.623681871711939	0.657731853796639	0.9722061663507767
strain	CAMI_low_S001	11.553564076742642	1185.0359087775764	na	0.0	0.0	na	0.0	0.0	60.0	0.0	0.0	na	na	na
