rank	sample	Weighted UniFrac error	Unweighted UniFrac error	L1 norm error	Completeness (recall)	Purity (precision)	F1 score	True positives	False positives	False negatives	Taxon counts	Jaccard index	Shannon diversity	Shannon equitability	Bray-Curtis distance
superkingdom	CAMI_low_S001	11.30133168648149	767.6228546631974	0.3635051463723374	0.5	1.0	0.6666666666666666	1.0	0.0	1.0	1.0	0.5	0.0	0.0	0.1817525731861687
phylum	CAMI_low_S001	11.30133168648149	767.6228546631974	1.0287830763592678	0.6666666666666666	1.0	0.8	4.0	0.0	2.0	4.0	0.6666666666666666	0.8844500992670064	0.6379958860631307	0.5143915381796339
class	CAMI_low_S001	11.30133168648149	767.6228546631974	1.1344841344841345	0.6666666666666666	1.0	0.8	8.0	0.0	4.0	8.0	0.6666666666666666	1.820571858851087	0.8755099974488219	0.5672420672420673
order	CAMI_low_S001	11.30133168648149	767.6228546631974	1.4172333775501988	0.5714285714285714	0.6153846153846154	0.5925925925925927	8.0	5.0	6.0	13.0	0.42105263157894735	2.0878462085257987	0.8139912012111169	0.7086166887750994
family	CAMI_low_S001	11.30133168648149	767.6228546631974	1.362666786612404	0.5	0.5714285714285714	0.5333333333333333	8.0	6.0	8.0	14.0	0.36363636363636365	1.9926863633628142	0.7550750569156158	0.681333393306202
genus	CAMI_low_S001	11.30133168648149	767.6228546631974	1.7313124115862208	0.22727272727272727	0.38461538461538464	0.2857142857142857	5.0	8.0	17.0	13.0	0.16666666666666666	2.03933350946794	0.7950774948189289	0.8656562057931103
species	CAMI_low_S001	11.30133168648149	767.6228546631974	1.9449500176987982	0.13043478260869565	0.17647058823529413	0.15	3.0	14.0	20.0	17.0	0.08108108108108109	2.1485536186690557	0.758345157161036	0.972475008849399
strain	CAMI_low_S001	11.30133168648149	767.6228546631974	na	0.0	0.0	na	0.0	0.0	60.0	0.0	0.0	na	na	na
