rank	sample	Weighted UniFrac error	Unweighted UniFrac error	L1 norm error	Completeness (recall)	Purity (precision)	F1 score	True positives	False positives	False negatives	Taxon counts	Jaccard index	Shannon diversity	Shannon equitability	Bray-Curtis distance
superkingdom	CAMI_low_S001	12.253603795813214	787.825052025075	0.3635051463723374	0.5	1.0	0.6666666666666666	1.0	0.0	1.0	1.0	0.5	0.0	0.0	0.1817525731861687
phylum	CAMI_low_S001	12.253603795813214	787.825052025075	1.4899965825965824	0.5	1.0	0.6666666666666666	3.0	0.0	3.0	3.0	0.5	0.2078166599963056	0.1891628758752096	0.7449982912982912
class	CAMI_low_S001	12.253603795813214	787.825052025075	1.6516295086438069	0.4166666666666667	1.0	0.5882352941176471	5.0	0.0	7.0	5.0	0.4166666666666667	0.7756299750865061	0.4819259998128476	0.8258147543219035
order	CAMI_low_S001	12.253603795813214	787.825052025075	1.6605932513811155	0.42857142857142855	0.8571428571428571	0.5714285714285714	6.0	1.0	8.0	7.0	0.4	0.99145148092707	0.5095052725884558	0.8302966256905578
family	CAMI_low_S001	12.253603795813214	787.825052025075	1.7046336448324224	0.3125	0.8333333333333334	0.45454545454545453	5.0	1.0	11.0	6.0	0.29411764705882354	0.8698013099710731	0.48544535408305123	0.8523168224162113
genus	CAMI_low_S001	12.253603795813214	787.825052025075	1.8456146879203894	0.18181818181818182	0.5714285714285714	0.27586206896551724	4.0	3.0	18.0	7.0	0.16	0.9892936195249387	0.5083963511908368	0.9228073439601944
species	CAMI_low_S001	12.253603795813214	787.825052025075	1.9340932614627724	0.21739130434782608	0.7142857142857143	0.3333333333333333	5.0	2.0	18.0	7.0	0.2	0.9892936195249388	0.5083963511908369	0.9670466307313861
strain	CAMI_low_S001	12.253603795813214	787.825052025075	na	0.0	0.0	na	0.0	0.0	60.0	0.0	0.0	na	na	na
