rank	sample	Weighted UniFrac error	Unweighted UniFrac error	L1 norm error	Completeness (recall)	Purity (precision)	F1 score	True positives	False positives	False negatives	Taxon counts	Jaccard index	Shannon diversity	Shannon equitability	Bray-Curtis distance
superkingdom	CAMI_low_S001	9.943963041066112	637.0830482838543	0.3635051463723374	0.5	1.0	0.6666666666666666	1.0	0.0	1.0	1.0	0.5	0.0	0.0	0.1817525731861687
phylum	CAMI_low_S001	9.943963041066112	637.0830482838543	0.7047801667284204	1.0	1.0	1.0	6.0	0.0	0.0	6.0	1.0	1.3679527235139226	0.7634689516128405	0.3523900833642102
class	CAMI_low_S001	9.943963041066112	637.0830482838543	0.9960249760318278	0.8333333333333334	0.9090909090909091	0.8695652173913043	10.0	1.0	2.0	11.0	0.7692307692307693	2.14863545041739	0.8960505801864768	0.49801248801591397
order	CAMI_low_S001	9.943963041066112	637.0830482838543	1.0411384649848952	0.7857142857142857	0.7857142857142857	0.7857142857142857	11.0	3.0	3.0	14.0	0.6470588235294118	2.2883837541838163	0.8671216530629269	0.5205692324924478
family	CAMI_low_S001	9.943963041066112	637.0830482838543	0.8468014130511707	0.8125	0.8125	0.8125	13.0	3.0	3.0	16.0	0.6842105263157895	2.2259846684144335	0.8028542605540917	0.4234007065255854
genus	CAMI_low_S001	9.943963041066112	637.0830482838543	0.6018953080599464	0.7272727272727273	0.7619047619047619	0.7441860465116279	16.0	5.0	6.0	21.0	0.5925925925925926	2.432923112529997	0.7991148570247502	0.3009476540299732
species	CAMI_low_S001	9.943963041066112	637.0830482838543	1.5241648831867602	0.7391304347826086	0.68	0.7083333333333334	17.0	8.0	6.0	25.0	0.5483870967741935	2.2683278221560443	0.7046956594695364	0.7620824415933799
strain	CAMI_low_S001	9.943963041066112	637.0830482838543	2.0000000000000004	0.0	0.0	na	0.0	14.0	60.0	14.0	0.0	1.4940964536031958	0.5661477819509955	1.0
