rank	sample	Weighted UniFrac error	Unweighted UniFrac error	L1 norm error	Completeness (recall)	Purity (precision)	F1 score	True positives	False positives	False negatives	Taxon counts	Jaccard index	Shannon diversity	Shannon equitability	Bray-Curtis distance
superkingdom	CAMI_low_S001	9.72087294947103	669.7618315396938	0.3635051463723374	0.5	1.0	0.6666666666666666	1.0	0.0	1.0	1.0	0.5	0.0	0.0	0.1817525731861687
phylum	CAMI_low_S001	9.72087294947103	669.7618315396938	0.6380554133348809	0.6666666666666666	1.0	0.8	4.0	0.0	2.0	4.0	0.6666666666666666	1.0818336998136364	0.7803780568938464	0.31902770666744046
class	CAMI_low_S001	9.72087294947103	669.7618315396938	0.6744317837012936	0.75	0.9	0.8181818181818182	9.0	1.0	3.0	10.0	0.6923076923076923	1.7518820176821104	0.7608326932248756	0.3372158918506468
order	CAMI_low_S001	9.72087294947103	669.7618315396938	0.9472463900711758	0.7142857142857143	0.7692307692307693	0.7407407407407408	10.0	3.0	4.0	13.0	0.5882352941176471	1.8575975303855388	0.7242238623471126	0.47362319503558786
family	CAMI_low_S001	9.72087294947103	669.7618315396938	1.243716850007624	0.8125	0.8125	0.8125	13.0	3.0	3.0	16.0	0.6842105263157895	1.7428994227585615	0.6286180884955034	0.6218584250038122
genus	CAMI_low_S001	9.72087294947103	669.7618315396938	0.9112993429934915	0.6363636363636364	0.7777777777777778	0.7000000000000001	14.0	4.0	8.0	18.0	0.5384615384615384	1.909314168818302	0.6605773681542086	0.45564967149674573
species	CAMI_low_S001	9.72087294947103	669.7618315396938	1.7962733948982654	0.5652173913043478	0.8666666666666667	0.6842105263157895	13.0	2.0	10.0	15.0	0.52	1.3973411961736721	0.515995307474336	0.8981366974491326
strain	CAMI_low_S001	9.72087294947103	669.7618315396938	na	0.0	0.0	na	0.0	0.0	60.0	0.0	0.0	na	na	na
