rank	sample	Weighted UniFrac error	Unweighted UniFrac error	L1 norm error	Completeness (recall)	Purity (precision)	F1 score	True positives	False positives	False negatives	Taxon counts	Jaccard index	Shannon diversity	Shannon equitability	Bray-Curtis distance
superkingdom	CAMI_low_S001	11.201971600142562	43659.88621511851	0.3634176542358473	1.0	0.5	0.6666666666666666	2.0	2.0	0.0	4.0	0.5	0.008461043220216322	0.0061033525472766375	0.18170882711792366
phylum	CAMI_low_S001	11.201971600142562	43659.88621511851	1.0268023868955547	1.0	0.11764705882352941	0.21052631578947367	6.0	45.0	0.0	51.0	0.11764705882352941	0.9316952278840535	0.23356704790196534	0.5134011934477773
class	CAMI_low_S001	11.201971600142562	43659.88621511851	1.12164580528036	1.0	0.10526315789473684	0.1904761904761905	12.0	102.0	0.0	114.0	0.10526315789473684	1.9378964256216227	0.39939908042868044	0.5608229026401795
order	CAMI_low_S001	11.201971600142562	43659.88621511851	1.3971969015851449	0.9285714285714286	0.05485232067510549	0.10358565737051793	13.0	224.0	1.0	237.0	0.0546218487394958	2.4296663791268234	0.4237784324678282	0.6985984507925724
family	CAMI_low_S001	11.201971600142562	43659.88621511851	1.3622834104208703	0.8125	0.028634361233480177	0.055319148936170216	13.0	441.0	3.0	454.0	0.028446389496717725	2.7048057076401935	0.4240553437104635	0.6811417052104349
genus	CAMI_low_S001	11.201971600142562	43659.88621511851	1.7188908606250135	0.5454545454545454	0.008403361344537815	0.016551724137931035	12.0	1416.0	10.0	1428.0	0.008344923504867872	3.387471005820685	0.45631302940842444	0.8594454303125059
species	CAMI_low_S001	11.201971600142562	43659.88621511851	1.9444123327016047	0.17391304347826086	0.0008490766291657822	0.0016899028305872412	4.0	4707.0	19.0	4711.0	0.0008456659619450317	4.311547005762098	0.5021835859364794	0.9722061663507768
strain	CAMI_low_S001	11.201971600142562	43659.88621511851	na	0.0	0.0	na	0.0	0.0	60.0	0.0	0.0	na	na	na
