rank	sample	Weighted UniFrac error	Unweighted UniFrac error	L1 norm error	Completeness (recall)	Purity (precision)	F1 score	True positives	False positives	False negatives	Taxon counts	Jaccard index	Shannon diversity	Shannon equitability	Bray-Curtis distance
superkingdom	CAMI_low_S001	9.936748457476764	631.0823393236878	0.3635051463723374	0.5	1.0	0.6666666666666666	1.0	0.0	1.0	1.0	0.5	0.0	0.0	0.1817525731861687
phylum	CAMI_low_S001	9.936748457476764	631.0823393236878	0.7047801667284205	1.0	1.0	1.0	6.0	0.0	0.0	6.0	1.0	1.3679527235139226	0.7634689516128405	0.35239008336421024
class	CAMI_low_S001	9.936748457476764	631.0823393236878	0.9947626202662826	0.9166666666666666	0.9166666666666666	0.9166666666666666	11.0	1.0	1.0	12.0	0.8461538461538461	2.1538282822996093	0.8667642635522598	0.49738131013314146
order	CAMI_low_S001	9.936748457476764	631.0823393236878	1.0402533672923842	0.8571428571428571	0.8	0.8275862068965518	12.0	3.0	2.0	15.0	0.7058823529411765	2.2919173992931614	0.8463349011625865	0.5201266836461921
family	CAMI_low_S001	9.936748457476764	631.0823393236878	0.8445802017624818	0.9375	0.8333333333333334	0.8823529411764706	15.0	3.0	1.0	18.0	0.7894736842105263	2.2354029427947726	0.7733963413833905	0.42229010088124097
genus	CAMI_low_S001	9.936748457476764	631.0823393236878	0.6002229489956092	0.8181818181818182	0.782608695652174	0.8	18.0	5.0	4.0	23.0	0.6666666666666666	2.4429022997137566	0.7791123604384786	0.3001114744978046
species	CAMI_low_S001	9.936748457476764	631.0823393236878	1.5241945131539874	0.7391304347826086	0.6538461538461539	0.693877551020408	17.0	9.0	6.0	26.0	0.53125	2.275070724509063	0.6982821711877901	0.7620972565769938
strain	CAMI_low_S001	9.936748457476764	631.0823393236878	2.0000000000000004	0.0	0.0	na	0.0	17.0	60.0	17.0	0.0	1.4953645795959447	0.5277980857788428	1.0
