rank	sample	Weighted UniFrac error	Unweighted UniFrac error	L1 norm error	Completeness (recall)	Purity (precision)	F1 score	True positives	False positives	False negatives	Taxon counts	Jaccard index	Shannon diversity	Shannon equitability	Bray-Curtis distance
superkingdom	CAMI_low_S001	12.61704692861789	801.5674952968127	0.3635051463723374	0.5	1.0	0.6666666666666666	1.0	0.0	1.0	1.0	0.5	0.0	0.0	0.1817525731861687
phylum	CAMI_low_S001	12.61704692861789	801.5674952968127	0.6444360597532318	0.6666666666666666	1.0	0.8	4.0	0.0	2.0	4.0	0.6666666666666666	1.255634389017333	0.9057487531024749	0.3222180298766159
class	CAMI_low_S001	12.61704692861789	801.5674952968127	1.292536512220336	0.5833333333333334	0.875	0.7000000000000001	7.0	1.0	5.0	8.0	0.5384615384615384	1.9268034786383879	0.9265966077997354	0.6462682561101681
order	CAMI_low_S001	12.61704692861789	801.5674952968127	1.4910187066461298	0.5714285714285714	0.8	0.6666666666666666	8.0	2.0	6.0	10.0	0.5	2.000154395639775	0.8686560169808878	0.745509353323065
family	CAMI_low_S001	12.61704692861789	801.5674952968127	1.7347065412904945	0.4375	0.7777777777777778	0.56	7.0	2.0	9.0	9.0	0.3888888888888889	1.8696302152457243	0.8509053806017177	0.8673532706452474
genus	CAMI_low_S001	12.61704692861789	801.5674952968127	1.9141037152499425	0.09090909090909091	0.2	0.12500000000000003	2.0	8.0	20.0	10.0	0.06666666666666667	2.000154395639775	0.8686560169808878	0.9570518576249711
species	CAMI_low_S001	12.61704692861789	801.5674952968127	1.989680928761219	0.043478260869565216	0.1	0.06060606060606061	1.0	9.0	22.0	10.0	0.03125	2.000154395639775	0.8686560169808878	0.9948404643806091
strain	CAMI_low_S001	12.61704692861789	801.5674952968127	2.0000000000000004	0.0	0.0	na	0.0	9.0	60.0	9.0	0.0	1.869630215245724	0.8509053806017176	1.0
