rank	sample	Weighted UniFrac error	Unweighted UniFrac error	L1 norm error	Completeness (recall)	Purity (precision)	F1 score	True positives	False positives	False negatives	Taxon counts	Jaccard index	Shannon diversity	Shannon equitability	Bray-Curtis distance
superkingdom	CAMI_low_S001	8.566765487765016	1134.0653348522355	0.36331926390534053	1.0	1.0	1.0	2.0	0.0	0.0	2.0	1.0	0.0009557608670783588	0.001378871463209684	0.1816596319526703
phylum	CAMI_low_S001	8.566765487765016	1134.0653348522355	0.3136659137962038	1.0	1.0	1.0	6.0	0.0	0.0	6.0	1.0	1.6510339508687806	0.9214595927767564	0.1568329568981019
class	CAMI_low_S001	8.566765487765016	1134.0653348522355	0.6265662352386586	0.9166666666666666	0.9166666666666666	0.9166666666666666	11.0	1.0	1.0	12.0	0.8461538461538461	2.234802469660449	0.8993506737370238	0.3132831176193293
order	CAMI_low_S001	8.566765487765016	1134.0653348522355	0.8903823418443265	0.8571428571428571	0.7058823529411765	0.7741935483870968	12.0	5.0	2.0	17.0	0.631578947368421	2.3176290249892584	0.8180213572166743	0.4451911709221633
family	CAMI_low_S001	8.566765487765016	1134.0653348522355	0.7207297796252828	0.9375	0.6	0.7317073170731707	15.0	10.0	1.0	25.0	0.5769230769230769	2.2513509655879576	0.6994215024371563	0.3603648898126415
genus	CAMI_low_S001	8.566765487765016	1134.0653348522355	0.5791126173045501	0.8636363636363636	0.5757575757575758	0.6909090909090909	19.0	14.0	3.0	33.0	0.5277777777777778	2.4395389853836695	0.697707338679541	0.289556308652275
species	CAMI_low_S001	8.566765487765016	1134.0653348522355	1.54637194881502	0.8260869565217391	0.16521739130434782	0.27536231884057966	19.0	96.0	4.0	115.0	0.15966386554621848	2.553104195009299	0.5380696975090316	0.7731859744075106
strain	CAMI_low_S001	8.566765487765016	1134.0653348522355	1.8407009557942644	0.15	0.0782608695652174	0.10285714285714286	9.0	106.0	51.0	115.0	0.05421686746987952	2.553104195009299	0.5380696975090316	0.9203504778971324
