rank	sample	Weighted UniFrac error	Unweighted UniFrac error	L1 norm error	Completeness (recall)	Purity (precision)	F1 score	True positives	False positives	False negatives	Taxon counts	Jaccard index	Shannon diversity	Shannon equitability	Bray-Curtis distance
superkingdom	CAMI_low_S001	9.720071289843247	633.7600348140951	0.3635051463723374	0.5	1.0	0.6666666666666666	1.0	0.0	1.0	1.0	0.5	0.0	0.0	0.1817525731861687
phylum	CAMI_low_S001	9.720071289843247	633.7600348140951	0.638055413334881	0.6666666666666666	1.0	0.8	4.0	0.0	2.0	4.0	0.6666666666666666	1.0818336998136364	0.7803780568938464	0.3190277066674405
class	CAMI_low_S001	9.720071289843247	633.7600348140951	0.6744317837012936	0.75	0.9	0.8181818181818182	9.0	1.0	3.0	10.0	0.6923076923076923	1.7518820176821102	0.7608326932248755	0.3372158918506468
order	CAMI_low_S001	9.720071289843247	633.7600348140951	0.9472463900711761	0.7142857142857143	0.7692307692307693	0.7407407407407408	10.0	3.0	4.0	13.0	0.5882352941176471	1.8575975303855388	0.7242238623471126	0.47362319503558803
family	CAMI_low_S001	9.720071289843247	633.7600348140951	1.2438080680854997	0.8125	0.7647058823529411	0.787878787878788	13.0	4.0	3.0	17.0	0.65	1.746900006795944	0.6165790551780213	0.6219040340427499
genus	CAMI_low_S001	9.720071289843247	633.7600348140951	0.9104869879591309	0.6818181818181818	0.6818181818181818	0.6818181818181818	15.0	7.0	7.0	22.0	0.5172413793103449	1.9155988334231748	0.6197258246459668	0.4552434939795652
species	CAMI_low_S001	9.720071289843247	633.7600348140951	1.7962733948982654	0.5652173913043478	0.5909090909090909	0.5777777777777778	13.0	9.0	10.0	22.0	0.40625	1.409147896275531	0.455881120217077	0.8981366974491326
strain	CAMI_low_S001	9.720071289843247	633.7600348140951	na	0.0	0.0	na	0.0	0.0	60.0	0.0	0.0	na	na	na
