rank	sample	Weighted UniFrac error	Unweighted UniFrac error	L1 norm error	Completeness (recall)	Purity (precision)	F1 score	True positives	False positives	False negatives	Taxon counts	Jaccard index	Shannon diversity	Shannon equitability	Bray-Curtis distance
superkingdom	CAMI_HIGH_S003	8.66739672747752	10994.058864448618	0.028361902054667248	1.0	1.0	1.0	2.0	0.0	0.0	2.0	1.0	0.12895513958630628	0.18604294037830812	0.014180951027333624
phylum	CAMI_HIGH_S003	8.66739672747752	10994.058864448618	0.2495910955561914	0.4166666666666667	1.0	0.5882352941176471	5.0	0.0	7.0	5.0	0.4166666666666667	1.1109360232684613	0.6902633613174248	0.12479554777809566
class	CAMI_HIGH_S003	8.66739672747752	10994.058864448618	0.331824445160527	0.5714285714285714	1.0	0.7272727272727273	12.0	0.0	9.0	12.0	0.5714285714285714	1.905650880958746	0.7668903301141419	0.16591222258026353
order	CAMI_HIGH_S003	8.66739672747752	10994.058864448618	0.9289593951571217	0.45	0.75	0.5625000000000001	18.0	6.0	22.0	24.0	0.391304347826087	2.7256316461412626	0.8576417492094053	0.4644796975785605
family	CAMI_HIGH_S003	8.66739672747752	10994.058864448618	0.640872145325246	0.38636363636363635	0.9714285714285714	0.5528455284552846	34.0	1.0	54.0	35.0	0.38202247191011235	3.2394662009354396	0.911153041814521	0.32043607266262286
genus	CAMI_HIGH_S003	8.66739672747752	10994.058864448618	1.0747061378956888	0.22164948453608246	0.8775510204081632	0.35390946502057613	43.0	6.0	151.0	49.0	0.215	3.5668429852914443	0.9164973488172232	0.5373530689478443
species	CAMI_HIGH_S003	8.66739672747752	10994.058864448618	1.976368246046781	0.024691358024691357	0.14285714285714285	0.042105263157894736	6.0	36.0	237.0	42.0	0.021505376344086023	3.404698945769667	0.9109148997854369	0.98818412302339
strain	CAMI_HIGH_S003	8.66739672747752	10994.058864448618	na	0.0	0.0	na	0.0	0.0	1074.0	0.0	0.0	na	na	na
