rank	sample	Weighted UniFrac error	Unweighted UniFrac error	L1 norm error	Completeness (recall)	Purity (precision)	F1 score	True positives	False positives	False negatives	Taxon counts	Jaccard index	Shannon diversity	Shannon equitability	Bray-Curtis distance
superkingdom	CAMI_HIGH_S003	11.628764066991	11243.85332762791	0.16907507407606887	1.0	1.0	1.0	2.0	0.0	0.0	2.0	1.0	0.3222293241986792	0.4648786480504366	0.08453753703803443
phylum	CAMI_HIGH_S003	11.628764066991	11243.85332762791	0.7362550789374166	0.3333333333333333	1.0	0.5	4.0	0.0	8.0	4.0	0.3333333333333333	0.6759608725607896	0.4876026993392139	0.36812753946870824
class	CAMI_HIGH_S003	11.628764066991	11243.85332762791	1.4915132051520998	0.42857142857142855	0.8181818181818182	0.5625	9.0	2.0	12.0	11.0	0.391304347826087	1.3187110425564696	0.5499452196748856	0.7457566025760501
order	CAMI_HIGH_S003	11.628764066991	11243.85332762791	1.2726045740313148	0.375	0.8333333333333334	0.5172413793103448	15.0	3.0	25.0	18.0	0.3488372093023256	2.1234940565201	0.7346785238677197	0.6363022870156574
family	CAMI_HIGH_S003	11.628764066991	11243.85332762791	1.6440353326356574	0.26136363636363635	0.8846153846153846	0.4035087719298246	23.0	3.0	65.0	26.0	0.25274725274725274	1.6085810360825699	0.49371803975440204	0.8220176663178285
genus	CAMI_HIGH_S003	11.628764066991	11243.85332762791	1.8353325777586058	0.10309278350515463	0.6896551724137931	0.17937219730941703	20.0	9.0	174.0	29.0	0.09852216748768473	1.85735650869418	0.5515869714071545	0.9176662888793022
species	CAMI_HIGH_S003	11.628764066991	11243.85332762791	1.9907331841516405	0.00411522633744856	0.037037037037037035	0.007407407407407408	1.0	26.0	242.0	27.0	0.0037174721189591076	1.7658172066500577	0.5357720295151702	0.9953665920758193
strain	CAMI_HIGH_S003	11.628764066991	11243.85332762791	na	0.0	0.0	na	0.0	0.0	1074.0	0.0	0.0	na	na	na
