rank	sample	Weighted UniFrac error	Unweighted UniFrac error	L1 norm error	Completeness (recall)	Purity (precision)	F1 score	True positives	False positives	False negatives	Taxon counts	Jaccard index	Shannon diversity	Shannon equitability	Bray-Curtis distance
superkingdom	CAMI_HIGH_S003	10.177980895612956	10035.345651692465	0.015387129160177126	1.0	1.0	1.0	2.0	0.0	0.0	2.0	1.0	0.03908371997865235	0.05638588899269465	0.007693564580088563
phylum	CAMI_HIGH_S003	10.177980895612956	10035.345651692465	0.1976168833324129	0.6666666666666666	1.0	0.8	8.0	0.0	4.0	8.0	0.6666666666666666	1.3177777481274129	0.6337171407390814	0.09880844166620643
class	CAMI_HIGH_S003	10.177980895612956	10035.345651692465	0.32880620862017734	0.7619047619047619	0.8888888888888888	0.8205128205128205	16.0	2.0	5.0	18.0	0.6956521739130435	2.241852882122218	0.775627867245012	0.16440310431008864
order	CAMI_HIGH_S003	10.177980895612956	10035.345651692465	0.6631790766795302	0.75	0.6976744186046512	0.7228915662650603	30.0	13.0	10.0	43.0	0.5660377358490566	3.0530892784488057	0.8117327407573522	0.3315895383397651
family	CAMI_HIGH_S003	10.177980895612956	10035.345651692465	0.3487314864036339	0.7159090909090909	0.875	0.7875000000000001	63.0	9.0	25.0	72.0	0.6494845360824743	3.716079629714234	0.868919744094777	0.17436574320181703
genus	CAMI_HIGH_S003	10.177980895612956	10035.345651692465	0.5498250407693269	0.6701030927835051	0.9285714285714286	0.778443113772455	130.0	10.0	64.0	140.0	0.6372549019607843	4.372430041175894	0.8848131182399774	0.2749125203846634
species	CAMI_HIGH_S003	10.177980895612956	10035.345651692465	1.8260331426138405	0.35390946502057613	0.6231884057971014	0.45144356955380577	86.0	52.0	157.0	138.0	0.29152542372881357	4.596345417960368	0.9328412360431815	0.9130165713069192
strain	CAMI_HIGH_S003	10.177980895612956	10035.345651692465	2.000000000000002	0.0	0.0	na	0.0	53.0	1074.0	53.0	0.0	3.3932689675896657	0.8546648562558192	1.0
