rank	sample	Weighted UniFrac error	Unweighted UniFrac error	L1 norm error	Completeness (recall)	Purity (precision)	F1 score	True positives	False positives	False negatives	Taxon counts	Jaccard index	Shannon diversity	Shannon equitability	Bray-Curtis distance
superkingdom	CAMI_HIGH_S003	8.825646686839978	9796.674238493115	0.026350902916282486	1.0	0.5	0.6666666666666666	2.0	2.0	0.0	4.0	0.5	0.11136284186426985	0.08033130984844199	0.013175451458141245
phylum	CAMI_HIGH_S003	8.825646686839978	9796.674238493115	0.08753486026532956	0.6666666666666666	1.0	0.8	8.0	0.0	4.0	8.0	0.6666666666666666	1.2260585311332097	0.5896095209018295	0.04376743013266477
class	CAMI_HIGH_S003	8.825646686839978	9796.674238493115	0.19423441149199605	0.7619047619047619	0.8421052631578947	0.8	16.0	3.0	5.0	19.0	0.6666666666666666	2.1067643121747293	0.7155061888126296	0.09711720574599805
order	CAMI_HIGH_S003	8.825646686839978	9796.674238493115	0.7264861490975381	0.7	0.7	0.7	28.0	12.0	12.0	40.0	0.5384615384615384	2.924708871309211	0.7928447941142392	0.36324307454876886
family	CAMI_HIGH_S003	8.825646686839978	9796.674238493115	0.3426815476702624	0.6136363636363636	0.8571428571428571	0.7152317880794702	54.0	9.0	34.0	63.0	0.5567010309278351	3.565780825728492	0.860648050620867	0.17134077383513122
genus	CAMI_HIGH_S003	8.825646686839978	9796.674238493115	0.5448734831034274	0.5309278350515464	0.8442622950819673	0.6518987341772152	103.0	19.0	91.0	122.0	0.4835680751173709	4.246441196461192	0.8839347615091423	0.27243674155171377
species	CAMI_HIGH_S003	8.825646686839978	9796.674238493115	1.827442182554899	0.2757201646090535	0.23426573426573427	0.2533081285444234	67.0	219.0	176.0	286.0	0.14502164502164502	5.477920792711234	0.9685163939297134	0.9137210912774495
strain	CAMI_HIGH_S003	8.825646686839978	9796.674238493115	1.952189952189955	0.021415270018621976	0.08041958041958042	0.03382352941176471	23.0	263.0	1051.0	286.0	0.01720269259536275	5.477920792711234	0.9685163939297134	0.9760949760949762
