rank	sample	Weighted UniFrac error	Unweighted UniFrac error	L1 norm error	Completeness (recall)	Purity (precision)	F1 score	True positives	False positives	False negatives	Taxon counts	Jaccard index	Shannon diversity	Shannon equitability	Bray-Curtis distance
superkingdom	CAMI_HIGH_S003	11.515951307759869	11448.318871738766	0.02833592916017716	0.5	1.0	0.6666666666666666	1.0	0.0	1.0	1.0	0.5	0.0	0.0	0.01416796458008858
phylum	CAMI_HIGH_S003	11.515951307759869	11448.318871738766	0.22390548000766092	0.3333333333333333	1.0	0.5	4.0	0.0	8.0	4.0	0.3333333333333333	1.2868811972117593	0.9282885607153287	0.11195274000383046
class	CAMI_HIGH_S003	11.515951307759869	11448.318871738766	0.6809733643655855	0.23809523809523808	0.8333333333333334	0.37037037037037035	5.0	1.0	16.0	6.0	0.22727272727272727	1.581598676228238	0.8827070281423651	0.34048668218279277
order	CAMI_HIGH_S003	11.515951307759869	11448.318871738766	1.539236730050368	0.1	0.6666666666666666	0.1739130434782609	4.0	2.0	36.0	6.0	0.09523809523809523	1.5815986762282384	0.8827070281423653	0.7696183650251843
family	CAMI_HIGH_S003	11.515951307759869	11448.318871738766	1.574086542071431	0.06818181818181818	1.0	0.1276595744680851	6.0	0.0	82.0	6.0	0.06818181818181818	1.522556609265877	0.8497550231571213	0.7870432710357155
genus	CAMI_HIGH_S003	11.515951307759869	11448.318871738766	1.7580279794171088	0.030927835051546393	0.75	0.05940594059405941	6.0	2.0	188.0	8.0	0.030612244897959183	1.9059417891629837	0.9165642558161584	0.8790139897085538
species	CAMI_HIGH_S003	11.515951307759869	11448.318871738766	1.9952956258477328	0.00411522633744856	0.125	0.00796812749003984	1.0	7.0	242.0	8.0	0.004	1.9059417891629837	0.9165642558161584	0.9976478129238657
strain	CAMI_HIGH_S003	11.515951307759869	11448.318871738766	2.000000000000001	0.0	0.0	na	0.0	8.0	1074.0	8.0	0.0	1.905941789162984	0.9165642558161585	1.0
