rank	sample	Weighted UniFrac error	Unweighted UniFrac error	L1 norm error	Completeness (recall)	Purity (precision)	F1 score	True positives	False positives	False negatives	Taxon counts	Jaccard index	Shannon diversity	Shannon equitability	Bray-Curtis distance
superkingdom	CAMI_HIGH_S003	9.689811192979874	11051.393175612857	0.1623262708398228	1.0	1.0	1.0	2.0	0.0	0.0	2.0	1.0	0.3147015319616293	0.45401833952120224	0.0811631354199114
phylum	CAMI_HIGH_S003	9.689811192979874	11051.393175612857	0.5574629503128491	0.4166666666666667	1.0	0.5882352941176471	5.0	0.0	7.0	5.0	0.4166666666666667	1.0120281921332066	0.6288084705315682	0.27873147515642455
class	CAMI_HIGH_S003	9.689811192979874	11051.393175612857	0.9826946364398359	0.47619047619047616	1.0	0.6451612903225806	10.0	0.0	11.0	10.0	0.47619047619047616	1.8200208334194519	0.7904250049030254	0.49134731821991806
order	CAMI_HIGH_S003	9.689811192979874	11051.393175612857	1.0389863569071158	0.525	1.0	0.6885245901639345	21.0	0.0	19.0	21.0	0.525	2.446712929708202	0.8036442429827386	0.5194931784535578
family	CAMI_HIGH_S003	9.689811192979874	11051.393175612857	1.2258857524632554	0.45454545454545453	1.0	0.625	40.0	0.0	48.0	40.0	0.45454545454545453	2.8543840806948744	0.7737807960928594	0.6129428762316276
genus	CAMI_HIGH_S003	9.689811192979874	11051.393175612857	1.4889020571051643	0.20618556701030927	0.8	0.32786885245901637	40.0	10.0	154.0	50.0	0.19607843137254902	2.964385546896957	0.7577628103883106	0.7444510285525817
species	CAMI_HIGH_S003	9.689811192979874	11051.393175612857	1.9638255375405638	0.01646090534979424	0.16	0.029850746268656716	4.0	21.0	239.0	25.0	0.015151515151515152	2.2261817893647926	0.6916022582063865	0.981912768770281
strain	CAMI_HIGH_S003	9.689811192979874	11051.393175612857	na	0.0	0.0	na	0.0	0.0	1074.0	0.0	0.0	na	na	na
