rank	sample	Weighted UniFrac error	Unweighted UniFrac error	L1 norm error	Completeness (recall)	Purity (precision)	F1 score	True positives	False positives	False negatives	Taxon counts	Jaccard index	Shannon diversity	Shannon equitability	Bray-Curtis distance
superkingdom	CAMI_HIGH_S003	7.769795233166424	9861.581878002213	0.006892513437793468	1.0	1.0	1.0	2.0	0.0	0.0	2.0	1.0	0.05929216707963075	0.08554051540934314	0.003446256718896734
phylum	CAMI_HIGH_S003	7.769795233166424	9861.581878002213	0.06838785854222362	0.75	1.0	0.8571428571428571	9.0	0.0	3.0	9.0	0.75	1.3144616978489794	0.5982372996403272	0.03419392927111181
class	CAMI_HIGH_S003	7.769795233166424	9861.581878002213	0.11639965333837488	0.8095238095238095	0.8947368421052632	0.8500000000000001	17.0	2.0	4.0	19.0	0.7391304347826086	2.1239775882458125	0.7213522179519246	0.05819982666918744
order	CAMI_HIGH_S003	7.769795233166424	9861.581878002213	0.6323926709900629	0.8	0.7272727272727273	0.761904761904762	32.0	12.0	8.0	44.0	0.6153846153846154	2.9483402231921594	0.7791206330585926	0.3161963354950315
family	CAMI_HIGH_S003	7.769795233166424	9861.581878002213	0.28527144698307105	0.75	0.8571428571428571	0.7999999999999999	66.0	11.0	22.0	77.0	0.6666666666666666	3.651289716874267	0.8405739581484541	0.14263572349153553
genus	CAMI_HIGH_S003	7.769795233166424	9861.581878002213	0.43002050588007057	0.6701030927835051	0.896551724137931	0.7669616519174042	130.0	15.0	64.0	145.0	0.6220095693779905	4.418589452763814	0.887849276544722	0.2150102529400354
species	CAMI_HIGH_S003	7.769795233166424	9861.581878002213	1.8273162747308715	0.4567901234567901	0.46443514644351463	0.46058091286307057	111.0	128.0	132.0	239.0	0.2991913746630728	5.172018370368781	0.9444084346265111	0.913658137365436
strain	CAMI_HIGH_S003	7.769795233166424	9861.581878002213	na	0.0	0.0	na	0.0	0.0	1074.0	0.0	0.0	na	na	na
