rank	sample	Weighted UniFrac error	Unweighted UniFrac error	L1 norm error	Completeness (recall)	Purity (precision)	F1 score	True positives	False positives	False negatives	Taxon counts	Jaccard index	Shannon diversity	Shannon equitability	Bray-Curtis distance
superkingdom	peabody	3.3473405908839804	6773.439772219902	0.002840000000000101	1.0	0.25	0.4	1.0	3.0	0.0	4.0	0.25	0.011152874865796109	0.008045098630269604	0.0014200000000000506
phylum	peabody	3.3473405908839804	6773.439772219902	0.12977229316679498	1.0	0.2	0.33333333333333337	3.0	12.0	0.0	15.0	0.2	0.8872683025188124	0.30697376560468287	0.0648861465833975
class	peabody	3.3473405908839804	6773.439772219902	0.14863445903377095	1.0	0.18518518518518517	0.3125	5.0	22.0	0.0	27.0	0.18518518518518517	1.3673539717468792	0.37323078026854395	0.07431722951688549
order	peabody	3.3473405908839804	6773.439772219902	0.16422648692454225	1.0	0.10526315789473684	0.1904761904761905	8.0	68.0	0.0	76.0	0.10526315789473684	1.9923241265968041	0.4406053252266413	0.08211324346227117
family	peabody	3.3473405908839804	6773.439772219902	0.16549652802384848	1.0	0.05673758865248227	0.10738255033557045	8.0	133.0	0.0	141.0	0.05673758865248227	2.028362717252505	0.39144103522775875	0.08274826401192445
genus	peabody	3.3473405908839804	6773.439772219902	0.1875236914110671	1.0	0.023809523809523808	0.046511627906976744	8.0	328.0	0.0	336.0	0.023809523809523808	2.125022782107592	0.3452594275363522	0.09376184570553367
species	peabody	3.3473405908839804	6773.439772219902	1.5421370806309387	0.2727272727272727	0.003409090909090909	0.006734006734006734	3.0	877.0	8.0	880.0	0.0033783783783783786	2.570600933171646	0.35960780651456725	0.7710685403154787
strain	peabody	3.3473405908839804	6773.439772219902	na	0.0	0.0	na	0.0	0.0	11.0	0.0	0.0	na	na	na
