rank	sample	Weighted UniFrac error	Unweighted UniFrac error	L1 norm error	Completeness (recall)	Purity (precision)	F1 score	True positives	False positives	False negatives	Taxon counts	Jaccard index	Shannon diversity	Shannon equitability	Bray-Curtis distance
superkingdom	peabody	3.9526324273509417	8572.454036649682	0.002532159806075774	1.0	0.25	0.4	1.0	3.0	0.0	4.0	0.25	0.00978355928581483	0.007057346231944113	0.001266079903037887
phylum	peabody	3.9526324273509417	8572.454036649682	0.12337368522432329	1.0	0.16666666666666666	0.2857142857142857	3.0	15.0	0.0	18.0	0.16666666666666666	0.9390891902468472	0.32490256233695997	0.06168684261216167
class	peabody	3.9526324273509417	8572.454036649682	0.20363773521165116	1.0	0.1388888888888889	0.24390243902439027	5.0	31.0	0.0	36.0	0.1388888888888889	1.456114679542677	0.406336538065016	0.1018188676058256
order	peabody	3.9526324273509417	8572.454036649682	0.3094391759477024	1.0	0.09876543209876543	0.1797752808988764	8.0	73.0	0.0	81.0	0.09876543209876543	1.9753142218697448	0.4495021224149274	0.15471958797385102
family	peabody	3.9526324273509417	8572.454036649682	0.3099658204352199	1.0	0.05333333333333334	0.10126582278481014	8.0	142.0	0.0	150.0	0.05333333333333334	2.00659687789732	0.40046755752939717	0.15498291021761001
genus	peabody	3.9526324273509417	8572.454036649682	0.3403643731224781	1.0	0.02247191011235955	0.04395604395604395	8.0	348.0	0.0	356.0	0.02247191011235955	2.1066570636660087	0.3585841536144349	0.17018218656123862
species	peabody	3.9526324273509417	8572.454036649682	1.6586683384168526	0.2727272727272727	0.0032858707557502738	0.006493506493506494	3.0	910.0	8.0	913.0	0.003257328990228013	2.466063719673259	0.36176606558768704	0.8293341692084278
strain	peabody	3.9526324273509417	8572.454036649682	na	0.0	0.0	na	0.0	0.0	11.0	0.0	0.0	na	na	na
