rank	sample	Weighted UniFrac error	Unweighted UniFrac error	L1 norm error	Completeness (recall)	Purity (precision)	F1 score	True positives	False positives	False negatives	Taxon counts	Jaccard index	Shannon diversity	Shannon equitability	Bray-Curtis distance
superkingdom	peabody	3.9526324273509577	8572.454036649684	0.0025321598060757734	1.0	0.25	0.4	1.0	3.0	0.0	4.0	0.25	0.009783559285814833	0.007057346231944114	0.0012660799030378867
phylum	peabody	3.9526324273509577	8572.454036649684	0.12337368522432328	1.0	0.16666666666666666	0.2857142857142857	3.0	15.0	0.0	18.0	0.16666666666666666	0.9390891902468472	0.32490256233695997	0.061686842612161646
class	peabody	3.9526324273509577	8572.454036649684	0.2036377352116512	1.0	0.1388888888888889	0.24390243902439027	5.0	31.0	0.0	36.0	0.1388888888888889	1.4561146795426763	0.40633653806501585	0.10181886760582563
order	peabody	3.9526324273509577	8572.454036649684	0.30943917594770226	1.0	0.09876543209876543	0.1797752808988764	8.0	73.0	0.0	81.0	0.09876543209876543	1.9753142218697441	0.4495021224149272	0.154719587973851
family	peabody	3.9526324273509577	8572.454036649684	0.3099658204352198	1.0	0.05333333333333334	0.10126582278481014	8.0	142.0	0.0	150.0	0.05333333333333334	2.006596877897321	0.4004675575293974	0.15498291021761007
genus	peabody	3.9526324273509577	8572.454036649684	0.3403643731224772	1.0	0.02247191011235955	0.04395604395604395	8.0	348.0	0.0	356.0	0.02247191011235955	2.1066570636660065	0.3585841536144345	0.17018218656123868
species	peabody	3.9526324273509577	8572.454036649684	1.6586683384168515	0.2727272727272727	0.0032858707557502738	0.006493506493506494	3.0	910.0	8.0	913.0	0.003257328990228013	2.466063719673266	0.3617660655876881	0.829334169208428
strain	peabody	3.9526324273509577	8572.454036649684	na	0.0	0.0	na	0.0	0.0	11.0	0.0	0.0	na	na	na
