rank	sample	Weighted UniFrac error	Unweighted UniFrac error	L1 norm error	Completeness (recall)	Purity (precision)	F1 score	True positives	False positives	False negatives	Taxon counts	Jaccard index	Shannon diversity	Shannon equitability	Bray-Curtis distance
superkingdom	peabody	7.279458594295455	354.8730825138123	0.0	1.0	1.0	1.0	1.0	0.0	0.0	1.0	1.0	0.0	0.0	0.0
phylum	peabody	7.279458594295455	354.8730825138123	0.44712256137891626	1.0	1.0	1.0	3.0	0.0	0.0	3.0	1.0	0.6169141885436895	0.5615394938751308	0.22356128068945813
class	peabody	7.279458594295455	354.8730825138123	0.4199853999999999	1.0	1.0	1.0	5.0	0.0	0.0	5.0	1.0	1.219283466701174	0.7575834129923906	0.20999269999999995
order	peabody	7.279458594295455	354.8730825138123	0.36764483333332665	1.0	0.8	0.888888888888889	8.0	2.0	0.0	10.0	0.8	1.8096337654425851	0.7859139585975182	0.18382241666666338
family	peabody	7.279458594295455	354.8730825138123	0.23833163333332663	1.0	0.7272727272727273	0.8421052631578948	8.0	3.0	0.0	11.0	0.7272727272727273	1.9600648824771654	0.8174105452861365	0.11916581666666337
genus	peabody	7.279458594295455	354.8730825138123	0.3221415666666735	1.0	0.5714285714285714	0.7272727272727273	8.0	6.0	0.0	14.0	0.5714285714285714	1.8537251909672379	0.7024194473401182	0.16107078333333674
species	peabody	7.279458594295455	354.8730825138123	1.2321932247871439	0.9090909090909091	0.35714285714285715	0.5128205128205129	10.0	18.0	1.0	28.0	0.3448275862068966	2.4066632896186833	0.7222435724667282	0.616096612393572
strain	peabody	7.279458594295455	354.8730825138123	1.8196898180310184	0.45454545454545453	0.2	0.2777777777777778	5.0	20.0	6.0	25.0	0.16129032258064516	2.521217588636046	0.7832602827228601	0.9098449090155093
