rank	sample	Weighted UniFrac error	Unweighted UniFrac error	L1 norm error	Completeness (recall)	Purity (precision)	F1 score	True positives	False positives	False negatives	Taxon counts	Jaccard index	Shannon diversity	Shannon equitability	Bray-Curtis distance
superkingdom	peabody	4.023088297691132	63.71969696136361	0.0	1.0	1.0	1.0	1.0	0.0	0.0	1.0	1.0	0.0	0.0	0.0
phylum	peabody	4.023088297691132	63.71969696136361	0.24876145845719413	1.0	1.0	1.0	3.0	0.0	0.0	3.0	1.0	0.8054703352712512	0.7331706950481631	0.12438072922859707
class	peabody	4.023088297691132	63.71969696136361	0.282588888407771	1.0	1.0	1.0	5.0	0.0	0.0	5.0	1.0	1.274470348629798	0.7918729506640612	0.1412944442038855
order	peabody	4.023088297691132	63.71969696136361	0.4358888564111144	0.75	0.8571428571428571	0.7999999999999999	6.0	1.0	2.0	7.0	0.6666666666666666	1.6806890934225063	0.8637033391487451	0.21794442820555726
family	peabody	4.023088297691132	63.71969696136361	0.43588885641111447	0.75	0.8571428571428571	0.7999999999999999	6.0	1.0	2.0	7.0	0.6666666666666666	1.6806890934225065	0.8637033391487452	0.2179444282055573
genus	peabody	4.023088297691132	63.71969696136361	0.43588885641111447	0.75	0.8571428571428571	0.7999999999999999	6.0	1.0	2.0	7.0	0.6666666666666666	1.6806890934225065	0.8637033391487452	0.21794442820555723
species	peabody	4.023088297691132	63.71969696136361	0.7004941299505473	0.6363636363636364	0.875	0.7368421052631579	7.0	1.0	4.0	8.0	0.5833333333333334	1.964907872542911	0.9449209478404471	0.3502470649752735
strain	peabody	4.023088297691132	63.71969696136361	1.4835772516422754	0.2727272727272727	0.375	0.3157894736842105	3.0	5.0	8.0	8.0	0.1875	1.964907872542911	0.9449209478404471	0.7417886258211374
