rank	sample	Weighted UniFrac error	Unweighted UniFrac error	L1 norm error	Completeness (recall)	Purity (precision)	F1 score	True positives	False positives	False negatives	Taxon counts	Jaccard index	Shannon diversity	Shannon equitability	Bray-Curtis distance
superkingdom	peabody	4.304452349568895	344.38604629936594	0.0	1.0	1.0	1.0	1.0	0.0	0.0	1.0	1.0	0.0	0.0	0.0
phylum	peabody	4.304452349568895	344.38604629936594	0.0909080730276978	1.0	1.0	1.0	3.0	0.0	0.0	3.0	1.0	0.8948158009174201	0.8144964426005464	0.0454540365138489
class	peabody	4.304452349568895	344.38604629936594	0.10568029962031375	1.0	1.0	1.0	5.0	0.0	0.0	5.0	1.0	1.3610354227046118	0.8456588552994836	0.05284014981015688
order	peabody	4.304452349568895	344.38604629936594	0.14582552385975858	1.0	0.6666666666666666	0.8	8.0	4.0	0.0	12.0	0.6666666666666666	1.8587058861502235	0.7479982744256405	0.0729127619298793
family	peabody	4.304452349568895	344.38604629936594	0.1505624651955351	1.0	0.6153846153846154	0.761904761904762	8.0	5.0	0.0	13.0	0.6153846153846154	1.8690524700153728	0.7286898139248742	0.07528123259776756
genus	peabody	4.304452349568895	344.38604629936594	0.16318876200612847	1.0	0.6153846153846154	0.761904761904762	8.0	5.0	0.0	13.0	0.6153846153846154	1.85768292683267	0.7242571559662956	0.08159438100306428
species	peabody	4.304452349568895	344.38604629936594	1.6330721710920881	0.2727272727272727	0.07317073170731707	0.11538461538461536	3.0	38.0	8.0	41.0	0.061224489795918366	2.8395577100723397	0.7646432219618585	0.8165360855460444
strain	peabody	4.304452349568895	344.38604629936594	2.0	0.0	0.0	na	0.0	41.0	11.0	41.0	0.0	2.83955771007234	0.7646432219618586	1.0
