rank	sample	Weighted UniFrac error	Unweighted UniFrac error	L1 norm error	Completeness (recall)	Purity (precision)	F1 score	True positives	False positives	False negatives	Taxon counts	Jaccard index	Shannon diversity	Shannon equitability	Bray-Curtis distance
superkingdom	peabody	3.1398885442891427	50.98380233408595	0.0	1.0	1.0	1.0	1.0	0.0	0.0	1.0	1.0	0.0	0.0	0.0
phylum	peabody	3.1398885442891427	50.98380233408595	0.1284611915259841	1.0	1.0	1.0	3.0	0.0	0.0	3.0	1.0	0.8731980790150184	0.7948191441346704	0.06423059576299206
class	peabody	3.1398885442891427	50.98380233408595	0.1467572687092215	1.0	1.0	1.0	5.0	0.0	0.0	5.0	1.0	1.3511635142739584	0.8395250937207451	0.07337863435461076
order	peabody	3.1398885442891427	50.98380233408595	0.12147636971978253	1.0	1.0	1.0	8.0	0.0	0.0	8.0	1.0	1.8572617377648075	0.8931540995687022	0.06073818485989126
family	peabody	3.1398885442891427	50.98380233408595	0.11995807127882596	1.0	1.0	1.0	8.0	0.0	0.0	8.0	1.0	1.855880635876177	0.8924899299534723	0.059979035639412995
genus	peabody	3.1398885442891427	50.98380233408595	0.11922398071743442	1.0	1.0	1.0	8.0	0.0	0.0	8.0	1.0	1.846388068983762	0.8879249702264743	0.05961199035871722
species	peabody	3.1398885442891427	50.98380233408595	1.504011662337893	0.2727272727272727	0.3333333333333333	0.3	3.0	6.0	8.0	9.0	0.17647058823529413	2.0927420457247754	0.9524479506149925	0.7520058311689466
strain	peabody	3.1398885442891427	50.98380233408595	na	0.0	0.0	na	0.0	0.0	11.0	0.0	0.0	na	na	na
