rank	sample	Weighted UniFrac error	Unweighted UniFrac error	L1 norm error	Completeness (recall)	Purity (precision)	F1 score	True positives	False positives	False negatives	Taxon counts	Jaccard index	Shannon diversity	Shannon equitability	Bray-Curtis distance
superkingdom	peabody	4.32541733858603	59.222551124475125	0.0	1.0	1.0	1.0	1.0	0.0	0.0	1.0	1.0	0.0	0.0	0.0
phylum	peabody	4.32541733858603	59.222551124475125	0.12286769072662782	1.0	1.0	1.0	3.0	0.0	0.0	3.0	1.0	0.9353375143502117	0.8513808956972051	0.06143384536331391
class	peabody	4.32541733858603	59.222551124475125	0.20308510826472712	1.0	1.0	1.0	5.0	0.0	0.0	5.0	1.0	1.4504852718776706	0.9012371714817933	0.10154255413236357
order	peabody	4.32541733858603	59.222551124475125	0.39886608892876363	0.75	1.0	0.8571428571428571	6.0	0.0	2.0	6.0	0.75	1.6780360073075369	0.9365297274139628	0.19943304446438181
family	peabody	4.32541733858603	59.222551124475125	0.39851373336246465	0.75	1.0	0.8571428571428571	6.0	0.0	2.0	6.0	0.75	1.6767901185070246	0.9358343836348957	0.1992568666812324
genus	peabody	4.32541733858603	59.222551124475125	0.5354180173034376	0.625	1.0	0.7692307692307693	5.0	0.0	3.0	5.0	0.625	1.5022621561659824	0.933407958492772	0.26770900865171887
species	peabody	4.32541733858603	59.222551124475125	1.6666667000000104	0.18181818181818182	0.3333333333333333	0.23529411764705885	2.0	4.0	9.0	6.0	0.13333333333333333	1.7735619653304813	0.9898437796980564	0.8333333500000052
strain	peabody	4.32541733858603	59.222551124475125	na	0.0	0.0	na	0.0	0.0	11.0	0.0	0.0	na	na	na
