rank	sample	Weighted UniFrac error	Unweighted UniFrac error	L1 norm error	Completeness (recall)	Purity (precision)	F1 score	True positives	False positives	False negatives	Taxon counts	Jaccard index	Shannon diversity	Shannon equitability	Bray-Curtis distance
superkingdom	peabody	6.036828075566476	68.4860874643902	0.0	1.0	1.0	1.0	1.0	0.0	0.0	1.0	1.0	0.0	0.0	0.0
phylum	peabody	6.036828075566476	68.4860874643902	0.5000000000000001	0.6666666666666666	1.0	0.8	2.0	0.0	1.0	2.0	0.6666666666666666	0.5513965535140741	0.7954970733180207	0.25000000000000006
class	peabody	6.036828075566476	68.4860874643902	0.7280808828012358	0.6	0.75	0.6666666666666665	3.0	1.0	2.0	4.0	0.5	1.076276992557632	0.7763697398928918	0.36404044140061786
order	peabody	6.036828075566476	68.4860874643902	0.6854315747708299	0.5	1.0	0.6666666666666666	4.0	0.0	4.0	4.0	0.5	1.1468084577908597	0.8272474374521968	0.34271578738541514
family	peabody	6.036828075566476	68.4860874643902	0.5543711811742033	0.625	1.0	0.7692307692307693	5.0	0.0	3.0	5.0	0.625	1.4226572055695232	0.8839466217233	0.2771855905871017
genus	peabody	6.036828075566476	68.4860874643902	0.8877046478408965	0.5	0.8	0.6153846153846154	4.0	1.0	4.0	5.0	0.4444444444444444	1.4226572055695232	0.8839466217233	0.4438523239204484
species	peabody	6.036828075566476	68.4860874643902	1.5543713478409067	0.2727272727272727	0.375	0.3157894736842105	3.0	5.0	8.0	8.0	0.1875	1.9346886296263741	0.9303885638754116	0.7771856739204532
strain	peabody	6.036828075566476	68.4860874643902	na	0.0	0.0	na	0.0	0.0	11.0	0.0	0.0	na	na	na
