rank	sample	Weighted UniFrac error	Unweighted UniFrac error	L1 norm error	Completeness (recall)	Purity (precision)	F1 score	True positives	False positives	False negatives	Taxon counts	Jaccard index	Shannon diversity	Shannon equitability	Bray-Curtis distance
superkingdom	peabody	9.749341599450709	75.37738091418919	0.0	1.0	1.0	1.0	1.0	0.0	0.0	1.0	1.0	0.0	0.0	0.0
phylum	peabody	9.749341599450709	75.37738091418919	0.44712256137891626	1.0	1.0	1.0	3.0	0.0	0.0	3.0	1.0	0.6169141885436895	0.5615394938751308	0.22356128068945813
class	peabody	9.749341599450709	75.37738091418919	0.41998539999999984	1.0	1.0	1.0	5.0	0.0	0.0	5.0	1.0	1.2192834667011743	0.7575834129923907	0.20999269999999992
order	peabody	9.749341599450709	75.37738091418919	0.5714063453609363	0.625	0.8333333333333334	0.7142857142857143	5.0	1.0	3.0	6.0	0.5555555555555556	1.4726127611330102	0.8218808307833065	0.28570317268046824
family	peabody	9.749341599450709	75.37738091418919	0.30255675805185417	0.875	0.875	0.875	7.0	1.0	1.0	8.0	0.7777777777777778	1.8399315762466748	0.8848200535420305	0.15127837902592714
genus	peabody	9.749341599450709	75.37738091418919	0.4208783696651677	0.75	1.0	0.8571428571428571	6.0	0.0	2.0	6.0	0.75	1.5055850106370496	0.84028299361281	0.21043918483258392
species	peabody	9.749341599450709	75.37738091418919	1.6666667000000102	0.18181818181818182	0.6666666666666666	0.28571428571428575	2.0	1.0	9.0	3.0	0.16666666666666666	0.8434862356812519	0.767774258836885	0.8333333500000051
strain	peabody	9.749341599450709	75.37738091418919	2.0000000000000004	0.0	0.0	na	0.0	4.0	11.0	4.0	0.0	1.0893314677523727	0.785786553205322	1.0
