rank	sample	Weighted UniFrac error	Unweighted UniFrac error	L1 norm error	Completeness (recall)	Purity (precision)	F1 score	True positives	False positives	False negatives	Taxon counts	Jaccard index	Shannon diversity	Shannon equitability	Bray-Curtis distance
superkingdom	peabody	4.293911626248262	55.31293843672158	0.0	1.0	1.0	1.0	1.0	0.0	0.0	1.0	1.0	0.0	0.0	0.0
phylum	peabody	4.293911626248262	55.31293843672158	0.0909080730276978	1.0	1.0	1.0	3.0	0.0	0.0	3.0	1.0	0.8948158009174201	0.8144964426005464	0.0454540365138489
class	peabody	4.293911626248262	55.31293843672158	0.10568029962031375	1.0	1.0	1.0	5.0	0.0	0.0	5.0	1.0	1.3610354227046115	0.8456588552994835	0.052840149810156875
order	peabody	4.293911626248262	55.31293843672158	0.1378239829354939	1.0	1.0	1.0	8.0	0.0	0.0	8.0	1.0	1.8277001813273865	0.8789379959442933	0.06891199146774696
family	peabody	4.293911626248262	55.31293843672158	0.1397468193207073	1.0	1.0	1.0	8.0	0.0	0.0	8.0	1.0	1.8256890412913385	0.8779708420254467	0.06987340966035366
genus	peabody	4.293911626248262	55.31293843672158	0.15308575134403665	1.0	1.0	1.0	8.0	0.0	0.0	8.0	1.0	1.8136807585845458	0.8721960787218859	0.07654287567201834
species	peabody	4.293911626248262	55.31293843672158	1.6666667000000097	0.18181818181818182	0.2222222222222222	0.19999999999999998	2.0	7.0	9.0	9.0	0.1111111111111111	2.1699511069848	0.9875873087199469	0.8333333500000049
strain	peabody	4.293911626248262	55.31293843672158	2.0000000000000004	0.0	0.0	na	0.0	9.0	11.0	9.0	0.0	2.1699511069848	0.9875873087199469	1.0
