rank	sample	Weighted UniFrac error	Unweighted UniFrac error	L1 norm error	Completeness (recall)	Purity (precision)	F1 score	True positives	False positives	False negatives	Taxon counts	Jaccard index	Shannon diversity	Shannon equitability	Bray-Curtis distance
superkingdom	peabody	5.079488668172347	66.71302542141817	0.0	1.0	1.0	1.0	1.0	0.0	0.0	1.0	1.0	0.0	0.0	0.0
phylum	peabody	5.079488668172347	66.71302542141817	0.1151488	1.0	1.0	1.0	3.0	0.0	0.0	3.0	1.0	0.8785832115008466	0.7997209029638537	0.057574400000000005
class	peabody	5.079488668172347	66.71302542141817	0.5275149242826943	0.8	1.0	0.888888888888889	4.0	0.0	1.0	4.0	0.8	1.0566096300053733	0.7621827366821373	0.2637574621413471
order	peabody	5.079488668172347	66.71302542141817	0.7575785914087493	0.5	0.8	0.6153846153846154	4.0	1.0	4.0	5.0	0.4444444444444444	1.4174197417969958	0.8806924025129383	0.37878929570437464
family	peabody	5.079488668172347	66.71302542141817	0.3405135086509463	0.875	1.0	0.9333333333333333	7.0	0.0	1.0	7.0	0.875	1.7361001587201046	0.8921789937541229	0.17025675432547316
genus	peabody	5.079488668172347	66.71302542141817	0.5769446261691112	0.75	0.8571428571428571	0.7999999999999999	6.0	1.0	2.0	7.0	0.6666666666666666	1.7361001587201046	0.8921789937541229	0.2884723130845557
species	peabody	5.079488668172347	66.71302542141817	1.5056268318982444	0.2727272727272727	0.3333333333333333	0.3	3.0	6.0	8.0	9.0	0.17647058823529413	2.1391984682248713	0.9735911796591609	0.7528134159491224
strain	peabody	5.079488668172347	66.71302542141817	na	0.0	0.0	na	0.0	0.0	11.0	0.0	0.0	na	na	na
