rank	sample	Weighted UniFrac error	Unweighted UniFrac error	L1 norm error	Completeness (recall)	Purity (precision)	F1 score	True positives	False positives	False negatives	Taxon counts	Jaccard index	Shannon diversity	Shannon equitability	Bray-Curtis distance
superkingdom	peabody	3.937347444442169	52.85482689324239	0.0	1.0	1.0	1.0	1.0	0.0	0.0	1.0	1.0	0.0	0.0	0.0
phylum	peabody	3.937347444442169	52.85482689324239	0.24876145845719413	1.0	1.0	1.0	3.0	0.0	0.0	3.0	1.0	0.8054703352712512	0.7331706950481631	0.12438072922859707
class	peabody	3.937347444442169	52.85482689324239	0.282588888407771	1.0	1.0	1.0	5.0	0.0	0.0	5.0	1.0	1.274470348629798	0.7918729506640612	0.1412944442038855
order	peabody	3.937347444442169	52.85482689324239	0.4133360289596797	0.75	1.0	0.8571428571428571	6.0	0.0	2.0	6.0	0.75	1.5784045754740266	0.8809243665691644	0.20666801447983985
family	peabody	3.937347444442169	52.85482689324239	0.41333602895967964	0.75	1.0	0.8571428571428571	6.0	0.0	2.0	6.0	0.75	1.5784045754740266	0.8809243665691644	0.20666801447983985
genus	peabody	3.937347444442169	52.85482689324239	0.4133360289596797	0.75	1.0	0.8571428571428571	6.0	0.0	2.0	6.0	0.75	1.5784045754740266	0.8809243665691644	0.20666801447983987
species	peabody	3.937347444442169	52.85482689324239	0.6885200676945523	0.6363636363636364	1.0	0.7777777777777778	7.0	0.0	4.0	7.0	0.6363636363636364	1.8739862520603097	0.963038428557495	0.34426003384727616
strain	peabody	3.937347444442169	52.85482689324239	1.4774689430036134	0.2727272727272727	0.42857142857142855	0.33333333333333326	3.0	4.0	8.0	7.0	0.2	1.8739862520603097	0.963038428557495	0.7387344715018064
