rank	sample	Weighted UniFrac error	Unweighted UniFrac error	L1 norm error	Completeness (recall)	Purity (precision)	F1 score	True positives	False positives	False negatives	Taxon counts	Jaccard index	Shannon diversity	Shannon equitability	Bray-Curtis distance
superkingdom	peabody	5.1879554780446515	80.07970277328796	0.0	1.0	1.0	1.0	1.0	0.0	0.0	1.0	1.0	0.0	0.0	0.0
phylum	peabody	5.1879554780446515	80.07970277328796	0.17000459692835185	1.0	1.0	1.0	3.0	0.0	0.0	3.0	1.0	0.8898503317629171	0.8099766777975123	0.08500229846417592
class	peabody	5.1879554780446515	80.07970277328796	0.18701656258606966	1.0	1.0	1.0	5.0	0.0	0.0	5.0	1.0	1.4731162221951632	0.9152985715163344	0.09350828129303486
order	peabody	5.1879554780446515	80.07970277328796	0.41906729482495836	0.75	1.0	0.8571428571428571	6.0	0.0	2.0	6.0	0.75	1.573325204891137	0.878089515870662	0.2095336474124792
family	peabody	5.1879554780446515	80.07970277328796	0.684303339379668	0.625	1.0	0.7692307692307693	5.0	0.0	3.0	5.0	0.625	1.3568554293837458	0.8430616794230037	0.34215166968983407
genus	peabody	5.1879554780446515	80.07970277328796	0.8333333666666733	0.5	1.0	0.6666666666666666	4.0	0.0	4.0	4.0	0.5	1.1521550772493032	0.8311042081413051	0.4166666833333368
species	peabody	5.1879554780446515	80.07970277328796	1.833333350000005	0.09090909090909091	0.3333333333333333	0.14285714285714288	1.0	2.0	10.0	3.0	0.07692307692307693	0.8740456560852583	0.7955906420315921	0.9166666750000025
strain	peabody	5.1879554780446515	80.07970277328796	na	0.0	0.0	na	0.0	0.0	11.0	0.0	0.0	na	na	na
