rank	sample	Weighted UniFrac error	Unweighted UniFrac error	L1 norm error	Completeness (recall)	Purity (precision)	F1 score	True positives	False positives	False negatives	Taxon counts	Jaccard index	Shannon diversity	Shannon equitability	Bray-Curtis distance
superkingdom	CAMI_HIGH_S002	8.409729197065355	31645.960360698115	0.010360984060984046	1.0	0.5	0.6666666666666666	2.0	2.0	0.0	4.0	0.5	0.0779537690970584	0.05623175804746474	0.005180492030492023
phylum	CAMI_HIGH_S002	8.409729197065355	31645.960360698115	0.20221811152706257	1.0	0.2926829268292683	0.45283018867924524	12.0	29.0	0.0	41.0	0.2926829268292683	1.1593269721321378	0.30455207816495633	0.10110905576353127
class	CAMI_HIGH_S002	8.409729197065355	31645.960360698115	0.3382476454868721	1.0	0.2625	0.4158415841584159	21.0	59.0	0.0	80.0	0.2625	1.9895871715258253	0.4478378014972965	0.16912382274343607
order	CAMI_HIGH_S002	8.409729197065355	31645.960360698115	0.8742525370297503	1.0	0.22099447513812154	0.3619909502262444	40.0	141.0	0.0	181.0	0.22099447513812154	2.9997435523874683	0.5711324045639226	0.4371262685148754
family	CAMI_HIGH_S002	8.409729197065355	31645.960360698115	0.6518683060021848	0.9545454545454546	0.22163588390501318	0.35974304068522484	84.0	295.0	4.0	379.0	0.2193211488250653	3.7951192941095804	0.6118657899810293	0.32593415300109263
genus	CAMI_HIGH_S002	8.409729197065355	31645.960360698115	1.040534934658723	0.6494845360824743	0.1008	0.1745152354570637	126.0	1124.0	68.0	1250.0	0.09559939301972686	4.814668410054044	0.6373384980147705	0.5202674673293617
species	CAMI_HIGH_S002	8.409729197065355	31645.960360698115	1.9678185355799178	0.06584362139917696	0.0038049940546967895	0.007194244604316546	16.0	4189.0	227.0	4205.0	0.0036101083032490976	6.520495785653923	0.7352727717976393	0.9839092677899747
strain	CAMI_HIGH_S002	8.409729197065355	31645.960360698115	na	0.0	0.0	na	0.0	0.0	1074.0	0.0	0.0	na	na	na
