rank	sample	Weighted UniFrac error	Unweighted UniFrac error	L1 norm error	Completeness (recall)	Purity (precision)	F1 score	True positives	False positives	False negatives	Taxon counts	Jaccard index	Shannon diversity	Shannon equitability	Bray-Curtis distance
superkingdom	CAMI_HIGH_S002	7.629847309903172	20507.571351404895	0.007019015939015951	1.0	0.5	0.6666666666666666	2.0	2.0	0.0	4.0	0.5	0.038197926099279814	0.027553979277837048	0.0035095079695079755
phylum	CAMI_HIGH_S002	7.629847309903172	20507.571351404895	0.059944186286510125	1.0	0.2727272727272727	0.42857142857142855	12.0	32.0	0.0	44.0	0.2727272727272727	1.2344758075119862	0.23343673841482548	0.029972093143255076
class	CAMI_HIGH_S002	7.629847309903172	20507.571351404895	0.13973294003624145	1.0	0.27631578947368424	0.4329896907216495	21.0	55.0	0.0	76.0	0.27631578947368424	2.1435791141329053	0.40731622747851004	0.06986647001812074
order	CAMI_HIGH_S002	7.629847309903172	20507.571351404895	0.6436170896200218	1.0	0.26143790849673204	0.4145077720207254	40.0	113.0	0.0	153.0	0.26143790849673204	3.0219698755411617	0.5023089981400488	0.32180854481001087
family	CAMI_HIGH_S002	7.629847309903172	20507.571351404895	0.2708842489530788	0.9545454545454546	0.32061068702290074	0.4800000000000001	84.0	178.0	4.0	262.0	0.3157894736842105	3.7690487129146324	0.5557272164795887	0.1354421244765397
genus	CAMI_HIGH_S002	7.629847309903172	20507.571351404895	0.41963977798920526	0.9587628865979382	0.2980769230769231	0.4547677261613692	186.0	438.0	8.0	624.0	0.29430379746835444	4.538587731010529	0.5563592245366324	0.20981988899460352
species	CAMI_HIGH_S002	7.629847309903172	20507.571351404895	1.787686310255342	0.6460905349794238	0.0602455871066769	0.1102141102141102	157.0	2449.0	86.0	2606.0	0.05832095096582467	5.927392569004736	0.5783531538666496	0.893843155127656
strain	CAMI_HIGH_S002	7.629847309903172	20507.571351404895	na	0.0	0.0	na	0.0	0.0	1074.0	0.0	0.0	na	na	na
