rank	sample	Weighted UniFrac error	Unweighted UniFrac error	L1 norm error	Completeness (recall)	Purity (precision)	F1 score	True positives	False positives	False negatives	Taxon counts	Jaccard index	Shannon diversity	Shannon equitability	Bray-Curtis distance
superkingdom	CAMI_low_S001	7.661047871732537	609.1914500616409	0.3635051463723374	0.5	1.0	0.6666666666666666	1.0	0.0	1.0	1.0	0.5	0.0	0.0	0.1817525731861687
phylum	CAMI_low_S001	7.661047871732537	609.1914500616409	0.30576235945444075	1.0	1.0	1.0	6.0	0.0	0.0	6.0	1.0	1.6510898470258573	0.9214907890160042	0.15288117972722037
class	CAMI_low_S001	7.661047871732537	609.1914500616409	0.622265228876799	0.9166666666666666	0.9166666666666666	0.9166666666666666	11.0	1.0	1.0	12.0	0.8461538461538461	2.2479425504296486	0.9046386312425184	0.3111326144383995
order	CAMI_low_S001	7.661047871732537	609.1914500616409	0.8827796380712851	0.8571428571428571	0.7058823529411765	0.7741935483870968	12.0	5.0	2.0	17.0	0.631578947368421	2.3839825374020553	0.8414412357627075	0.4413898190356426
family	CAMI_low_S001	7.661047871732537	609.1914500616409	0.7236354379260972	0.875	0.6363636363636364	0.7368421052631579	14.0	8.0	2.0	22.0	0.5833333333333334	2.3406907137323962	0.7572496169340258	0.36181771896304854
genus	CAMI_low_S001	7.661047871732537	609.1914500616409	0.579628846179476	0.7272727272727273	0.6956521739130435	0.711111111111111	16.0	7.0	6.0	23.0	0.5517241379310345	2.4888126803741297	0.7937545117226801	0.2898144230897379
species	CAMI_low_S001	7.661047871732537	609.1914500616409	1.547983905295749	0.6956521739130435	0.5925925925925926	0.6399999999999999	16.0	11.0	7.0	27.0	0.47058823529411764	2.479235581451698	0.7522324927621103	0.7739919526478747
strain	CAMI_low_S001	7.661047871732537	609.1914500616409	na	0.0	0.0	na	0.0	0.0	60.0	0.0	0.0	na	na	na
