rank	sample	Weighted UniFrac error	Unweighted UniFrac error	L1 norm error	Completeness (recall)	Purity (precision)	F1 score	True positives	False positives	False negatives	Taxon counts	Jaccard index	Shannon diversity	Shannon equitability	Bray-Curtis distance
superkingdom	CAMI_low_S001	8.578845467914759	635.0473644546415	0.3635051463723374	0.5	1.0	0.6666666666666666	1.0	0.0	1.0	1.0	0.5	0.0	0.0	0.1817525731861687
phylum	CAMI_low_S001	8.578845467914759	635.0473644546415	0.3136659137962038	1.0	1.0	1.0	6.0	0.0	0.0	6.0	1.0	1.6510339508687808	0.9214595927767565	0.1568329568981019
class	CAMI_low_S001	8.578845467914759	635.0473644546415	0.6275102266851921	0.8333333333333334	0.9090909090909091	0.8695652173913043	10.0	1.0	2.0	11.0	0.7692307692307693	2.2298143603838416	0.9299048151429996	0.3137551133425961
order	CAMI_low_S001	8.578845467914759	635.0473644546415	0.8910882087115786	0.7857142857142857	0.7857142857142857	0.7857142857142857	11.0	3.0	3.0	14.0	0.6470588235294118	2.3083295914832793	0.8746795931939095	0.44554410435578945
family	CAMI_low_S001	8.578845467914759	635.0473644546415	0.7213000708490499	0.8125	0.8125	0.8125	13.0	3.0	3.0	16.0	0.6842105263157895	2.2273318795580326	0.8033401642630669	0.36065003542452495
genus	CAMI_low_S001	8.578845467914759	635.0473644546415	0.579161343093562	0.7272727272727273	0.8	0.761904761904762	16.0	4.0	6.0	20.0	0.6153846153846154	2.416711581216278	0.8067181445253815	0.2895806715467809
species	CAMI_low_S001	8.578845467914759	635.0473644546415	1.5479839052957485	0.6956521739130435	0.7619047619047619	0.7272727272727272	16.0	5.0	7.0	21.0	0.5714285714285714	2.424250629597266	0.7962663042188081	0.7739919526478745
strain	CAMI_low_S001	8.578845467914759	635.0473644546415	1.8415149509102944	0.13333333333333333	0.38095238095238093	0.19753086419753085	8.0	13.0	52.0	21.0	0.1095890410958904	2.4242506295972666	0.7962663042188082	0.9207574754551473
