rank	sample	Weighted UniFrac error	Unweighted UniFrac error	L1 norm error	Completeness (recall)	Purity (precision)	F1 score	True positives	False positives	False negatives	Taxon counts	Jaccard index	Shannon diversity	Shannon equitability	Bray-Curtis distance
superkingdom	CAMI_HIGH_S001	7.603053594534336	20611.610405472293	0.007728113987051398	1.0	0.5	0.6666666666666666	2.0	2.0	0.0	4.0	0.5	0.040433052311882524	0.029166282029178477	0.0038640569935256995
phylum	CAMI_HIGH_S001	7.603053594534336	20611.610405472293	0.05594824208685592	1.0	0.2926829268292683	0.45283018867924524	12.0	29.0	0.0	41.0	0.2926829268292683	1.2725681636688295	0.24110278874736574	0.02797412104342798
class	CAMI_HIGH_S001	7.603053594534336	20611.610405472293	0.10905953170602284	1.0	0.2876712328767123	0.44680851063829785	21.0	52.0	0.0	73.0	0.2876712328767123	2.1108218840500936	0.40069831425100794	0.05452976585301142
order	CAMI_HIGH_S001	7.603053594534336	20611.610405472293	0.6354384342871507	1.0	0.2777777777777778	0.4347826086956522	40.0	104.0	0.0	144.0	0.2777777777777778	2.9891722507276888	0.49705916777984716	0.3177192171435754
family	CAMI_HIGH_S001	7.603053594534336	20611.610405472293	0.25593946463455813	0.9545454545454546	0.3333333333333333	0.49411764705882355	84.0	168.0	4.0	252.0	0.328125	3.731858559786	0.5496942248490228	0.12796973231727884
genus	CAMI_HIGH_S001	7.603053594534336	20611.610405472293	0.37162412161588326	0.9639175257731959	0.29356357927786497	0.45006016847172076	187.0	450.0	7.0	637.0	0.29037267080745344	4.481540550763608	0.5489432831031658	0.18581206080794133
species	CAMI_HIGH_S001	7.603053594534336	20611.610405472293	1.7853173570253447	0.6502057613168725	0.06081601231716705	0.11122844068989793	158.0	2440.0	85.0	2598.0	0.05888930301900857	5.868279902145633	0.5732426495350893	0.8926586785126924
strain	CAMI_HIGH_S001	7.603053594534336	20611.610405472293	na	0.0	0.0	na	0.0	0.0	1074.0	0.0	0.0	na	na	na
