rank	sample	Weighted UniFrac error	Unweighted UniFrac error	L1 norm error	Completeness (recall)	Purity (precision)	F1 score	True positives	False positives	False negatives	Taxon counts	Jaccard index	Shannon diversity	Shannon equitability	Bray-Curtis distance
superkingdom	CAMI_HIGH_S003	8.421195349026302	32533.960041502687	0.012684070839822863	1.0	0.5	0.6666666666666666	2.0	2.0	0.0	4.0	0.5	0.10985987187321612	0.07924714617209291	0.006342035419911432
phylum	CAMI_HIGH_S003	8.421195349026302	32533.960041502687	0.24233841938445572	1.0	0.2857142857142857	0.4444444444444445	12.0	30.0	0.0	42.0	0.2857142857142857	1.1827667217791964	0.31070963736807683	0.12116920969222787
class	CAMI_HIGH_S003	8.421195349026302	32533.960041502687	0.3397188297407538	1.0	0.25925925925925924	0.4117647058823529	21.0	60.0	0.0	81.0	0.25925925925925924	1.9782540928475356	0.4441176139344633	0.16985941487037692
order	CAMI_HIGH_S003	8.421195349026302	32533.960041502687	0.8797696146026045	1.0	0.22099447513812154	0.3619909502262444	40.0	141.0	0.0	181.0	0.22099447513812154	3.0265198293444135	0.575658106224277	0.4398848073013019
family	CAMI_HIGH_S003	8.421195349026302	32533.960041502687	0.6123182584710591	0.9545454545454546	0.2198952879581152	0.3574468085106383	84.0	298.0	4.0	382.0	0.21761658031088082	3.8025436277151914	0.6132631242017756	0.30615912923552996
genus	CAMI_HIGH_S003	8.421195349026302	32533.960041502687	1.0396046253138014	0.6443298969072165	0.09928514694201747	0.17205781142463863	125.0	1134.0	69.0	1259.0	0.09412650602409639	4.872208268764351	0.6442435043624581	0.5198023126569014
species	CAMI_HIGH_S003	8.421195349026302	32533.960041502687	1.9666045336129343	0.06584362139917696	0.0037426900584795323	0.007082779991146525	16.0	4259.0	227.0	4275.0	0.003553976010661928	6.6162970766484825	0.7449943836947216	0.9833022668064653
strain	CAMI_HIGH_S003	8.421195349026302	32533.960041502687	na	0.0	0.0	na	0.0	0.0	1074.0	0.0	0.0	na	na	na
