rank	sample	Weighted UniFrac error	Unweighted UniFrac error	L1 norm error	Completeness (recall)	Purity (precision)	F1 score	True positives	False positives	False negatives	Taxon counts	Jaccard index	Shannon diversity	Shannon equitability	Bray-Curtis distance
superkingdom	CAMI_HIGH_S003	8.516783865958416	47565.03019601786	0.029666297657064772	1.0	0.5	0.6666666666666666	2.0	2.0	0.0	4.0	0.5	0.1347274289263151	0.09718529679185753	0.014833148828532382
phylum	CAMI_HIGH_S003	8.516783865958416	47565.03019601786	0.2483409319606593	1.0	0.22641509433962265	0.36923076923076925	12.0	41.0	0.0	53.0	0.22641509433962265	1.1419976836560253	0.2849769736802597	0.12417046598032958
class	CAMI_HIGH_S003	8.516783865958416	47565.03019601786	0.3297799766615834	1.0	0.17355371900826447	0.29577464788732394	21.0	100.0	0.0	121.0	0.17355371900826447	1.9601203242599043	0.40020098743930943	0.1648899883307916
order	CAMI_HIGH_S003	8.516783865958416	47565.03019601786	0.9093124056614167	1.0	0.1532567049808429	0.26578073089700993	40.0	221.0	0.0	261.0	0.1532567049808429	2.915956068408596	0.5041570200491508	0.45465620283070857
family	CAMI_HIGH_S003	8.516783865958416	47565.03019601786	0.6414660589297072	0.9659090909090909	0.1693227091633466	0.288135593220339	85.0	417.0	3.0	502.0	0.16831683168316833	3.631210877980033	0.5619792249799748	0.3207330294648529
genus	CAMI_HIGH_S003	8.516783865958416	47565.03019601786	1.0477334176847166	0.634020618556701	0.08216432865731463	0.14547604967474867	123.0	1374.0	71.0	1497.0	0.0784438775510204	4.599216695744916	0.6132308108741159	0.5238667088423575
species	CAMI_HIGH_S003	8.516783865958416	47565.03019601786	1.9646749192232738	0.07407407407407407	0.0034883720930232558	0.006662965019433647	18.0	5142.0	225.0	5160.0	0.003342618384401114	6.161415150554919	0.7112172926981293	0.9823374596116318
strain	CAMI_HIGH_S003	8.516783865958416	47565.03019601786	na	0.0	0.0	na	0.0	0.0	1074.0	0.0	0.0	na	na	na
