rank	sample	Weighted UniFrac error	Unweighted UniFrac error	L1 norm error	Completeness (recall)	Purity (precision)	F1 score	True positives	False positives	False negatives	Taxon counts	Jaccard index	Shannon diversity	Shannon equitability	Bray-Curtis distance
superkingdom	CAMI_HIGH_S003	11.57683314618844	10785.637972622613	0.16907507407606887	1.0	1.0	1.0	2.0	0.0	0.0	2.0	1.0	0.3222293241986792	0.4648786480504366	0.08453753703803443
phylum	CAMI_HIGH_S003	11.57683314618844	10785.637972622613	0.7357182623426936	0.4166666666666667	1.0	0.5882352941176471	5.0	0.0	7.0	5.0	0.4166666666666667	0.6785168046918867	0.42158619444083034	0.36785913117134683
class	CAMI_HIGH_S003	11.57683314618844	10785.637972622613	1.4897954472051995	0.5714285714285714	0.8	0.6666666666666666	12.0	3.0	9.0	15.0	0.5	1.327967910327833	0.49037787770231644	0.7448977236025999
order	CAMI_HIGH_S003	11.57683314618844	10785.637972622613	1.2626390021978464	0.575	0.7666666666666667	0.6571428571428571	23.0	7.0	17.0	30.0	0.48936170212765956	2.190890312460602	0.6441526517317028	0.6313195010989233
family	CAMI_HIGH_S003	11.57683314618844	10785.637972622613	1.6324491354809805	0.4659090909090909	0.8367346938775511	0.5985401459854014	41.0	8.0	47.0	49.0	0.4270833333333333	1.6709249712036929	0.4293427864629006	0.8162245677404901
genus	CAMI_HIGH_S003	11.57683314618844	10785.637972622613	1.8212399091255695	0.2268041237113402	0.6285714285714286	0.3333333333333333	44.0	26.0	150.0	70.0	0.2	1.9479085036117323	0.45696804822316534	0.9106199545627846
species	CAMI_HIGH_S003	11.57683314618844	10785.637972622613	1.9903256861891294	0.00823045267489712	0.021052631578947368	0.01183431952662722	2.0	93.0	241.0	95.0	0.005952380952380952	1.9073868193713854	0.41788810567451345	0.9951628430945644
strain	CAMI_HIGH_S003	11.57683314618844	10785.637972622613	na	0.0	0.0	na	0.0	0.0	1074.0	0.0	0.0	na	na	na
