rank	sample	Weighted UniFrac error	Unweighted UniFrac error	L1 norm error	Completeness (recall)	Purity (precision)	F1 score	True positives	False positives	False negatives	Taxon counts	Jaccard index	Shannon diversity	Shannon equitability	Bray-Curtis distance
superkingdom	CAMI_HIGH_S003	9.667442280875296	10819.383812601802	0.1623262708398228	1.0	1.0	1.0	2.0	0.0	0.0	2.0	1.0	0.3147015319616293	0.45401833952120224	0.0811631354199114
phylum	CAMI_HIGH_S003	9.667442280875296	10819.383812601802	0.5572151417617991	0.5	1.0	0.6666666666666666	6.0	0.0	6.0	6.0	0.5	1.0133921949749825	0.5655849528796312	0.27860757088089955
class	CAMI_HIGH_S003	9.667442280875296	10819.383812601802	0.9815192610640194	0.6190476190476191	1.0	0.7647058823529412	13.0	0.0	8.0	13.0	0.6190476190476191	1.826168631131825	0.7119706382581902	0.4907596305320097
order	CAMI_HIGH_S003	9.667442280875296	10819.383812601802	1.0355956525822907	0.75	1.0	0.8571428571428571	30.0	0.0	10.0	30.0	0.75	2.4628405340837496	0.7241098524191403	0.5177978262911452
family	CAMI_HIGH_S003	9.667442280875296	10819.383812601802	1.2194790354470435	0.6363636363636364	0.9824561403508771	0.7724137931034484	56.0	1.0	32.0	57.0	0.6292134831460674	2.8794445508692164	0.7121959035685048	0.6097395177235219
genus	CAMI_HIGH_S003	9.667442280875296	10819.383812601802	1.4792337518760175	0.31958762886597936	0.7848101265822784	0.45421245421245415	62.0	17.0	132.0	79.0	0.2938388625592417	3.0052696238498413	0.6877916215782378	0.7396168759380086
species	CAMI_HIGH_S003	9.667442280875296	10819.383812601802	1.9637162604737946	0.0205761316872428	0.10869565217391304	0.03460207612456747	5.0	41.0	238.0	46.0	0.017605633802816902	2.2645760173152683	0.5914829263957467	0.9818581302368972
strain	CAMI_HIGH_S003	9.667442280875296	10819.383812601802	na	0.0	0.0	na	0.0	0.0	1074.0	0.0	0.0	na	na	na
