rank	sample	Weighted UniFrac error	Unweighted UniFrac error	L1 norm error	Completeness (recall)	Purity (precision)	F1 score	True positives	False positives	False negatives	Taxon counts	Jaccard index	Shannon diversity	Shannon equitability	Bray-Curtis distance
superkingdom	CAMI_HIGH_S003	7.708553549233659	9611.554456416314	0.006892513437793468	1.0	1.0	1.0	2.0	0.0	0.0	2.0	1.0	0.05929216707963075	0.08554051540934314	0.003446256718896734
phylum	CAMI_HIGH_S003	7.708553549233659	9611.554456416314	0.0659965775846641	0.9166666666666666	1.0	0.9565217391304348	11.0	0.0	1.0	11.0	0.9166666666666666	1.3238508939671305	0.5520887042002388	0.03299828879233204
class	CAMI_HIGH_S003	7.708553549233659	9611.554456416314	0.11323561009260744	0.9523809523809523	0.8695652173913043	0.909090909090909	20.0	3.0	1.0	23.0	0.8333333333333334	2.1395897082823288	0.6823771823314616	0.05661780504630372
order	CAMI_HIGH_S003	7.708553549233659	9611.554456416314	0.6283162040244887	0.9	0.72	0.7999999999999999	36.0	14.0	4.0	50.0	0.6666666666666666	2.967556803862304	0.7585734541296553	0.3141581020122445
family	CAMI_HIGH_S003	7.708553549233659	9611.554456416314	0.27678655699411847	0.8863636363636364	0.8571428571428571	0.8715083798882681	78.0	13.0	10.0	91.0	0.7722772277227723	3.6877382816028685	0.8175245263735623	0.13839327849705918
genus	CAMI_HIGH_S003	7.708553549233659	9611.554456416314	0.40705104167589895	0.8195876288659794	0.8641304347826086	0.8412698412698412	159.0	25.0	35.0	184.0	0.726027397260274	4.498951358563612	0.8627050394627204	0.2035255208379496
species	CAMI_HIGH_S003	7.708553549233659	9611.554456416314	1.822892161854798	0.5020576131687243	0.4178082191780822	0.4560747663551402	122.0	170.0	121.0	292.0	0.29539951573849876	5.244961535234171	0.9239367634964937	0.911446080927399
strain	CAMI_HIGH_S003	7.708553549233659	9611.554456416314	na	0.0	0.0	na	0.0	0.0	1074.0	0.0	0.0	na	na	na
