rank	sample	Weighted UniFrac error	Unweighted UniFrac error	L1 norm error	Completeness (recall)	Purity (precision)	F1 score	True positives	False positives	False negatives	Taxon counts	Jaccard index	Shannon diversity	Shannon equitability	Bray-Curtis distance
superkingdom	CAMI_low_S001	11.294856068617818	33496.670876546035	0.36232515817221933	1.0	0.5	0.6666666666666666	2.0	2.0	0.0	4.0	0.5	0.058217709118935985	0.041995200118902565	0.18116257908610967
phylum	CAMI_low_S001	11.294856068617818	33496.670876546035	0.8917699230105477	1.0	0.13953488372093023	0.24489795918367346	6.0	37.0	0.0	43.0	0.13953488372093023	1.151169914436743	0.30240924104259126	0.44588496150527396
class	CAMI_low_S001	11.294856068617818	33496.670876546035	1.1066044132813462	1.0	0.14634146341463414	0.2553191489361702	12.0	70.0	0.0	82.0	0.14634146341463414	2.1044441156043243	0.47244724662002546	0.5533022066406733
order	CAMI_low_S001	11.294856068617818	33496.670876546035	1.386272758337813	0.9285714285714286	0.07103825136612021	0.1319796954314721	13.0	170.0	1.0	183.0	0.07065217391304347	2.7323341947942414	0.520219335917251	0.6931363791689072
family	CAMI_low_S001	11.294856068617818	33496.670876546035	1.47032071412284	0.8125	0.03282828282828283	0.06310679611650485	13.0	383.0	3.0	396.0	0.03258145363408521	3.176680872787478	0.5131694694883917	0.7351603570614205
genus	CAMI_low_S001	11.294856068617818	33496.670876546035	1.7264976590701582	0.5	0.008314436885865457	0.016356877323420074	11.0	1312.0	11.0	1323.0	0.008245877061469266	3.83016711900392	0.5084771671652689	0.8632488295350782
species	CAMI_low_S001	11.294856068617818	33496.670876546035	1.9444123327014693	0.17391304347826086	0.0008970621215519175	0.0017849174475680501	4.0	4455.0	19.0	4459.0	0.0008932559178204555	5.026319541514452	0.5703113907497729	0.9722061663507765
strain	CAMI_low_S001	11.294856068617818	33496.670876546035	na	0.0	0.0	na	0.0	0.0	60.0	0.0	0.0	na	na	na
