rank	sample	Weighted UniFrac error	Unweighted UniFrac error	L1 norm error	Completeness (recall)	Purity (precision)	F1 score	True positives	False positives	False negatives	Taxon counts	Jaccard index	Shannon diversity	Shannon equitability	Bray-Curtis distance
superkingdom	CAMI_low_S001	7.64771604117667	7134.8977086863515	0.36334514797232154	1.0	0.5	0.6666666666666666	2.0	2.0	0.0	4.0	0.5	0.00404636356172117	0.002918834322064468	0.18167257398616077
phylum	CAMI_low_S001	7.64771604117667	7134.8977086863515	0.30675587860021847	1.0	0.18181818181818182	0.3076923076923077	6.0	27.0	0.0	33.0	0.18181818181818182	1.6588916432439083	0.31460113448136817	0.15337793930010926
class	CAMI_low_S001	7.64771604117667	7134.8977086863515	0.6234231729891211	1.0	0.2222222222222222	0.3636363636363636	12.0	42.0	0.0	54.0	0.2222222222222222	2.260623691022049	0.43040860724244445	0.31171158649456043
order	CAMI_low_S001	7.64771604117667	7134.8977086863515	0.8860959443614108	1.0	0.13592233009708737	0.23931623931623933	14.0	89.0	0.0	103.0	0.13592233009708737	2.4277764438543956	0.404367440079851	0.4430479721807063
family	CAMI_low_S001	7.64771604117667	7134.8977086863515	0.7302000908412063	1.0	0.0851063829787234	0.1568627450980392	16.0	172.0	0.0	188.0	0.0851063829787234	2.421174977294387	0.35801742104466155	0.3651000454206033
genus	CAMI_low_S001	7.64771604117667	7134.8977086863515	0.5933066964272873	1.0	0.056847545219638244	0.1075794621026895	22.0	365.0	0.0	387.0	0.056847545219638244	2.6105051622022053	0.3212095595945837	0.29665334821364425
species	CAMI_low_S001	7.64771604117667	7134.8977086863515	1.5461510147331614	0.8260869565217391	0.028023598820058997	0.05420827389443651	19.0	659.0	4.0	678.0	0.02785923753665689	2.6615662856381332	0.2619864401383651	0.7730755073665906
strain	CAMI_low_S001	7.64771604117667	7134.8977086863515	na	0.0	0.0	na	0.0	0.0	60.0	0.0	0.0	na	na	na
