rank	sample	Weighted UniFrac error	Unweighted UniFrac error	L1 norm error	Completeness (recall)	Purity (precision)	F1 score	True positives	False positives	False negatives	Taxon counts	Jaccard index	Shannon diversity	Shannon equitability	Bray-Curtis distance
superkingdom	peabody	3.3103716190916983	170.09593277077374	0.002640264026402665	1.0	0.5	0.6666666666666666	1.0	1.0	0.0	2.0	0.5	0.010071766575217148	0.014530487691056998	0.0013201320132013327
phylum	peabody	3.3103716190916983	170.09593277077374	0.12941328313689401	1.0	0.75	0.8571428571428571	3.0	1.0	0.0	4.0	0.75	0.8822928598668011	0.6364397667707875	0.06470664156844701
class	peabody	3.3103716190916983	170.09593277077374	0.14791016094162857	1.0	0.8333333333333334	0.9090909090909091	5.0	1.0	0.0	6.0	0.8333333333333334	1.3596151083726173	0.7588156400023834	0.07395508047081428
order	peabody	3.3103716190916983	170.09593277077374	0.16046305975372413	1.0	0.7272727272727273	0.8421052631578948	8.0	3.0	0.0	11.0	0.7272727272727273	1.9618572367991658	0.8181580150953199	0.08023152987686206
family	peabody	3.3103716190916983	170.09593277077374	0.1581640543520243	1.0	0.7272727272727273	0.8421052631578948	8.0	3.0	0.0	11.0	0.7272727272727273	1.9703121646052815	0.8216839938576238	0.07908202717601218
genus	peabody	3.3103716190916983	170.09593277077374	0.17410688040629238	1.0	0.5	0.6666666666666666	8.0	8.0	0.0	16.0	0.5	2.028473233223209	0.7316170685367814	0.08705344020314623
species	peabody	3.3103716190916983	170.09593277077374	1.5295944389601843	0.2727272727272727	0.16666666666666666	0.20689655172413793	3.0	15.0	8.0	18.0	0.11538461538461539	2.3543051754137103	0.8145336906859881	0.7647972194800922
strain	peabody	3.3103716190916983	170.09593277077374	na	0.0	0.0	na	0.0	0.0	11.0	0.0	0.0	na	na	na
