rank	sample	Weighted UniFrac error	Unweighted UniFrac error	L1 norm error	Completeness (recall)	Purity (precision)	F1 score	True positives	False positives	False negatives	Taxon counts	Jaccard index	Shannon diversity	Shannon equitability	Bray-Curtis distance
superkingdom	peabody	3.9133779639291153	124.06261620696728	0.0	1.0	1.0	1.0	1.0	0.0	0.0	1.0	1.0	0.0	0.0	0.0
phylum	peabody	3.9133779639291153	124.06261620696728	0.12286769072662782	1.0	1.0	1.0	3.0	0.0	0.0	3.0	1.0	0.9353375143502117	0.8513808956972051	0.06143384536331391
class	peabody	3.9133779639291153	124.06261620696728	0.20308510826472712	1.0	1.0	1.0	5.0	0.0	0.0	5.0	1.0	1.4504852718776706	0.9012371714817933	0.10154255413236359
order	peabody	3.9133779639291153	124.06261620696728	0.3039362532720956	1.0	0.8888888888888888	0.9411764705882353	8.0	1.0	0.0	9.0	0.8888888888888888	1.9362559592504796	0.8812280634498808	0.15196812663604783
family	peabody	3.9133779639291153	124.06261620696728	0.3024786600744686	1.0	0.8	0.888888888888889	8.0	2.0	0.0	10.0	0.8	1.9501594454740876	0.8469434860009016	0.15123933003723433
genus	peabody	3.9133779639291153	124.06261620696728	0.3225576328289761	1.0	0.6666666666666666	0.8	8.0	4.0	0.0	12.0	0.6666666666666666	1.9924217372464084	0.8018094914818598	0.1612788164144881
species	peabody	3.9133779639291153	124.06261620696728	1.6584526187622188	0.2727272727272727	0.2	0.23076923076923075	3.0	12.0	8.0	15.0	0.13043478260869565	2.2595381302797146	0.8343782287935632	0.8292263093811095
strain	peabody	3.9133779639291153	124.06261620696728	na	0.0	0.0	na	0.0	0.0	11.0	0.0	0.0	na	na	na
