rank	sample	Weighted UniFrac error	Unweighted UniFrac error	L1 norm error	Completeness (recall)	Purity (precision)	F1 score	True positives	False positives	False negatives	Taxon counts	Jaccard index	Shannon diversity	Shannon equitability	Bray-Curtis distance
superkingdom	peabody	7.2800005771511715	343.8619689673169	0.0	1.0	1.0	1.0	1.0	0.0	0.0	1.0	1.0	0.0	0.0	0.0
phylum	peabody	7.2800005771511715	343.8619689673169	0.4471225613789162	1.0	1.0	1.0	3.0	0.0	0.0	3.0	1.0	0.6169141885436895	0.5615394938751308	0.2235612806894581
class	peabody	7.2800005771511715	343.8619689673169	0.4199853999999999	1.0	1.0	1.0	5.0	0.0	0.0	5.0	1.0	1.219283466701174	0.7575834129923906	0.2099927
order	peabody	7.2800005771511715	343.8619689673169	0.3668719117143542	1.0	0.8888888888888888	0.9411764705882353	8.0	1.0	0.0	9.0	0.8888888888888888	1.8037022466176649	0.8209002690131761	0.1834359558571771
family	peabody	7.2800005771511715	343.8619689673169	0.2374783597416874	1.0	0.8	0.888888888888889	8.0	2.0	0.0	10.0	0.8	1.9545201806931054	0.8488373292435623	0.11873917987084372
genus	peabody	7.2800005771511715	343.8619689673169	0.32170043675450316	1.0	0.6153846153846154	0.761904761904762	8.0	5.0	0.0	13.0	0.6153846153846154	1.8483733269655278	0.7206276106733017	0.16085021837725158
species	peabody	7.2800005771511715	343.8619689673169	1.2322766724654024	0.8181818181818182	0.3333333333333333	0.4736842105263157	9.0	18.0	2.0	27.0	0.3103448275862069	2.406213789762334	0.7300767263640328	0.6161383362327015
strain	peabody	7.2800005771511715	343.8619689673169	1.819689818031018	0.45454545454545453	0.2	0.2777777777777778	5.0	20.0	6.0	25.0	0.16129032258064516	2.521217588636046	0.7832602827228601	0.9098449090155089
