rank	sample	Weighted UniFrac error	Unweighted UniFrac error	L1 norm error	Completeness (recall)	Purity (precision)	F1 score	True positives	False positives	False negatives	Taxon counts	Jaccard index	Shannon diversity	Shannon equitability	Bray-Curtis distance
superkingdom	peabody	4.30066370863541	230.38423097234772	0.0	1.0	1.0	1.0	1.0	0.0	0.0	1.0	1.0	0.0	0.0	0.0
phylum	peabody	4.30066370863541	230.38423097234772	0.0909080730276978	1.0	1.0	1.0	3.0	0.0	0.0	3.0	1.0	0.8948158009174201	0.8144964426005464	0.0454540365138489
class	peabody	4.30066370863541	230.38423097234772	0.10568029962031376	1.0	1.0	1.0	5.0	0.0	0.0	5.0	1.0	1.3610354227046115	0.8456588552994835	0.05284014981015688
order	peabody	4.30066370863541	230.38423097234772	0.14487937651493116	1.0	0.8888888888888888	0.9411764705882353	8.0	1.0	0.0	9.0	0.8888888888888888	1.8530880604280768	0.8433767214977393	0.0724396882574656
family	peabody	4.30066370863541	230.38423097234772	0.14962009201091375	1.0	0.8	0.888888888888889	8.0	2.0	0.0	10.0	0.8	1.863442887938719	0.8092829635736453	0.07481004600545689
genus	peabody	4.30066370863541	230.38423097234772	0.16224203281604888	1.0	0.8	0.888888888888889	8.0	2.0	0.0	10.0	0.8	1.8519898167440139	0.8043089579529398	0.08112101640802445
species	peabody	4.30066370863541	230.38423097234772	1.6320775362822164	0.2727272727272727	0.10344827586206896	0.15	3.0	26.0	8.0	29.0	0.08108108108108109	2.8223564641090686	0.8381670653868287	0.8160387681411084
strain	peabody	4.30066370863541	230.38423097234772	2.0	0.0	0.0	na	0.0	29.0	11.0	29.0	0.0	2.8223564641090686	0.8381670653868287	1.0
