tool	sample	Weighted UniFrac error	Unweighted UniFrac error	L1 norm error	Completeness (recall)	Purity (precision)	F1 score	True positives	False positives	False negatives	Taxon counts	Jaccard index	Shannon diversity	Shannon equitability	Bray-Curtis distance
Metalign	CAMI_HIGH_S005	8.679107270789563	13557.969866003139	0.18758512822517873	0.9523809523809523	0.7692307692307693	0.8510638297872339	20.0	6.0	1.0	26.0	0.7407407407407407	2.0992027920655962	0.644303435324345	0.09379256411258935
Bracken_custom	CAMI_HIGH_S005	7.605148292594613	21966.6074078612	0.1274444390032616	1.0	0.2727272727272727	0.42857142857142855	21.0	56.0	0.0	77.0	0.2727272727272727	2.0869079826932655	0.3957724554146739	0.06372221950163086
Bracken_original	CAMI_HIGH_S005	8.379160698303936	31286.976155480323	0.3060029969529966	1.0	0.2625	0.4158415841584159	21.0	59.0	0.0	80.0	0.2625	1.935290496140121	0.43447229581040264	0.1530014984764983
