tool	sample	Weighted UniFrac error	Unweighted UniFrac error	L1 norm error	Completeness (recall)	Purity (precision)	F1 score	True positives	False positives	False negatives	Taxon counts	Jaccard index	Shannon diversity	Shannon equitability	Bray-Curtis distance
Metalign	CAMI_HIGH_S005	8.679107270789563	13557.969866003139	0.3494170060435913	0.9090909090909091	0.7843137254901961	0.8421052631578948	80.0	22.0	8.0	102.0	0.7272727272727273	3.627156544099652	0.7842546736018426	0.1747085030217956
Bracken_custom	CAMI_HIGH_S005	7.605148292594613	21966.6074078612	0.2626810635267027	0.9545454545454546	0.33070866141732286	0.4912280701754386	84.0	170.0	4.0	254.0	0.32558139534883723	3.734281957677107	0.549868971019841	0.13134053176335125
Bracken_original	CAMI_HIGH_S005	8.379160698303936	31286.976155480323	0.5900525145391297	0.9545454545454546	0.22281167108753316	0.36129032258064514	84.0	293.0	4.0	377.0	0.2204724409448819	3.747500740394616	0.6037951979703065	0.2950262572695648
