tool	sample	Weighted UniFrac error	Unweighted UniFrac error	L1 norm error	Completeness (recall)	Purity (precision)	F1 score	True positives	False positives	False negatives	Taxon counts	Jaccard index	Shannon diversity	Shannon equitability	Bray-Curtis distance
Metalign	CAMI_HIGH_S005	8.679107270789563	13557.969866003139	0.48419472246821443	0.8608247422680413	0.7522522522522522	0.8028846153846154	167.0	55.0	27.0	222.0	0.6706827309236948	4.398052423629314	0.8140505369404797	0.24209736123410713
Bracken_custom	CAMI_HIGH_S005	7.605148292594613	21966.6074078612	0.4007266857089214	0.9587628865979382	0.28615384615384615	0.4407582938388626	186.0	464.0	8.0	650.0	0.2826747720364742	4.536788254236468	0.5554977814765722	0.2003633428544614
Bracken_original	CAMI_HIGH_S005	8.379160698303936	31286.976155480323	1.0126195956251736	0.6443298969072165	0.10080645161290322	0.17433751743375173	125.0	1115.0	69.0	1240.0	0.09549274255156608	4.792703414830687	0.6340798833633998	0.50630979781259
