tool	sample	Weighted UniFrac error	Unweighted UniFrac error	L1 norm error	Completeness (recall)	Purity (precision)	F1 score	True positives	False positives	False negatives	Taxon counts	Jaccard index	Shannon diversity	Shannon equitability	Bray-Curtis distance
Metalign	CAMI_HIGH_S005	8.679107270789563	13557.969866003139	0.7254159070599959	0.925	0.6607142857142857	0.7708333333333333	37.0	19.0	3.0	56.0	0.6271186440677966	2.9924721337809093	0.7434063812780528	0.3627079535299979
Bracken_custom	CAMI_HIGH_S005	7.605148292594613	21966.6074078612	0.6480305487990918	1.0	0.272108843537415	0.42780748663101603	40.0	107.0	0.0	147.0	0.272108843537415	3.0481703252095036	0.5058476803914836	0.32401527439954597
Bracken_original	CAMI_HIGH_S005	8.379160698303936	31286.976155480323	0.8768791749400338	1.0	0.22346368715083798	0.365296803652968	40.0	139.0	0.0	179.0	0.22346368715083798	3.0090876889443092	0.5723424322832497	0.43843958747001693
