tool	sample	Weighted UniFrac error	Unweighted UniFrac error	L1 norm error	Completeness (recall)	Purity (precision)	F1 score	True positives	False positives	False negatives	Taxon counts	Jaccard index	Shannon diversity	Shannon equitability	Bray-Curtis distance
Metalign	CAMI_HIGH_S005	8.679107270789563	13557.969866003139	0.08906407947006595	0.9166666666666666	0.8461538461538461	0.8799999999999999	11.0	2.0	1.0	13.0	0.7857142857142857	1.2186729525230295	0.4751255415542076	0.044532039735032974
Bracken_custom	CAMI_HIGH_S005	7.605148292594613	21966.6074078612	0.057500164430857315	1.0	0.2857142857142857	0.4444444444444445	12.0	30.0	0.0	42.0	0.2857142857142857	1.2523244252524266	0.23726737786234448	0.028750082215428664
Bracken_original	CAMI_HIGH_S005	8.379160698303936	31286.976155480323	0.21771995581733655	1.0	0.2926829268292683	0.45283018867924524	12.0	29.0	0.0	41.0	0.2926829268292683	1.1674028888431693	0.3066735997689163	0.10885997790866826
