tool	sample	Weighted UniFrac error	Unweighted UniFrac error	L1 norm error	Completeness (recall)	Purity (precision)	F1 score	True positives	False positives	False negatives	Taxon counts	Jaccard index	Shannon diversity	Shannon equitability	Bray-Curtis distance
Metalign	CAMI_HIGH_S005	8.679107270789563	13557.969866003139	1.7735581097595658	0.6460905349794238	0.1064406779661017	0.18277066356228172	157.0	1318.0	86.0	1475.0	0.1005765534913517	6.29489901001285	0.8627388249720999	0.8867790548797836
Bracken_custom	CAMI_HIGH_S005	7.605148292594613	21966.6074078612	1.7876738714942815	0.6378600823045267	0.05512091038406828	0.10147299509001637	155.0	2657.0	88.0	2812.0	0.05344827586206897	6.078766759497686	0.5933120379400583	0.8938369357471284
Bracken_original	CAMI_HIGH_S005	8.379160698303936	31286.976155480323	1.9684852851947494	0.06584362139917696	0.0038489295164782296	0.007272727272727273	16.0	4141.0	227.0	4157.0	0.0036496350364963502	6.547868742605247	0.738218901585877	0.9842426425973699
