tool	sample	Weighted UniFrac error	Unweighted UniFrac error	L1 norm error	Completeness (recall)	Purity (precision)	F1 score	True positives	False positives	False negatives	Taxon counts	Jaccard index	Shannon diversity	Shannon equitability	Bray-Curtis distance
Metalign	CAMI_HIGH_S005	8.679107270789563	13557.969866003139	0.05667181150745793	1.0	0.5	0.6666666666666666	2.0	2.0	0.0	4.0	0.5	0.17206211596246507	0.12411658071195505	0.028335905753728966
Bracken_custom	CAMI_HIGH_S005	7.605148292594613	21966.6074078612	0.01336092504768732	1.0	0.5	0.6666666666666666	2.0	2.0	0.0	4.0	0.5	0.05685844071050413	0.04101469522286173	0.006680462523843661
Bracken_original	CAMI_HIGH_S005	8.379160698303936	31286.976155480323	0.010098674156320648	1.0	0.5	0.6666666666666666	2.0	2.0	0.0	4.0	0.5	0.1070769273709935	0.07723967605588002	0.005049337078160325
