rank	sample	Weighted UniFrac error	Unweighted UniFrac error	L1 norm error	Completeness (recall)	Purity (precision)	F1 score	True positives	False positives	False negatives	Taxon counts	Jaccard index	Shannon diversity	Shannon equitability	Bray-Curtis distance
superkingdom	CAMI_MED_S001	8.651488928852483	3437.337460630237	0.7125986582986893	1.0	0.75	0.8571428571428571	3.0	1.0	0.0	4.0	0.75	0.022865500873074672	0.016493972358513548	0.35629932914934465
phylum	CAMI_MED_S001	8.651488928852483	3437.337460630237	0.13394421671414727	1.0	0.5	0.6666666666666666	6.0	6.0	0.0	12.0	0.5	0.921151163933088	0.37069849847746833	0.06697210835707365
class	CAMI_MED_S001	8.651488928852483	3437.337460630237	0.18727146703731115	1.0	0.75	0.8571428571428571	15.0	5.0	0.0	20.0	0.75	1.5291381023820263	0.5104388385708217	0.0936357335186556
order	CAMI_MED_S001	8.651488928852483	3437.337460630237	0.5949731351818677	0.9310344827586207	0.6428571428571429	0.7605633802816901	27.0	15.0	2.0	42.0	0.6136363636363636	2.2701246001542734	0.6073636334922756	0.2974865675909337
family	CAMI_MED_S001	8.651488928852483	3437.337460630237	0.46274076951785587	0.9056603773584906	0.6575342465753424	0.761904761904762	48.0	25.0	5.0	73.0	0.6153846153846154	2.9953923279466004	0.698151880709738	0.23137038475892788
genus	CAMI_MED_S001	8.651488928852483	3437.337460630237	0.9519279862933149	0.8873239436619719	0.4772727272727273	0.6206896551724139	63.0	69.0	8.0	132.0	0.45	3.40754682900726	0.6978671023383061	0.4759639931466577
species	CAMI_MED_S001	8.651488928852483	3437.337460630237	1.697232391938757	0.6527777777777778	0.12947658402203857	0.21609195402298853	47.0	316.0	25.0	363.0	0.1211340206185567	4.029089984845406	0.6835450677757952	0.8486161959693781
strain	CAMI_MED_S001	8.651488928852483	3437.337460630237	na	0.0	0.0	na	0.0	0.0	232.0	0.0	0.0	na	na	na
