tool	sample	Weighted UniFrac error	Unweighted UniFrac error	L1 norm error	Completeness (recall)	Purity (precision)	F1 score	True positives	False positives	False negatives	Taxon counts	Jaccard index	Shannon diversity	Shannon equitability	Bray-Curtis distance
Metalign	CAMI_low_S001	8.578845467914759	635.0473644546415	0.6275102266851921	0.8333333333333334	0.9090909090909091	0.8695652173913043	10.0	1.0	2.0	11.0	0.7692307692307693	2.2298143603838416	0.9299048151429996	0.3137551133425961
Bracken_custom	CAMI_low_S001	7.661047871732537	609.1914500616409	0.622265228876799	0.9166666666666666	0.9166666666666666	0.9166666666666666	11.0	1.0	1.0	12.0	0.8461538461538461	2.2479425504296486	0.9046386312425184	0.3111326144383995
Bracken_original	CAMI_low_S001	11.553564076742635	1185.0359087775764	1.108262851947792	0.9166666666666666	0.5238095238095238	0.6666666666666667	11.0	10.0	1.0	21.0	0.5	2.023654501631439	0.6646870052777967	0.554131425973896
