tool	sample	Weighted UniFrac error	Unweighted UniFrac error	L1 norm error	Completeness (recall)	Purity (precision)	F1 score	True positives	False positives	False negatives	Taxon counts	Jaccard index	Shannon diversity	Shannon equitability	Bray-Curtis distance
Metalign	CAMI_low_S001	8.578845467914759	635.0473644546415	0.7213000708490499	0.8125	0.8125	0.8125	13.0	3.0	3.0	16.0	0.6842105263157895	2.2273318795580326	0.8033401642630669	0.36065003542452495
Bracken_custom	CAMI_low_S001	7.661047871732537	609.1914500616409	0.7236354379260972	0.875	0.6363636363636364	0.7368421052631579	14.0	8.0	2.0	22.0	0.5833333333333334	2.3406907137323962	0.7572496169340258	0.36181771896304854
Bracken_original	CAMI_low_S001	11.553564076742635	1185.0359087775764	1.466743012144092	0.75	0.19047619047619047	0.3037974683544304	12.0	51.0	4.0	63.0	0.1791044776119403	2.796426261432939	0.6749542185099275	0.7333715060720456
