tool	sample	Weighted UniFrac error	Unweighted UniFrac error	L1 norm error	Completeness (recall)	Purity (precision)	F1 score	True positives	False positives	False negatives	Taxon counts	Jaccard index	Shannon diversity	Shannon equitability	Bray-Curtis distance
Metalign	CAMI_low_S001	8.578845467914759	635.0473644546415	0.579161343093562	0.7272727272727273	0.8	0.761904761904762	16.0	4.0	6.0	20.0	0.6153846153846154	2.416711581216278	0.8067181445253815	0.2895806715467809
Bracken_custom	CAMI_low_S001	7.661047871732537	609.1914500616409	0.579628846179476	0.7272727272727273	0.6956521739130435	0.711111111111111	16.0	7.0	6.0	23.0	0.5517241379310345	2.4888126803741297	0.7937545117226801	0.2898144230897379
Bracken_original	CAMI_low_S001	11.553564076742635	1185.0359087775764	1.720916221363848	0.4090909090909091	0.10843373493975904	0.17142857142857143	9.0	74.0	13.0	83.0	0.09375	2.8010938716582157	0.6338979203540331	0.8604581106819239
