tool	sample	Weighted UniFrac error	Unweighted UniFrac error	L1 norm error	Completeness (recall)	Purity (precision)	F1 score	True positives	False positives	False negatives	Taxon counts	Jaccard index	Shannon diversity	Shannon equitability	Bray-Curtis distance
Metalign	CAMI_low_S001	8.578845467914759	635.0473644546415	0.8910882087115786	0.7857142857142857	0.7857142857142857	0.7857142857142857	11.0	3.0	3.0	14.0	0.6470588235294118	2.3083295914832793	0.8746795931939095	0.44554410435578945
Bracken_custom	CAMI_low_S001	7.661047871732537	609.1914500616409	0.8827796380712851	0.8571428571428571	0.7058823529411765	0.7741935483870968	12.0	5.0	2.0	17.0	0.631578947368421	2.3839825374020553	0.8414412357627075	0.4413898190356426
Bracken_original	CAMI_low_S001	11.553564076742635	1185.0359087775764	1.3873687979713927	0.8571428571428571	0.2857142857142857	0.42857142857142855	12.0	30.0	2.0	42.0	0.2727272727272727	2.547416867364015	0.6815521775661887	0.6936843989856966
