tool	sample	Weighted UniFrac error	Unweighted UniFrac error	L1 norm error	Completeness (recall)	Purity (precision)	F1 score	True positives	False positives	False negatives	Taxon counts	Jaccard index	Shannon diversity	Shannon equitability	Bray-Curtis distance
Metalign	CAMI_low_S001	8.578845467914759	635.0473644546415	1.5479839052957485	0.6956521739130435	0.7619047619047619	0.7272727272727272	16.0	5.0	7.0	21.0	0.5714285714285714	2.424250629597266	0.7962663042188081	0.7739919526478745
Bracken_custom	CAMI_low_S001	7.661047871732537	609.1914500616409	1.547983905295749	0.6956521739130435	0.5925925925925926	0.6399999999999999	16.0	11.0	7.0	27.0	0.47058823529411764	2.479235581451698	0.7522324927621103	0.7739919526478747
Bracken_original	CAMI_low_S001	11.553564076742635	1185.0359087775764	1.944412332701554	0.17391304347826086	0.07407407407407407	0.10389610389610389	4.0	50.0	19.0	54.0	0.0547945205479452	2.6236818717119395	0.6577318537966391	0.9722061663507766
