tool	sample	Weighted UniFrac error	Unweighted UniFrac error	L1 norm error	Completeness (recall)	Purity (precision)	F1 score	True positives	False positives	False negatives	Taxon counts	Jaccard index	Shannon diversity	Shannon equitability	Bray-Curtis distance
Metalign	CAMI_low_S001	8.578845467914759	635.0473644546415	0.3635051463723374	0.5	1.0	0.6666666666666666	1.0	0.0	1.0	1.0	0.5	0.0	0.0	0.1817525731861687
Bracken_custom	CAMI_low_S001	7.661047871732537	609.1914500616409	0.3635051463723374	0.5	1.0	0.6666666666666666	1.0	0.0	1.0	1.0	0.5	0.0	0.0	0.1817525731861687
Bracken_original	CAMI_low_S001	11.553564076742635	1185.0359087775764	0.3635051463723373	0.5	0.3333333333333333	0.4	1.0	2.0	1.0	3.0	0.25	0.05327247858370592	0.04849069970652723	0.18175257318616864
