rank	sample	Weighted UniFrac error	Unweighted UniFrac error	L1 norm error	Completeness (recall)	Purity (precision)	F1 score	True positives	False positives	False negatives	Taxon counts	Jaccard index	Shannon diversity	Shannon equitability	Bray-Curtis distance
superkingdom	CAMI_HIGH_S004	8.39369777526823	10343.434312871786	0.010551564199632848	1.0	0.6666666666666666	0.8	2.0	1.0	0.0	3.0	0.6666666666666666	0.09767324378305742	0.08890601788322473	0.005275782099816423
phylum	CAMI_HIGH_S004	8.39369777526823	10343.434312871786	0.232328001835587	0.4166666666666667	0.625	0.5	5.0	3.0	7.0	8.0	0.3333333333333333	1.127813728585487	0.5423637577589245	0.11616400091779353
class	CAMI_HIGH_S004	8.39369777526823	10343.434312871786	0.3230424528614931	0.6666666666666666	0.7777777777777778	0.717948717948718	14.0	4.0	7.0	18.0	0.56	1.8876416385599442	0.6530791872717145	0.16152122643074648
order	CAMI_HIGH_S004	8.39369777526823	10343.434312871786	0.8790730414285726	0.7	0.6363636363636364	0.6666666666666666	28.0	16.0	12.0	44.0	0.5	2.896403627375968	0.7653960048447537	0.43953652071428634
family	CAMI_HIGH_S004	8.39369777526823	10343.434312871786	0.5650022764404826	0.6022727272727273	0.726027397260274	0.6583850931677019	53.0	20.0	35.0	73.0	0.49074074074074076	3.535948545169498	0.8241421679126887	0.2825011382202414
genus	CAMI_HIGH_S004	8.39369777526823	10343.434312871786	1.0061942056350888	0.39690721649484534	0.5923076923076923	0.47530864197530864	77.0	53.0	117.0	130.0	0.3117408906882591	4.1736567287649065	0.8574478046835947	0.5030971028175449
species	CAMI_HIGH_S004	8.39369777526823	10343.434312871786	1.9733884677681877	0.0411522633744856	0.05555555555555555	0.04728132387706855	10.0	170.0	233.0	180.0	0.024213075060532687	4.690246271410013	0.9031937691925902	0.9866942338840943
strain	CAMI_HIGH_S004	8.39369777526823	10343.434312871786	na	0.0	0.0	na	0.0	0.0	1074.0	0.0	0.0	na	na	na
