rank	sample	Weighted UniFrac error	Unweighted UniFrac error	L1 norm error	Completeness (recall)	Purity (precision)	F1 score	True positives	False positives	False negatives	Taxon counts	Jaccard index	Shannon diversity	Shannon equitability	Bray-Curtis distance
superkingdom	CAMI_HIGH_S004	8.617893905981246	11251.47679930864	0.02567969473740363	1.0	1.0	1.0	2.0	0.0	0.0	2.0	1.0	0.1194317898759102	0.17230365097846836	0.012839847368701815
phylum	CAMI_HIGH_S004	8.617893905981246	11251.47679930864	0.21836156576612958	0.4166666666666667	1.0	0.5882352941176471	5.0	0.0	7.0	5.0	0.4166666666666667	1.1137020302804643	0.6919819781032192	0.10918078288306485
class	CAMI_HIGH_S004	8.617893905981246	11251.47679930864	0.3158797488721374	0.5714285714285714	1.0	0.7272727272727273	12.0	0.0	9.0	12.0	0.5714285714285714	1.8955912910607478	0.7628420533312469	0.15793987443606874
order	CAMI_HIGH_S004	8.617893905981246	11251.47679930864	0.9158298274708453	0.5	0.7692307692307693	0.6060606060606061	20.0	6.0	20.0	26.0	0.43478260869565216	2.7467475263516943	0.8430528360033461	0.45791491373542265
family	CAMI_HIGH_S004	8.617893905981246	11251.47679930864	0.6036762174941548	0.375	0.9705882352941176	0.540983606557377	33.0	1.0	55.0	34.0	0.3707865168539326	3.2065304162806973	0.9093030601656145	0.30183810874707745
genus	CAMI_HIGH_S004	8.617893905981246	11251.47679930864	1.0699846078384199	0.20103092783505155	0.8478260869565217	0.325	39.0	7.0	155.0	46.0	0.19402985074626866	3.5368712482021936	0.9237927718813107	0.5349923039192104
species	CAMI_HIGH_S004	8.617893905981246	11251.47679930864	1.9837438911523717	0.012345679012345678	0.08333333333333333	0.02150537634408602	3.0	33.0	240.0	36.0	0.010869565217391304	3.3563383728680187	0.9366040560996819	0.991871945576187
strain	CAMI_HIGH_S004	8.617893905981246	11251.47679930864	na	0.0	0.0	na	0.0	0.0	1074.0	0.0	0.0	na	na	na
