rank	sample	Weighted UniFrac error	Unweighted UniFrac error	L1 norm error	Completeness (recall)	Purity (precision)	F1 score	True positives	False positives	False negatives	Taxon counts	Jaccard index	Shannon diversity	Shannon equitability	Bray-Curtis distance
superkingdom	CAMI_HIGH_S004	11.236970619621188	11395.68105468615	0.283591173478814	1.0	1.0	1.0	2.0	0.0	0.0	2.0	1.0	0.4306868214568969	0.6213497414920955	0.141795586739407
phylum	CAMI_HIGH_S004	11.236970619621188	11395.68105468615	0.6940438575659736	0.3333333333333333	1.0	0.5	4.0	0.0	8.0	4.0	0.3333333333333333	0.8533904844453707	0.6155911099255832	0.34702192878298693
class	CAMI_HIGH_S004	11.236970619621188	11395.68105468615	1.3863337199006438	0.42857142857142855	0.8181818181818182	0.5625	9.0	2.0	12.0	11.0	0.391304347826087	1.4304845251390976	0.5965583824141353	0.6931668599503217
order	CAMI_HIGH_S004	11.236970619621188	11395.68105468615	1.2483209714297798	0.4	0.7619047619047619	0.5245901639344264	16.0	5.0	24.0	21.0	0.35555555555555557	2.1135302047971067	0.6942074653841354	0.6241604857148898
family	CAMI_HIGH_S004	11.236970619621188	11395.68105468615	1.54946437968431	0.29545454545454547	0.8666666666666667	0.44067796610169496	26.0	4.0	62.0	30.0	0.2826086956521739	1.8558055194189695	0.5456329966101652	0.774732189842155
genus	CAMI_HIGH_S004	11.236970619621188	11395.68105468615	1.769926537679244	0.12371134020618557	0.6857142857142857	0.20960698689956334	24.0	11.0	170.0	35.0	0.11707317073170732	1.9895383373744977	0.5595903137936477	0.8849632688396224
species	CAMI_HIGH_S004	11.236970619621188	11395.68105468615	1.991639715449793	0.00411522633744856	0.02702702702702703	0.0071428571428571435	1.0	36.0	242.0	37.0	0.0035842293906810036	1.8985766665133477	0.5257878224994172	0.9958198577248961
strain	CAMI_HIGH_S004	11.236970619621188	11395.68105468615	na	0.0	0.0	na	0.0	0.0	1074.0	0.0	0.0	na	na	na
