rank	sample	Weighted UniFrac error	Unweighted UniFrac error	L1 norm error	Completeness (recall)	Purity (precision)	F1 score	True positives	False positives	False negatives	Taxon counts	Jaccard index	Shannon diversity	Shannon equitability	Bray-Curtis distance
superkingdom	CAMI_HIGH_S004	10.193860397137348	10261.396873718491	0.01383042570402561	1.0	1.0	1.0	2.0	0.0	0.0	2.0	1.0	0.03635465211978363	0.052448676326455286	0.006915212852012805
phylum	CAMI_HIGH_S004	10.193860397137348	10261.396873718491	0.18524578783920545	0.5833333333333334	1.0	0.7368421052631579	7.0	0.0	5.0	7.0	0.5833333333333334	1.2890164594001965	0.662423421773086	0.09262289391960274
class	CAMI_HIGH_S004	10.193860397137348	10261.396873718491	0.32160809747695673	0.7142857142857143	0.8333333333333334	0.7692307692307692	15.0	3.0	6.0	18.0	0.625	2.1978730654799556	0.7604118949320683	0.16080404873847837
order	CAMI_HIGH_S004	10.193860397137348	10261.396873718491	0.6702412370262572	0.7	0.7	0.7	28.0	12.0	12.0	40.0	0.5384615384615384	3.02412101019471	0.8197939368341598	0.3351206185131285
family	CAMI_HIGH_S004	10.193860397137348	10261.396873718491	0.33309708338783833	0.6818181818181818	0.8823529411764706	0.7692307692307693	60.0	8.0	28.0	68.0	0.625	3.676726676226226	0.8713638967209263	0.16654854169391922
genus	CAMI_HIGH_S004	10.193860397137348	10261.396873718491	0.516044196476695	0.7010309278350515	0.912751677852349	0.793002915451895	136.0	13.0	58.0	149.0	0.6570048309178744	4.4005796022111925	0.879421826925406	0.2580220982383477
species	CAMI_HIGH_S004	10.193860397137348	10261.396873718491	1.8372749843756924	0.3292181069958848	0.6106870229007634	0.42780748663101603	80.0	51.0	163.0	131.0	0.272108843537415	4.610048764734148	0.9456127535176563	0.9186374921878467
strain	CAMI_HIGH_S004	10.193860397137348	10261.396873718491	2.0000000000000018	0.0	0.0	na	0.0	50.0	1074.0	50.0	0.0	3.331496071406626	0.8516044171478524	1.0
