rank	sample	Weighted UniFrac error	Unweighted UniFrac error	L1 norm error	Completeness (recall)	Purity (precision)	F1 score	True positives	False positives	False negatives	Taxon counts	Jaccard index	Shannon diversity	Shannon equitability	Bray-Curtis distance
superkingdom	CAMI_HIGH_S004	10.193860397137335	10261.396873718488	0.01383042570402561	1.0	1.0	1.0	2.0	0.0	0.0	2.0	1.0	0.03635465211978363	0.052448676326455286	0.006915212852012805
phylum	CAMI_HIGH_S004	10.193860397137335	10261.396873718488	0.18524578783920553	0.5833333333333334	1.0	0.7368421052631579	7.0	0.0	5.0	7.0	0.5833333333333334	1.2890164594001963	0.6624234217730859	0.09262289391960277
class	CAMI_HIGH_S004	10.193860397137335	10261.396873718488	0.32160809747695673	0.7142857142857143	0.8333333333333334	0.7692307692307692	15.0	3.0	6.0	18.0	0.625	2.197873065479956	0.7604118949320684	0.16080404873847834
order	CAMI_HIGH_S004	10.193860397137335	10261.396873718488	0.670241237026257	0.7	0.7	0.7	28.0	12.0	12.0	40.0	0.5384615384615384	3.02412101019471	0.8197939368341598	0.3351206185131287
family	CAMI_HIGH_S004	10.193860397137335	10261.396873718488	0.33309708338783833	0.6818181818181818	0.8823529411764706	0.7692307692307693	60.0	8.0	28.0	68.0	0.625	3.6767266762262265	0.8713638967209264	0.16654854169391922
genus	CAMI_HIGH_S004	10.193860397137335	10261.396873718488	0.5160441964766955	0.7010309278350515	0.912751677852349	0.793002915451895	136.0	13.0	58.0	149.0	0.6570048309178744	4.400579602211189	0.8794218269254053	0.25802209823834765
species	CAMI_HIGH_S004	10.193860397137335	10261.396873718488	1.8372749843756946	0.3292181069958848	0.6106870229007634	0.42780748663101603	80.0	51.0	163.0	131.0	0.272108843537415	4.610048764734148	0.9456127535176563	0.9186374921878468
strain	CAMI_HIGH_S004	10.193860397137335	10261.396873718488	2.000000000000003	0.0	0.0	na	0.0	50.0	1074.0	50.0	0.0	3.3314960714066255	0.8516044171478523	1.0
