rank	sample	Weighted UniFrac error	Unweighted UniFrac error	L1 norm error	Completeness (recall)	Purity (precision)	F1 score	True positives	False positives	False negatives	Taxon counts	Jaccard index	Shannon diversity	Shannon equitability	Bray-Curtis distance
superkingdom	CAMI_HIGH_S004	8.793931311701906	10048.643172304608	0.031249414954229518	1.0	0.5	0.6666666666666666	2.0	2.0	0.0	4.0	0.5	0.12020909536508136	0.08671253287647568	0.015624707477114759
phylum	CAMI_HIGH_S004	8.793931311701906	10048.643172304608	0.07878177350733305	0.6666666666666666	0.8888888888888888	0.761904761904762	8.0	1.0	4.0	9.0	0.6153846153846154	1.2210428679524035	0.5557205579016056	0.039390886753666525
class	CAMI_HIGH_S004	8.793931311701906	10048.643172304608	0.17690891158861227	0.7619047619047619	0.8	0.7804878048780488	16.0	4.0	5.0	20.0	0.64	2.0884126993696217	0.6971292854858591	0.08845445579430611
order	CAMI_HIGH_S004	8.793931311701906	10048.643172304608	0.7075031067904537	0.675	0.7105263157894737	0.6923076923076923	27.0	11.0	13.0	38.0	0.5294117647058824	2.9112792158659286	0.8003327173657685	0.35375155339522657
family	CAMI_HIGH_S004	8.793931311701906	10048.643172304608	0.3280775382377441	0.6022727272727273	0.8548387096774194	0.7066666666666668	53.0	9.0	35.0	62.0	0.5463917525773195	3.5096790991714806	0.85039128163333	0.16403876911887202
genus	CAMI_HIGH_S004	8.793931311701906	10048.643172304608	0.5153027705086438	0.5721649484536082	0.8604651162790697	0.6873065015479876	111.0	18.0	83.0	129.0	0.5235849056603774	4.22837749980024	0.8700701072340323	0.2576513852543218
species	CAMI_HIGH_S004	8.793931311701906	10048.643172304608	1.8281793044252366	0.3004115226337449	0.2579505300353357	0.27756653992395436	73.0	210.0	170.0	283.0	0.16114790286975716	5.4519665085619655	0.9657280650072109	0.914089652212618
strain	CAMI_HIGH_S004	8.793931311701906	10048.643172304608	1.9497701506895504	0.025139664804469275	0.09540636042402827	0.03979366249078851	27.0	256.0	1047.0	283.0	0.02030075187969925	5.451966508561969	0.9657280650072115	0.974885075344774
