rank	sample	Weighted UniFrac error	Unweighted UniFrac error	L1 norm error	Completeness (recall)	Purity (precision)	F1 score	True positives	False positives	False negatives	Taxon counts	Jaccard index	Shannon diversity	Shannon equitability	Bray-Curtis distance
superkingdom	CAMI_HIGH_S004	9.708973999286895	11259.906581736483	0.16348297429597433	1.0	1.0	1.0	2.0	0.0	0.0	2.0	1.0	0.3130386134139046	0.45161925517899754	0.08174148714798717
phylum	CAMI_HIGH_S004	9.708973999286895	11259.906581736483	0.4428456398426715	0.4166666666666667	1.0	0.5882352941176471	5.0	0.0	7.0	5.0	0.4166666666666667	1.1147006590829414	0.6926024610648556	0.22142281992133578
class	CAMI_HIGH_S004	9.708973999286895	11259.906581736483	0.9203540661853806	0.5238095238095238	1.0	0.6875000000000001	11.0	0.0	10.0	11.0	0.5238095238095238	1.9269516894100653	0.8036012711936711	0.4601770330926903
order	CAMI_HIGH_S004	9.708973999286895	11259.906581736483	0.9267939386483616	0.525	1.0	0.6885245901639345	21.0	0.0	19.0	21.0	0.525	2.524585714391909	0.8292222396231368	0.4633969693241809
family	CAMI_HIGH_S004	9.708973999286895	11259.906581736483	1.2032397028752728	0.45454545454545453	1.0	0.625	40.0	0.0	48.0	40.0	0.45454545454545453	2.9693781514395927	0.8049539672889184	0.6016198514376364
genus	CAMI_HIGH_S004	9.708973999286895	11259.906581736483	1.5037998804640313	0.1958762886597938	0.8085106382978723	0.3153526970954356	38.0	9.0	156.0	47.0	0.18719211822660098	3.076980734655239	0.7991851359902633	0.7518999402320158
species	CAMI_HIGH_S004	9.708973999286895	11259.906581736483	1.9707230667126578	0.01646090534979424	0.16666666666666666	0.029962546816479405	4.0	20.0	239.0	24.0	0.015209125475285171	2.3378207863445994	0.7356139672714875	0.9853615333563286
strain	CAMI_HIGH_S004	9.708973999286895	11259.906581736483	na	0.0	0.0	na	0.0	0.0	1074.0	0.0	0.0	na	na	na
