rank	sample	Weighted UniFrac error	Unweighted UniFrac error	L1 norm error	Completeness (recall)	Purity (precision)	F1 score	True positives	False positives	False negatives	Taxon counts	Jaccard index	Shannon diversity	Shannon equitability	Bray-Curtis distance
superkingdom	CAMI_HIGH_S004	7.755053995028327	10040.42116774508	0.005294372502208926	1.0	1.0	1.0	2.0	0.0	0.0	2.0	1.0	0.056940632424614494	0.08214796802407265	0.002647186251104463
phylum	CAMI_HIGH_S004	7.755053995028327	10040.42116774508	0.06655394923853947	0.75	1.0	0.8571428571428571	9.0	0.0	3.0	9.0	0.75	1.2790968963794038	0.5821420848705882	0.03327697461926974
class	CAMI_HIGH_S004	7.755053995028327	10040.42116774508	0.10001704317339435	0.8095238095238095	0.8947368421052632	0.8500000000000001	17.0	2.0	4.0	19.0	0.7391304347826086	2.0800860502121203	0.7064456301964135	0.050008521586697184
order	CAMI_HIGH_S004	7.755053995028327	10040.42116774508	0.6315326789071684	0.8	0.7272727272727273	0.761904761904762	32.0	12.0	8.0	44.0	0.6153846153846154	2.915058890978493	0.7703257957398281	0.3157663394535841
family	CAMI_HIGH_S004	7.755053995028327	10040.42116774508	0.2849397326823341	0.7386363636363636	0.8441558441558441	0.7878787878787878	65.0	12.0	23.0	77.0	0.65	3.604063012465357	0.8297017620387223	0.1424698663411671
genus	CAMI_HIGH_S004	7.755053995028327	10040.42116774508	0.4191496881526446	0.6752577319587629	0.8972602739726028	0.7705882352941177	131.0	15.0	63.0	146.0	0.6267942583732058	4.36588815542861	0.8760499146162589	0.20957484407632238
species	CAMI_HIGH_S004	7.755053995028327	10040.42116774508	1.8259093687780246	0.4609053497942387	0.45901639344262296	0.45995893223819306	112.0	132.0	131.0	244.0	0.2986666666666667	5.1484433080604255	0.9365628078056176	0.9129546843890128
strain	CAMI_HIGH_S004	7.755053995028327	10040.42116774508	na	0.0	0.0	na	0.0	0.0	1074.0	0.0	0.0	na	na	na
